Stn Code,Sampling Date,State,City/Town/Village/Area,Location of Monitoring Station,Agency,Type of Location,SO2,NO2,RSPM/PM10,SPM
144,1/7/2012,Delhi,Delhi,"N.Y. SCHOOL, Sarojini Nagar, Delhi",National Environmental Engineering Research Institute,"Residential, Rural and other Areas",5,54,137,NA
144,1/8/2012,Delhi,Delhi,"N.Y. SCHOOL, Sarojini Nagar, Delhi",National Environmental Engineering Research Institute,"Residential, Rural and other Areas",2,78,179,NA
144,14/01/2012,Delhi,Delhi,"N.Y. SCHOOL, Sarojini Nagar, Delhi",National Environmental Engineering Research Institute,"Residential, Rural and other Areas",7,99,296,NA
144,15/01/2012,Delhi,Delhi,"N.Y. SCHOOL, Sarojini Nagar, Delhi",National Environmental Engineering Research Institute,"Residential, Rural and other Areas",8,101,169,NA
144,16/01/2012,Delhi,Delhi,"N.Y. SCHOOL, Sarojini Nagar, Delhi",National Environmental Engineering Research Institute,"Residential, Rural and other Areas",2,92,161,NA
144,27/01/2012,Delhi,Delhi,"N.Y. SCHOOL, Sarojini Nagar, Delhi",National Environmental Engineering Research Institute,"Residential, Rural and other Areas",7,114,208,NA
144,28/01/2012,Delhi,Delhi,"N.Y. SCHOOL, Sarojini Nagar, Delhi",National Environmental Engineering Research Institute,"Residential, Rural and other Areas",15,104,216,NA
144,29/01/2012,Delhi,Delhi,"N.Y. SCHOOL, Sarojini Nagar, Delhi",National Environmental Engineering Research Institute,"Residential, Rural and other Areas",10,107,207,NA
144,2/1/2012,Delhi,Delhi,"N.Y. SCHOOL, Sarojini Nagar, Delhi",National Environmental Engineering Research Institute,"Residential, Rural and other Areas",8,82,162,NA
144,2/2/2012,Delhi,Delhi,"N.Y. SCHOOL, Sarojini Nagar, Delhi",National Environmental Engineering Research Institute,"Residential, Rural and other Areas",14,93,247,NA
144,2/3/2012,Delhi,Delhi,"N.Y. SCHOOL, Sarojini Nagar, Delhi",National Environmental Engineering Research Institute,"Residential, Rural and other Areas",7,91,183,NA
144,14/02/2012,Delhi,Delhi,"N.Y. SCHOOL, Sarojini Nagar, Delhi",National Environmental Engineering Research Institute,"Residential, Rural and other Areas",14,84,90,NA
144,15/02/2012,Delhi,Delhi,"N.Y. SCHOOL, Sarojini Nagar, Delhi",National Environmental Engineering Research Institute,"Residential, Rural and other Areas",10,90,76,NA
144,16/02/2012,Delhi,Delhi,"N.Y. SCHOOL, Sarojini Nagar, Delhi",National Environmental Engineering Research Institute,"Residential, Rural and other Areas",13,93,131,NA
144,25/02/2012,Delhi,Delhi,"N.Y. SCHOOL, Sarojini Nagar, Delhi",National Environmental Engineering Research Institute,"Residential, Rural and other Areas",10,48,108,NA
144,26/02/2012,Delhi,Delhi,"N.Y. SCHOOL, Sarojini Nagar, Delhi",National Environmental Engineering Research Institute,"Residential, Rural and other Areas",11,64,147,NA
144,14/03/2012,Delhi,Delhi,"N.Y. SCHOOL, Sarojini Nagar, Delhi",National Environmental Engineering Research Institute,"Residential, Rural and other Areas",6,93,135,NA
144,15/03/2012,Delhi,Delhi,"N.Y. SCHOOL, Sarojini Nagar, Delhi",National Environmental Engineering Research Institute,"Residential, Rural and other Areas",8,76,155,NA
144,16/03/2012,Delhi,Delhi,"N.Y. SCHOOL, Sarojini Nagar, Delhi",National Environmental Engineering Research Institute,"Residential, Rural and other Areas",7,102,154,NA
144,20/03/2012,Delhi,Delhi,"N.Y. SCHOOL, Sarojini Nagar, Delhi",National Environmental Engineering Research Institute,"Residential, Rural and other Areas",4,65,414,NA
144,21/03/2012,Delhi,Delhi,"N.Y. SCHOOL, Sarojini Nagar, Delhi",National Environmental Engineering Research Institute,"Residential, Rural and other Areas",3,54,267,NA
144,22/03/2012,Delhi,Delhi,"N.Y. SCHOOL, Sarojini Nagar, Delhi",National Environmental Engineering Research Institute,"Residential, Rural and other Areas",7,59,205,NA
144,24/03/2012,Delhi,Delhi,"N.Y. SCHOOL, Sarojini Nagar, Delhi",National Environmental Engineering Research Institute,"Residential, Rural and other Areas",4,76,193,NA
144,25/03/2012,Delhi,Delhi,"N.Y. SCHOOL, Sarojini Nagar, Delhi",National Environmental Engineering Research Institute,"Residential, Rural and other Areas",2,90,143,NA
144,4/3/2012,Delhi,Delhi,"N.Y. SCHOOL, Sarojini Nagar, Delhi",National Environmental Engineering Research Institute,"Residential, Rural and other Areas",4,94,184,NA
144,4/4/2012,Delhi,Delhi,"N.Y. SCHOOL, Sarojini Nagar, Delhi",National Environmental Engineering Research Institute,"Residential, Rural and other Areas",2,107,115,NA
144,4/5/2012,Delhi,Delhi,"N.Y. SCHOOL, Sarojini Nagar, Delhi",National Environmental Engineering Research Institute,"Residential, Rural and other Areas",3,96,109,NA
144,4/10/2012,Delhi,Delhi,"N.Y. SCHOOL, Sarojini Nagar, Delhi",National Environmental Engineering Research Institute,"Residential, Rural and other Areas",3,88,190,NA
144,4/11/2012,Delhi,Delhi,"N.Y. SCHOOL, Sarojini Nagar, Delhi",National Environmental Engineering Research Institute,"Residential, Rural and other Areas",4,79,73,NA
144,26/04/2012,Delhi,Delhi,"N.Y. SCHOOL, Sarojini Nagar, Delhi",National Environmental Engineering Research Institute,"Residential, Rural and other Areas",3,66,124,NA
144,27/04/2012,Delhi,Delhi,"N.Y. SCHOOL, Sarojini Nagar, Delhi",National Environmental Engineering Research Institute,"Residential, Rural and other Areas",5,48,132,NA
144,28/04/2012,Delhi,Delhi,"N.Y. SCHOOL, Sarojini Nagar, Delhi",National Environmental Engineering Research Institute,"Residential, Rural and other Areas",4,53,213,NA
144,5/9/2012,Delhi,Delhi,"N.Y. SCHOOL, Sarojini Nagar, Delhi",National Environmental Engineering Research Institute,"Residential, Rural and other Areas",2,122,264,NA
144,5/10/2012,Delhi,Delhi,"N.Y. SCHOOL, Sarojini Nagar, Delhi",National Environmental Engineering Research Institute,"Residential, Rural and other Areas",2,60,407,NA
144,5/11/2012,Delhi,Delhi,"N.Y. SCHOOL, Sarojini Nagar, Delhi",National Environmental Engineering Research Institute,"Residential, Rural and other Areas",2,81,170,NA
144,15/05/2012,Delhi,Delhi,"N.Y. SCHOOL, Sarojini Nagar, Delhi",National Environmental Engineering Research Institute,"Residential, Rural and other Areas",2,93,200,NA
144,16/05/2012,Delhi,Delhi,"N.Y. SCHOOL, Sarojini Nagar, Delhi",National Environmental Engineering Research Institute,"Residential, Rural and other Areas",2,88,653,NA
144,17/05/2012,Delhi,Delhi,"N.Y. SCHOOL, Sarojini Nagar, Delhi",National Environmental Engineering Research Institute,"Residential, Rural and other Areas",2,68,735,NA
144,29/05/2012,Delhi,Delhi,"N.Y. SCHOOL, Sarojini Nagar, Delhi",National Environmental Engineering Research Institute,"Residential, Rural and other Areas",2,66,230,NA
144,30/05/2012,Delhi,Delhi,"N.Y. SCHOOL, Sarojini Nagar, Delhi",National Environmental Engineering Research Institute,"Residential, Rural and other Areas",2,53,235,NA
144,6/2/2012,Delhi,Delhi,"N.Y. SCHOOL, Sarojini Nagar, Delhi",National Environmental Engineering Research Institute,"Residential, Rural and other Areas",2,82,343,NA
144,6/3/2012,Delhi,Delhi,"N.Y. SCHOOL, Sarojini Nagar, Delhi",National Environmental Engineering Research Institute,"Residential, Rural and other Areas",2,87,224,NA
144,6/4/2012,Delhi,Delhi,"N.Y. SCHOOL, Sarojini Nagar, Delhi",National Environmental Engineering Research Institute,"Residential, Rural and other Areas",2,76,163,NA
144,6/7/2012,Delhi,Delhi,"N.Y. SCHOOL, Sarojini Nagar, Delhi",National Environmental Engineering Research Institute,"Residential, Rural and other Areas",2,65,185,NA
144,6/8/2012,Delhi,Delhi,"N.Y. SCHOOL, Sarojini Nagar, Delhi",National Environmental Engineering Research Institute,"Residential, Rural and other Areas",2,55,148,NA
144,6/9/2012,Delhi,Delhi,"N.Y. SCHOOL, Sarojini Nagar, Delhi",National Environmental Engineering Research Institute,"Residential, Rural and other Areas",2,50,179,NA
144,28/06/2012,Delhi,Delhi,"N.Y. SCHOOL, Sarojini Nagar, Delhi",National Environmental Engineering Research Institute,"Residential, Rural and other Areas",2,37,307,NA
144,29/06/2012,Delhi,Delhi,"N.Y. SCHOOL, Sarojini Nagar, Delhi",National Environmental Engineering Research Institute,"Residential, Rural and other Areas",2,36,209,NA
144,7/4/2012,Delhi,Delhi,"N.Y. SCHOOL, Sarojini Nagar, Delhi",National Environmental Engineering Research Institute,"Residential, Rural and other Areas",4,45,133,NA
144,7/5/2012,Delhi,Delhi,"N.Y. SCHOOL, Sarojini Nagar, Delhi",National Environmental Engineering Research Institute,"Residential, Rural and other Areas",2,46,136,NA
144,7/6/2012,Delhi,Delhi,"N.Y. SCHOOL, Sarojini Nagar, Delhi",National Environmental Engineering Research Institute,"Residential, Rural and other Areas",2,43,55,NA
144,7/12/2012,Delhi,Delhi,"N.Y. SCHOOL, Sarojini Nagar, Delhi",National Environmental Engineering Research Institute,"Residential, Rural and other Areas",2,71,37,NA
144,13/07/2012,Delhi,Delhi,"N.Y. SCHOOL, Sarojini Nagar, Delhi",National Environmental Engineering Research Institute,"Residential, Rural and other Areas",2,51,46,NA
144,17/07/2012,Delhi,Delhi,"N.Y. SCHOOL, Sarojini Nagar, Delhi",National Environmental Engineering Research Institute,"Residential, Rural and other Areas",2,64,89,NA
144,18/07/2012,Delhi,Delhi,"N.Y. SCHOOL, Sarojini Nagar, Delhi",National Environmental Engineering Research Institute,"Residential, Rural and other Areas",2,51,114,NA
144,19/07/2012,Delhi,Delhi,"N.Y. SCHOOL, Sarojini Nagar, Delhi",National Environmental Engineering Research Institute,"Residential, Rural and other Areas",4,54,138,NA
144,8/2/2012,Delhi,Delhi,"N.Y. SCHOOL, Sarojini Nagar, Delhi",National Environmental Engineering Research Institute,"Residential, Rural and other Areas",2,50,61,NA
144,8/3/2012,Delhi,Delhi,"N.Y. SCHOOL, Sarojini Nagar, Delhi",National Environmental Engineering Research Institute,"Residential, Rural and other Areas",2,59,63,NA
144,8/4/2012,Delhi,Delhi,"N.Y. SCHOOL, Sarojini Nagar, Delhi",National Environmental Engineering Research Institute,"Residential, Rural and other Areas",4,54,54,NA
144,17/08/2012,Delhi,Delhi,"N.Y. SCHOOL, Sarojini Nagar, Delhi",National Environmental Engineering Research Institute,"Residential, Rural and other Areas",2,43,57,NA
144,18/08/2012,Delhi,Delhi,"N.Y. SCHOOL, Sarojini Nagar, Delhi",National Environmental Engineering Research Institute,"Residential, Rural and other Areas",2,47,53,NA
144,19/08/2012,Delhi,Delhi,"N.Y. SCHOOL, Sarojini Nagar, Delhi",National Environmental Engineering Research Institute,"Residential, Rural and other Areas",2,35,69,NA
144,28/08/2012,Delhi,Delhi,"N.Y. SCHOOL, Sarojini Nagar, Delhi",National Environmental Engineering Research Institute,"Residential, Rural and other Areas",2,61,37,NA
144,29/08/2012,Delhi,Delhi,"N.Y. SCHOOL, Sarojini Nagar, Delhi",National Environmental Engineering Research Institute,"Residential, Rural and other Areas",4,39,40,NA
144,9/12/2012,Delhi,Delhi,"N.Y. SCHOOL, Sarojini Nagar, Delhi",National Environmental Engineering Research Institute,"Residential, Rural and other Areas",2,34,63,NA
144,13/09/2012,Delhi,Delhi,"N.Y. SCHOOL, Sarojini Nagar, Delhi",National Environmental Engineering Research Institute,"Residential, Rural and other Areas",2,20,29,NA
144,14/09/2012,Delhi,Delhi,"N.Y. SCHOOL, Sarojini Nagar, Delhi",National Environmental Engineering Research Institute,"Residential, Rural and other Areas",2,21,22,NA
144,18/09/2012,Delhi,Delhi,"N.Y. SCHOOL, Sarojini Nagar, Delhi",National Environmental Engineering Research Institute,"Residential, Rural and other Areas",2,42,47,NA
144,19/09/2012,Delhi,Delhi,"N.Y. SCHOOL, Sarojini Nagar, Delhi",National Environmental Engineering Research Institute,"Residential, Rural and other Areas",2,34,62,NA
144,20/09/2012,Delhi,Delhi,"N.Y. SCHOOL, Sarojini Nagar, Delhi",National Environmental Engineering Research Institute,"Residential, Rural and other Areas",2,44,69,NA
144,28/09/2012,Delhi,Delhi,"N.Y. SCHOOL, Sarojini Nagar, Delhi",National Environmental Engineering Research Institute,"Residential, Rural and other Areas",2,86,94,NA
144,29/09/2012,Delhi,Delhi,"N.Y. SCHOOL, Sarojini Nagar, Delhi",National Environmental Engineering Research Institute,"Residential, Rural and other Areas",2,67,77,NA
144,10/3/2012,Delhi,Delhi,"N.Y. SCHOOL, Sarojini Nagar, Delhi",National Environmental Engineering Research Institute,"Residential, Rural and other Areas",2,100,112,NA
144,10/4/2012,Delhi,Delhi,"N.Y. SCHOOL, Sarojini Nagar, Delhi",National Environmental Engineering Research Institute,"Residential, Rural and other Areas",2,105,119,NA
144,10/5/2012,Delhi,Delhi,"N.Y. SCHOOL, Sarojini Nagar, Delhi",National Environmental Engineering Research Institute,"Residential, Rural and other Areas",2,106,122,NA
144,16/10/2012,Delhi,Delhi,"N.Y. SCHOOL, Sarojini Nagar, Delhi",National Environmental Engineering Research Institute,"Residential, Rural and other Areas",2,98,91,NA
144,17/10/2012,Delhi,Delhi,"N.Y. SCHOOL, Sarojini Nagar, Delhi",National Environmental Engineering Research Institute,"Residential, Rural and other Areas",2,91,153,NA
144,18/10/2012,Delhi,Delhi,"N.Y. SCHOOL, Sarojini Nagar, Delhi",National Environmental Engineering Research Institute,"Residential, Rural and other Areas",3,87,161,NA
144,29/10/2012,Delhi,Delhi,"N.Y. SCHOOL, Sarojini Nagar, Delhi",National Environmental Engineering Research Institute,"Residential, Rural and other Areas",6,120,353,NA
144,30/10/2012,Delhi,Delhi,"N.Y. SCHOOL, Sarojini Nagar, Delhi",National Environmental Engineering Research Institute,"Residential, Rural and other Areas",2,159,325,NA
144,11/6/2012,Delhi,Delhi,"N.Y. SCHOOL, Sarojini Nagar, Delhi",National Environmental Engineering Research Institute,"Residential, Rural and other Areas",9,110,523,NA
144,11/7/2012,Delhi,Delhi,"N.Y. SCHOOL, Sarojini Nagar, Delhi",National Environmental Engineering Research Institute,"Residential, Rural and other Areas",9,99,544,NA
144,11/8/2012,Delhi,Delhi,"N.Y. SCHOOL, Sarojini Nagar, Delhi",National Environmental Engineering Research Institute,"Residential, Rural and other Areas",29,130,232,NA
144,15/11/2012,Delhi,Delhi,"N.Y. SCHOOL, Sarojini Nagar, Delhi",National Environmental Engineering Research Institute,"Residential, Rural and other Areas",12,128,364,NA
144,16/11/2012,Delhi,Delhi,"N.Y. SCHOOL, Sarojini Nagar, Delhi",National Environmental Engineering Research Institute,"Residential, Rural and other Areas",12,136,345,NA
144,17/11/2012,Delhi,Delhi,"N.Y. SCHOOL, Sarojini Nagar, Delhi",National Environmental Engineering Research Institute,"Residential, Rural and other Areas",15,109,257,NA
144,21/11/2012,Delhi,Delhi,"N.Y. SCHOOL, Sarojini Nagar, Delhi",National Environmental Engineering Research Institute,"Residential, Rural and other Areas",4,124,189,NA
144,22/11/2012,Delhi,Delhi,"N.Y. SCHOOL, Sarojini Nagar, Delhi",National Environmental Engineering Research Institute,"Residential, Rural and other Areas",7,115,177,NA
144,12/4/2012,Delhi,Delhi,"N.Y. SCHOOL, Sarojini Nagar, Delhi",National Environmental Engineering Research Institute,"Residential, Rural and other Areas",3,114,214,NA
144,12/5/2012,Delhi,Delhi,"N.Y. SCHOOL, Sarojini Nagar, Delhi",National Environmental Engineering Research Institute,"Residential, Rural and other Areas",4,117,183,NA
144,12/6/2012,Delhi,Delhi,"N.Y. SCHOOL, Sarojini Nagar, Delhi",National Environmental Engineering Research Institute,"Residential, Rural and other Areas",2,114,154,NA
144,20/12/2012,Delhi,Delhi,"N.Y. SCHOOL, Sarojini Nagar, Delhi",National Environmental Engineering Research Institute,"Residential, Rural and other Areas",2,93,175,NA
144,21/12/2012,Delhi,Delhi,"N.Y. SCHOOL, Sarojini Nagar, Delhi",National Environmental Engineering Research Institute,"Residential, Rural and other Areas",2,92,225,NA
144,22/12/2012,Delhi,Delhi,"N.Y. SCHOOL, Sarojini Nagar, Delhi",National Environmental Engineering Research Institute,"Residential, Rural and other Areas",4,96,384,NA
144,26/12/2012,Delhi,Delhi,"N.Y. SCHOOL, Sarojini Nagar, Delhi",National Environmental Engineering Research Institute,"Residential, Rural and other Areas",2,59,369,NA
144,27/12/2012,Delhi,Delhi,"N.Y. SCHOOL, Sarojini Nagar, Delhi",National Environmental Engineering Research Institute,"Residential, Rural and other Areas",7,55,299,NA
146,1/3/2012,Delhi,Delhi,"Town Hall, Ayurvedic Dispensary, Chandni Chowk, Delhi",National Environmental Engineering Research Institute,"Residential, Rural and other Areas",15,115,425,NA
146,1/4/2012,Delhi,Delhi,"Town Hall, Ayurvedic Dispensary, Chandni Chowk, Delhi",National Environmental Engineering Research Institute,"Residential, Rural and other Areas",21,112,415,NA
146,6/5/2012,Delhi,Delhi,"Town Hall, Ayurvedic Dispensary, Chandni Chowk, Delhi",National Environmental Engineering Research Institute,"Residential, Rural and other Areas",13,77,201,NA
146,1/10/2012,Delhi,Delhi,"Town Hall, Ayurvedic Dispensary, Chandni Chowk, Delhi",National Environmental Engineering Research Institute,"Residential, Rural and other Areas",19,95,320,NA
146,1/11/2012,Delhi,Delhi,"Town Hall, Ayurvedic Dispensary, Chandni Chowk, Delhi",National Environmental Engineering Research Institute,"Residential, Rural and other Areas",10,81,427,NA
146,1/12/2012,Delhi,Delhi,"Town Hall, Ayurvedic Dispensary, Chandni Chowk, Delhi",National Environmental Engineering Research Institute,"Residential, Rural and other Areas",12,83,312,NA
146,27/01/2012,Delhi,Delhi,"Town Hall, Ayurvedic Dispensary, Chandni Chowk, Delhi",National Environmental Engineering Research Institute,"Residential, Rural and other Areas",16,115,303,NA
146,28/01/2012,Delhi,Delhi,"Town Hall, Ayurvedic Dispensary, Chandni Chowk, Delhi",National Environmental Engineering Research Institute,"Residential, Rural and other Areas",16,110,245,NA
146,2/7/2012,Delhi,Delhi,"Town Hall, Ayurvedic Dispensary, Chandni Chowk, Delhi",National Environmental Engineering Research Institute,"Residential, Rural and other Areas",14,100,195,NA
146,2/8/2012,Delhi,Delhi,"Town Hall, Ayurvedic Dispensary, Chandni Chowk, Delhi",National Environmental Engineering Research Institute,"Residential, Rural and other Areas",15,100,168,NA
146,2/9/2012,Delhi,Delhi,"Town Hall, Ayurvedic Dispensary, Chandni Chowk, Delhi",National Environmental Engineering Research Institute,"Residential, Rural and other Areas",12,84,222,NA
146,15/02/2012,Delhi,Delhi,"Town Hall, Ayurvedic Dispensary, Chandni Chowk, Delhi",National Environmental Engineering Research Institute,"Residential, Rural and other Areas",10,109,202,NA
146,16/02/2012,Delhi,Delhi,"Town Hall, Ayurvedic Dispensary, Chandni Chowk, Delhi",National Environmental Engineering Research Institute,"Residential, Rural and other Areas",24,110,195,NA
146,17/02/2012,Delhi,Delhi,"Town Hall, Ayurvedic Dispensary, Chandni Chowk, Delhi",National Environmental Engineering Research Institute,"Residential, Rural and other Areas",16,101,233,NA
146,21/02/2012,Delhi,Delhi,"Town Hall, Ayurvedic Dispensary, Chandni Chowk, Delhi",National Environmental Engineering Research Institute,"Residential, Rural and other Areas",18,113,283,NA
146,22/02/2012,Delhi,Delhi,"Town Hall, Ayurvedic Dispensary, Chandni Chowk, Delhi",National Environmental Engineering Research Institute,"Residential, Rural and other Areas",31,107,285,NA
146,3/1/2012,Delhi,Delhi,"Town Hall, Ayurvedic Dispensary, Chandni Chowk, Delhi",National Environmental Engineering Research Institute,"Residential, Rural and other Areas",30,113,283,NA
146,3/2/2012,Delhi,Delhi,"Town Hall, Ayurvedic Dispensary, Chandni Chowk, Delhi",National Environmental Engineering Research Institute,"Residential, Rural and other Areas",21,91,151,NA
146,3/3/2012,Delhi,Delhi,"Town Hall, Ayurvedic Dispensary, Chandni Chowk, Delhi",National Environmental Engineering Research Institute,"Residential, Rural and other Areas",18,96,155,NA
146,14/03/2012,Delhi,Delhi,"Town Hall, Ayurvedic Dispensary, Chandni Chowk, Delhi",National Environmental Engineering Research Institute,"Residential, Rural and other Areas",5,72,166,NA
146,15/03/2012,Delhi,Delhi,"Town Hall, Ayurvedic Dispensary, Chandni Chowk, Delhi",National Environmental Engineering Research Institute,"Residential, Rural and other Areas",11,84,184,NA
146,16/03/2012,Delhi,Delhi,"Town Hall, Ayurvedic Dispensary, Chandni Chowk, Delhi",National Environmental Engineering Research Institute,"Residential, Rural and other Areas",12,102,272,NA
146,27/03/2012,Delhi,Delhi,"Town Hall, Ayurvedic Dispensary, Chandni Chowk, Delhi",National Environmental Engineering Research Institute,"Residential, Rural and other Areas",21,94,314,NA
146,28/03/2012,Delhi,Delhi,"Town Hall, Ayurvedic Dispensary, Chandni Chowk, Delhi",National Environmental Engineering Research Institute,"Residential, Rural and other Areas",14,59,317,NA
146,4/10/2012,Delhi,Delhi,"Town Hall, Ayurvedic Dispensary, Chandni Chowk, Delhi",National Environmental Engineering Research Institute,"Residential, Rural and other Areas",5,96,197,NA
146,4/11/2012,Delhi,Delhi,"Town Hall, Ayurvedic Dispensary, Chandni Chowk, Delhi",National Environmental Engineering Research Institute,"Residential, Rural and other Areas",6,95,149,NA
146,17/04/2012,Delhi,Delhi,"Town Hall, Ayurvedic Dispensary, Chandni Chowk, Delhi",National Environmental Engineering Research Institute,"Residential, Rural and other Areas",2,98,219,NA
146,18/04/2012,Delhi,Delhi,"Town Hall, Ayurvedic Dispensary, Chandni Chowk, Delhi",National Environmental Engineering Research Institute,"Residential, Rural and other Areas",4,87,201,NA
146,19/04/2012,Delhi,Delhi,"Town Hall, Ayurvedic Dispensary, Chandni Chowk, Delhi",National Environmental Engineering Research Institute,"Residential, Rural and other Areas",2,75,227,NA
146,24/04/2012,Delhi,Delhi,"Town Hall, Ayurvedic Dispensary, Chandni Chowk, Delhi",National Environmental Engineering Research Institute,"Residential, Rural and other Areas",7,96,232,NA
146,25/04/2012,Delhi,Delhi,"Town Hall, Ayurvedic Dispensary, Chandni Chowk, Delhi",National Environmental Engineering Research Institute,"Residential, Rural and other Areas",10,95,241,NA
146,26/04/2012,Delhi,Delhi,"Town Hall, Ayurvedic Dispensary, Chandni Chowk, Delhi",National Environmental Engineering Research Institute,"Residential, Rural and other Areas",4,75,220,NA
146,5/2/2012,Delhi,Delhi,"Town Hall, Ayurvedic Dispensary, Chandni Chowk, Delhi",National Environmental Engineering Research Institute,"Residential, Rural and other Areas",4,123,378,NA
146,4/3/2012,Delhi,Delhi,"Town Hall, Ayurvedic Dispensary, Chandni Chowk, Delhi",National Environmental Engineering Research Institute,"Residential, Rural and other Areas",2,121,505,NA
146,5/9/2012,Delhi,Delhi,"Town Hall, Ayurvedic Dispensary, Chandni Chowk, Delhi",National Environmental Engineering Research Institute,"Residential, Rural and other Areas",2,102,343,NA
146,5/10/2012,Delhi,Delhi,"Town Hall, Ayurvedic Dispensary, Chandni Chowk, Delhi",National Environmental Engineering Research Institute,"Residential, Rural and other Areas",2,68,415,NA
146,5/11/2012,Delhi,Delhi,"Town Hall, Ayurvedic Dispensary, Chandni Chowk, Delhi",National Environmental Engineering Research Institute,"Residential, Rural and other Areas",2,104,211,NA
146,23/05/2012,Delhi,Delhi,"Town Hall, Ayurvedic Dispensary, Chandni Chowk, Delhi",National Environmental Engineering Research Institute,"Residential, Rural and other Areas",4,95,437,NA
146,24/05/2012,Delhi,Delhi,"Town Hall, Ayurvedic Dispensary, Chandni Chowk, Delhi",National Environmental Engineering Research Institute,"Residential, Rural and other Areas",4,81,290,NA
146,25/05/2012,Delhi,Delhi,"Town Hall, Ayurvedic Dispensary, Chandni Chowk, Delhi",National Environmental Engineering Research Institute,"Residential, Rural and other Areas",2,59,438,NA
146,19/06/2012,Delhi,Delhi,"Town Hall, Ayurvedic Dispensary, Chandni Chowk, Delhi",National Environmental Engineering Research Institute,"Residential, Rural and other Areas",2,77,312,NA
146,20/06/2012,Delhi,Delhi,"Town Hall, Ayurvedic Dispensary, Chandni Chowk, Delhi",National Environmental Engineering Research Institute,"Residential, Rural and other Areas",2,40,515,NA
146,21/06/2012,Delhi,Delhi,"Town Hall, Ayurvedic Dispensary, Chandni Chowk, Delhi",National Environmental Engineering Research Institute,"Residential, Rural and other Areas",2,42,406,NA
146,22/06/2012,Delhi,Delhi,"Town Hall, Ayurvedic Dispensary, Chandni Chowk, Delhi",National Environmental Engineering Research Institute,"Residential, Rural and other Areas",2,47,372,NA
146,26/06/2012,Delhi,Delhi,"Town Hall, Ayurvedic Dispensary, Chandni Chowk, Delhi",National Environmental Engineering Research Institute,"Residential, Rural and other Areas",2,62,530,NA
146,27/06/2012,Delhi,Delhi,"Town Hall, Ayurvedic Dispensary, Chandni Chowk, Delhi",National Environmental Engineering Research Institute,"Residential, Rural and other Areas",2,83,307,NA
146,28/06/2012,Delhi,Delhi,"Town Hall, Ayurvedic Dispensary, Chandni Chowk, Delhi",National Environmental Engineering Research Institute,"Residential, Rural and other Areas",2,66,295,NA
146,29/06/2012,Delhi,Delhi,"Town Hall, Ayurvedic Dispensary, Chandni Chowk, Delhi",National Environmental Engineering Research Institute,"Residential, Rural and other Areas",2,50,284,NA
146,7/3/2012,Delhi,Delhi,"Town Hall, Ayurvedic Dispensary, Chandni Chowk, Delhi",National Environmental Engineering Research Institute,"Residential, Rural and other Areas",3,43,120,NA
146,7/4/2012,Delhi,Delhi,"Town Hall, Ayurvedic Dispensary, Chandni Chowk, Delhi",National Environmental Engineering Research Institute,"Residential, Rural and other Areas",2,41,154,NA
146,7/5/2012,Delhi,Delhi,"Town Hall, Ayurvedic Dispensary, Chandni Chowk, Delhi",National Environmental Engineering Research Institute,"Residential, Rural and other Areas",2,63,171,NA
146,7/12/2012,Delhi,Delhi,"Town Hall, Ayurvedic Dispensary, Chandni Chowk, Delhi",National Environmental Engineering Research Institute,"Residential, Rural and other Areas",2,49,69,NA
146,13/07/2012,Delhi,Delhi,"Town Hall, Ayurvedic Dispensary, Chandni Chowk, Delhi",National Environmental Engineering Research Institute,"Residential, Rural and other Areas",2,64,98,NA
146,24/07/2012,Delhi,Delhi,"Town Hall, Ayurvedic Dispensary, Chandni Chowk, Delhi",National Environmental Engineering Research Institute,"Residential, Rural and other Areas",2,50,116,NA
146,25/07/2012,Delhi,Delhi,"Town Hall, Ayurvedic Dispensary, Chandni Chowk, Delhi",National Environmental Engineering Research Institute,"Residential, Rural and other Areas",5,50,82,NA
146,26/07/2012,Delhi,Delhi,"Town Hall, Ayurvedic Dispensary, Chandni Chowk, Delhi",National Environmental Engineering Research Institute,"Residential, Rural and other Areas",3,55,110,NA
146,8/2/2012,Delhi,Delhi,"Town Hall, Ayurvedic Dispensary, Chandni Chowk, Delhi",National Environmental Engineering Research Institute,"Residential, Rural and other Areas",2,57,142,NA
146,8/3/2012,Delhi,Delhi,"Town Hall, Ayurvedic Dispensary, Chandni Chowk, Delhi",National Environmental Engineering Research Institute,"Residential, Rural and other Areas",3,67,154,NA
146,8/4/2012,Delhi,Delhi,"Town Hall, Ayurvedic Dispensary, Chandni Chowk, Delhi",National Environmental Engineering Research Institute,"Residential, Rural and other Areas",3,62,86,NA
146,8/7/2012,Delhi,Delhi,"Town Hall, Ayurvedic Dispensary, Chandni Chowk, Delhi",National Environmental Engineering Research Institute,"Residential, Rural and other Areas",2,61,102,NA
146,8/8/2012,Delhi,Delhi,"Town Hall, Ayurvedic Dispensary, Chandni Chowk, Delhi",National Environmental Engineering Research Institute,"Residential, Rural and other Areas",2,54,72,NA
146,8/9/2012,Delhi,Delhi,"Town Hall, Ayurvedic Dispensary, Chandni Chowk, Delhi",National Environmental Engineering Research Institute,"Residential, Rural and other Areas",2,45,64,NA
146,22/08/2012,Delhi,Delhi,"Town Hall, Ayurvedic Dispensary, Chandni Chowk, Delhi",National Environmental Engineering Research Institute,"Residential, Rural and other Areas",3,50,49,NA
146,23/08/2012,Delhi,Delhi,"Town Hall, Ayurvedic Dispensary, Chandni Chowk, Delhi",National Environmental Engineering Research Institute,"Residential, Rural and other Areas",2,50,68,NA
146,9/4/2012,Delhi,Delhi,"Town Hall, Ayurvedic Dispensary, Chandni Chowk, Delhi",National Environmental Engineering Research Institute,"Residential, Rural and other Areas",4,52,106,NA
146,9/5/2012,Delhi,Delhi,"Town Hall, Ayurvedic Dispensary, Chandni Chowk, Delhi",National Environmental Engineering Research Institute,"Residential, Rural and other Areas",2,36,90,NA
146,9/6/2012,Delhi,Delhi,"Town Hall, Ayurvedic Dispensary, Chandni Chowk, Delhi",National Environmental Engineering Research Institute,"Residential, Rural and other Areas",2,27,85,NA
146,18/09/2012,Delhi,Delhi,"Town Hall, Ayurvedic Dispensary, Chandni Chowk, Delhi",National Environmental Engineering Research Institute,"Residential, Rural and other Areas",2,61,79,NA
146,19/09/2012,Delhi,Delhi,"Town Hall, Ayurvedic Dispensary, Chandni Chowk, Delhi",National Environmental Engineering Research Institute,"Residential, Rural and other Areas",2,60,111,NA
146,20/09/2012,Delhi,Delhi,"Town Hall, Ayurvedic Dispensary, Chandni Chowk, Delhi",National Environmental Engineering Research Institute,"Residential, Rural and other Areas",2,66,107,NA
146,25/09/2012,Delhi,Delhi,"Town Hall, Ayurvedic Dispensary, Chandni Chowk, Delhi",National Environmental Engineering Research Institute,"Residential, Rural and other Areas",2,75,163,NA
146,26/09/2012,Delhi,Delhi,"Town Hall, Ayurvedic Dispensary, Chandni Chowk, Delhi",National Environmental Engineering Research Institute,"Residential, Rural and other Areas",2,80,151,NA
146,10/3/2012,Delhi,Delhi,"Town Hall, Ayurvedic Dispensary, Chandni Chowk, Delhi",National Environmental Engineering Research Institute,"Residential, Rural and other Areas",2,119,250,NA
146,10/4/2012,Delhi,Delhi,"Town Hall, Ayurvedic Dispensary, Chandni Chowk, Delhi",National Environmental Engineering Research Institute,"Residential, Rural and other Areas",2,109,284,NA
146,10/5/2012,Delhi,Delhi,"Town Hall, Ayurvedic Dispensary, Chandni Chowk, Delhi",National Environmental Engineering Research Institute,"Residential, Rural and other Areas",3,112,241,NA
146,10/9/2012,Delhi,Delhi,"Town Hall, Ayurvedic Dispensary, Chandni Chowk, Delhi",National Environmental Engineering Research Institute,"Residential, Rural and other Areas",5,128,248,NA
146,10/10/2012,Delhi,Delhi,"Town Hall, Ayurvedic Dispensary, Chandni Chowk, Delhi",National Environmental Engineering Research Institute,"Residential, Rural and other Areas",11,132,255,NA
146,25/10/2012,Delhi,Delhi,"Town Hall, Ayurvedic Dispensary, Chandni Chowk, Delhi",National Environmental Engineering Research Institute,"Residential, Rural and other Areas",2,141,339,NA
146,26/10/2012,Delhi,Delhi,"Town Hall, Ayurvedic Dispensary, Chandni Chowk, Delhi",National Environmental Engineering Research Institute,"Residential, Rural and other Areas",5,189,329,NA
146,27/10/2012,Delhi,Delhi,"Town Hall, Ayurvedic Dispensary, Chandni Chowk, Delhi",National Environmental Engineering Research Institute,"Residential, Rural and other Areas",13,153,322,NA
146,11/1/2012,Delhi,Delhi,"Town Hall, Ayurvedic Dispensary, Chandni Chowk, Delhi",National Environmental Engineering Research Institute,"Residential, Rural and other Areas",4,123,453,NA
146,11/2/2012,Delhi,Delhi,"Town Hall, Ayurvedic Dispensary, Chandni Chowk, Delhi",National Environmental Engineering Research Institute,"Residential, Rural and other Areas",5,128,496,NA
146,11/6/2012,Delhi,Delhi,"Town Hall, Ayurvedic Dispensary, Chandni Chowk, Delhi",National Environmental Engineering Research Institute,"Residential, Rural and other Areas",4,134,589,NA
146,11/7/2012,Delhi,Delhi,"Town Hall, Ayurvedic Dispensary, Chandni Chowk, Delhi",National Environmental Engineering Research Institute,"Residential, Rural and other Areas",5,131,577,NA
146,11/8/2012,Delhi,Delhi,"Town Hall, Ayurvedic Dispensary, Chandni Chowk, Delhi",National Environmental Engineering Research Institute,"Residential, Rural and other Areas",16,119,285,NA
146,15/11/2012,Delhi,Delhi,"Town Hall, Ayurvedic Dispensary, Chandni Chowk, Delhi",National Environmental Engineering Research Institute,"Residential, Rural and other Areas",5,116,450,NA
146,16/11/2012,Delhi,Delhi,"Town Hall, Ayurvedic Dispensary, Chandni Chowk, Delhi",National Environmental Engineering Research Institute,"Residential, Rural and other Areas",7,108,519,NA
146,17/11/2012,Delhi,Delhi,"Town Hall, Ayurvedic Dispensary, Chandni Chowk, Delhi",National Environmental Engineering Research Institute,"Residential, Rural and other Areas",7,91,361,NA
146,12/4/2012,Delhi,Delhi,"Town Hall, Ayurvedic Dispensary, Chandni Chowk, Delhi",National Environmental Engineering Research Institute,"Residential, Rural and other Areas",15,119,273,NA
146,12/5/2012,Delhi,Delhi,"Town Hall, Ayurvedic Dispensary, Chandni Chowk, Delhi",National Environmental Engineering Research Institute,"Residential, Rural and other Areas",12,101,248,NA
146,12/6/2012,Delhi,Delhi,"Town Hall, Ayurvedic Dispensary, Chandni Chowk, Delhi",National Environmental Engineering Research Institute,"Residential, Rural and other Areas",12,106,212,NA
146,12/11/2012,Delhi,Delhi,"Town Hall, Ayurvedic Dispensary, Chandni Chowk, Delhi",National Environmental Engineering Research Institute,"Residential, Rural and other Areas",5,87,201,NA
146,12/12/2012,Delhi,Delhi,"Town Hall, Ayurvedic Dispensary, Chandni Chowk, Delhi",National Environmental Engineering Research Institute,"Residential, Rural and other Areas",4,91,193,NA
146,13/12/2012,Delhi,Delhi,"Town Hall, Ayurvedic Dispensary, Chandni Chowk, Delhi",National Environmental Engineering Research Institute,"Residential, Rural and other Areas",4,101,179,NA
146,29/12/2012,Delhi,Delhi,"Town Hall, Ayurvedic Dispensary, Chandni Chowk, Delhi",National Environmental Engineering Research Institute,"Residential, Rural and other Areas",7,95,387,NA
146,30/12/2012,Delhi,Delhi,"Town Hall, Ayurvedic Dispensary, Chandni Chowk, Delhi",National Environmental Engineering Research Institute,"Residential, Rural and other Areas",2,76,301,NA
345,1/7/2012,Delhi,Delhi,"Mayapuri Industrial Area, Delhi",National Environmental Engineering Research Institute,Industrial Area,10,87,193,NA
345,1/8/2012,Delhi,Delhi,"Mayapuri Industrial Area, Delhi",National Environmental Engineering Research Institute,Industrial Area,17,83,245,NA
345,14/01/2012,Delhi,Delhi,"Mayapuri Industrial Area, Delhi",National Environmental Engineering Research Institute,Industrial Area,43,113,405,NA
345,15/01/2012,Delhi,Delhi,"Mayapuri Industrial Area, Delhi",National Environmental Engineering Research Institute,Industrial Area,10,89,213,NA
345,16/01/2012,Delhi,Delhi,"Mayapuri Industrial Area, Delhi",National Environmental Engineering Research Institute,Industrial Area,15,71,218,NA
345,19/01/2012,Delhi,Delhi,"Mayapuri Industrial Area, Delhi",National Environmental Engineering Research Institute,Industrial Area,21,98,378,NA
345,20/01/2012,Delhi,Delhi,"Mayapuri Industrial Area, Delhi",National Environmental Engineering Research Institute,Industrial Area,24,110,274,NA
345,21/01/2012,Delhi,Delhi,"Mayapuri Industrial Area, Delhi",National Environmental Engineering Research Institute,Industrial Area,29,85,265,NA
345,2/1/2012,Delhi,Delhi,"Mayapuri Industrial Area, Delhi",National Environmental Engineering Research Institute,Industrial Area,8,77,289,NA
345,2/2/2012,Delhi,Delhi,"Mayapuri Industrial Area, Delhi",National Environmental Engineering Research Institute,Industrial Area,17,96,454,NA
345,2/3/2012,Delhi,Delhi,"Mayapuri Industrial Area, Delhi",National Environmental Engineering Research Institute,Industrial Area,25,93,304,NA
345,2/7/2012,Delhi,Delhi,"Mayapuri Industrial Area, Delhi",National Environmental Engineering Research Institute,Industrial Area,25,61,177,NA
345,2/8/2012,Delhi,Delhi,"Mayapuri Industrial Area, Delhi",National Environmental Engineering Research Institute,Industrial Area,39,72,199,NA
345,2/9/2012,Delhi,Delhi,"Mayapuri Industrial Area, Delhi",National Environmental Engineering Research Institute,Industrial Area,34,56,257,NA
345,21/02/2012,Delhi,Delhi,"Mayapuri Industrial Area, Delhi",National Environmental Engineering Research Institute,Industrial Area,30,88,226,NA
345,22/02/2012,Delhi,Delhi,"Mayapuri Industrial Area, Delhi",National Environmental Engineering Research Institute,Industrial Area,45,119,225,NA
345,3/1/2012,Delhi,Delhi,"Mayapuri Industrial Area, Delhi",National Environmental Engineering Research Institute,Industrial Area,35,117,302,NA
345,2/2/2012,Delhi,Delhi,"Mayapuri Industrial Area, Delhi",National Environmental Engineering Research Institute,Industrial Area,49,81,244,NA
345,3/3/2012,Delhi,Delhi,"Mayapuri Industrial Area, Delhi",National Environmental Engineering Research Institute,Industrial Area,34,114,275,NA
345,20/03/2012,Delhi,Delhi,"Mayapuri Industrial Area, Delhi",National Environmental Engineering Research Institute,Industrial Area,14,73,843,NA
345,21/03/2012,Delhi,Delhi,"Mayapuri Industrial Area, Delhi",National Environmental Engineering Research Institute,Industrial Area,28,66,527,NA
345,22/03/2012,Delhi,Delhi,"Mayapuri Industrial Area, Delhi",National Environmental Engineering Research Institute,Industrial Area,26,56,379,NA
345,24/03/2012,Delhi,Delhi,"Mayapuri Industrial Area, Delhi",National Environmental Engineering Research Institute,Industrial Area,11,102,296,NA
345,25/03/2012,Delhi,Delhi,"Mayapuri Industrial Area, Delhi",National Environmental Engineering Research Institute,Industrial Area,4,58,208,NA
345,4/3/2012,Delhi,Delhi,"Mayapuri Industrial Area, Delhi",National Environmental Engineering Research Institute,Industrial Area,6,91,307,NA
345,4/4/2012,Delhi,Delhi,"Mayapuri Industrial Area, Delhi",National Environmental Engineering Research Institute,Industrial Area,2,76,240,NA
345,4/5/2012,Delhi,Delhi,"Mayapuri Industrial Area, Delhi",National Environmental Engineering Research Institute,Industrial Area,4,99,224,NA
345,4/10/2012,Delhi,Delhi,"Mayapuri Industrial Area, Delhi",National Environmental Engineering Research Institute,Industrial Area,5,43,185,NA
345,4/11/2012,Delhi,Delhi,"Mayapuri Industrial Area, Delhi",National Environmental Engineering Research Institute,Industrial Area,8,89,138,NA
345,17/04/2012,Delhi,Delhi,"Mayapuri Industrial Area, Delhi",National Environmental Engineering Research Institute,Industrial Area,7,86,169,NA
345,18/04/2012,Delhi,Delhi,"Mayapuri Industrial Area, Delhi",National Environmental Engineering Research Institute,Industrial Area,8,68,188,NA
345,19/04/2012,Delhi,Delhi,"Mayapuri Industrial Area, Delhi",National Environmental Engineering Research Institute,Industrial Area,9,54,194,NA
345,5/1/2012,Delhi,Delhi,"Mayapuri Industrial Area, Delhi",National Environmental Engineering Research Institute,Industrial Area,3,96,201,NA
345,5/2/2012,Delhi,Delhi,"Mayapuri Industrial Area, Delhi",National Environmental Engineering Research Institute,Industrial Area,6,94,194,NA
345,5/3/2012,Delhi,Delhi,"Mayapuri Industrial Area, Delhi",National Environmental Engineering Research Institute,Industrial Area,2,92,223,NA
345,18/05/2012,Delhi,Delhi,"Mayapuri Industrial Area, Delhi",National Environmental Engineering Research Institute,Industrial Area,2,53,299,NA
345,19/05/2012,Delhi,Delhi,"Mayapuri Industrial Area, Delhi",National Environmental Engineering Research Institute,Industrial Area,7,50,652,NA
345,20/05/2012,Delhi,Delhi,"Mayapuri Industrial Area, Delhi",National Environmental Engineering Research Institute,Industrial Area,9,84,389,NA
345,29/05/2012,Delhi,Delhi,"Mayapuri Industrial Area, Delhi",National Environmental Engineering Research Institute,Industrial Area,3,105,362,NA
345,30/05/2012,Delhi,Delhi,"Mayapuri Industrial Area, Delhi",National Environmental Engineering Research Institute,Industrial Area,4,70,448,NA
345,6/3/2012,Delhi,Delhi,"Mayapuri Industrial Area, Delhi",National Environmental Engineering Research Institute,Industrial Area,4,83,253,NA
345,6/4/2012,Delhi,Delhi,"Mayapuri Industrial Area, Delhi",National Environmental Engineering Research Institute,Industrial Area,4,108,232,NA
345,6/5/2012,Delhi,Delhi,"Mayapuri Industrial Area, Delhi",National Environmental Engineering Research Institute,Industrial Area,5,100,167,NA
345,6/7/2012,Delhi,Delhi,"Mayapuri Industrial Area, Delhi",National Environmental Engineering Research Institute,Industrial Area,12,65,269,NA
345,6/8/2012,Delhi,Delhi,"Mayapuri Industrial Area, Delhi",National Environmental Engineering Research Institute,Industrial Area,8,70,225,NA
345,6/9/2012,Delhi,Delhi,"Mayapuri Industrial Area, Delhi",National Environmental Engineering Research Institute,Industrial Area,4,67,288,NA
345,19/06/2012,Delhi,Delhi,"Mayapuri Industrial Area, Delhi",National Environmental Engineering Research Institute,Industrial Area,5,70,193,NA
345,20/06/2012,Delhi,Delhi,"Mayapuri Industrial Area, Delhi",National Environmental Engineering Research Institute,Industrial Area,2,29,228,NA
345,17/07/2012,Delhi,Delhi,"Mayapuri Industrial Area, Delhi",National Environmental Engineering Research Institute,Industrial Area,4,62,181,NA
345,18/07/2012,Delhi,Delhi,"Mayapuri Industrial Area, Delhi",National Environmental Engineering Research Institute,Industrial Area,10,56,285,NA
345,19/07/2012,Delhi,Delhi,"Mayapuri Industrial Area, Delhi",National Environmental Engineering Research Institute,Industrial Area,11,53,226,NA
345,21/07/2012,Delhi,Delhi,"Mayapuri Industrial Area, Delhi",National Environmental Engineering Research Institute,Industrial Area,3,38,65,NA
345,22/07/2012,Delhi,Delhi,"Mayapuri Industrial Area, Delhi",National Environmental Engineering Research Institute,Industrial Area,3,43,113,NA
345,23/07/2012,Delhi,Delhi,"Mayapuri Industrial Area, Delhi",National Environmental Engineering Research Institute,Industrial Area,5,64,120,NA
345,27/07/2012,Delhi,Delhi,"Mayapuri Industrial Area, Delhi",National Environmental Engineering Research Institute,Industrial Area,2,61,106,NA
345,28/07/2012,Delhi,Delhi,"Mayapuri Industrial Area, Delhi",National Environmental Engineering Research Institute,Industrial Area,4,68,89,NA
345,8/7/2012,Delhi,Delhi,"Mayapuri Industrial Area, Delhi",National Environmental Engineering Research Institute,Industrial Area,2,68,182,NA
345,8/8/2012,Delhi,Delhi,"Mayapuri Industrial Area, Delhi",National Environmental Engineering Research Institute,Industrial Area,3,71,110,NA
345,8/9/2012,Delhi,Delhi,"Mayapuri Industrial Area, Delhi",National Environmental Engineering Research Institute,Industrial Area,2,60,92,NA
345,17/08/2012,Delhi,Delhi,"Mayapuri Industrial Area, Delhi",National Environmental Engineering Research Institute,Industrial Area,2,38,153,NA
345,18/08/2012,Delhi,Delhi,"Mayapuri Industrial Area, Delhi",National Environmental Engineering Research Institute,Industrial Area,2,64,135,NA
345,19/08/2012,Delhi,Delhi,"Mayapuri Industrial Area, Delhi",National Environmental Engineering Research Institute,Industrial Area,2,60,116,NA
345,24/08/2012,Delhi,Delhi,"Mayapuri Industrial Area, Delhi",National Environmental Engineering Research Institute,Industrial Area,2,52,43,NA
345,25/08/2012,Delhi,Delhi,"Mayapuri Industrial Area, Delhi",National Environmental Engineering Research Institute,Industrial Area,2,50,76,NA
345,9/4/2012,Delhi,Delhi,"Mayapuri Industrial Area, Delhi",National Environmental Engineering Research Institute,Industrial Area,2,47,62,NA
345,9/5/2012,Delhi,Delhi,"Mayapuri Industrial Area, Delhi",National Environmental Engineering Research Institute,Industrial Area,2,39,58,NA
345,9/6/2012,Delhi,Delhi,"Mayapuri Industrial Area, Delhi",National Environmental Engineering Research Institute,Industrial Area,2,36,70,NA
345,9/12/2012,Delhi,Delhi,"Mayapuri Industrial Area, Delhi",National Environmental Engineering Research Institute,Industrial Area,2,55,123,NA
345,13/09/2012,Delhi,Delhi,"Mayapuri Industrial Area, Delhi",National Environmental Engineering Research Institute,Industrial Area,2,23,91,NA
345,14/09/2012,Delhi,Delhi,"Mayapuri Industrial Area, Delhi",National Environmental Engineering Research Institute,Industrial Area,2,26,41,NA
345,25/09/2012,Delhi,Delhi,"Mayapuri Industrial Area, Delhi",National Environmental Engineering Research Institute,Industrial Area,2,69,211,NA
345,26/09/2012,Delhi,Delhi,"Mayapuri Industrial Area, Delhi",National Environmental Engineering Research Institute,Industrial Area,2,58,158,NA
345,10/9/2012,Delhi,Delhi,"Mayapuri Industrial Area, Delhi",National Environmental Engineering Research Institute,Industrial Area,18,118,311,NA
345,10/10/2012,Delhi,Delhi,"Mayapuri Industrial Area, Delhi",National Environmental Engineering Research Institute,Industrial Area,15,110,348,NA
345,10/11/2012,Delhi,Delhi,"Mayapuri Industrial Area, Delhi",National Environmental Engineering Research Institute,Industrial Area,6,117,325,NA
345,16/10/2012,Delhi,Delhi,"Mayapuri Industrial Area, Delhi",National Environmental Engineering Research Institute,Industrial Area,9,95,286,NA
345,17/10/2012,Delhi,Delhi,"Mayapuri Industrial Area, Delhi",National Environmental Engineering Research Institute,Industrial Area,18,84,306,NA
345,18/10/2012,Delhi,Delhi,"Mayapuri Industrial Area, Delhi",National Environmental Engineering Research Institute,Industrial Area,13,110,389,NA
345,25/10/2012,Delhi,Delhi,"Mayapuri Industrial Area, Delhi",National Environmental Engineering Research Institute,Industrial Area,3,119,439,NA
345,26/10/2012,Delhi,Delhi,"Mayapuri Industrial Area, Delhi",National Environmental Engineering Research Institute,Industrial Area,8,126,531,NA
345,11/1/2012,Delhi,Delhi,"Mayapuri Industrial Area, Delhi",National Environmental Engineering Research Institute,Industrial Area,6,108,666,NA
345,11/2/2012,Delhi,Delhi,"Mayapuri Industrial Area, Delhi",National Environmental Engineering Research Institute,Industrial Area,5,109,700,NA
345,11/3/2012,Delhi,Delhi,"Mayapuri Industrial Area, Delhi",National Environmental Engineering Research Institute,Industrial Area,7,102,603,NA
345,21/11/2012,Delhi,Delhi,"Mayapuri Industrial Area, Delhi",National Environmental Engineering Research Institute,Industrial Area,12,117,450,NA
345,22/11/2012,Delhi,Delhi,"Mayapuri Industrial Area, Delhi",National Environmental Engineering Research Institute,Industrial Area,19,130,486,NA
345,27/11/2012,Delhi,Delhi,"Mayapuri Industrial Area, Delhi",National Environmental Engineering Research Institute,Industrial Area,6,106,293,NA
345,28/11/2012,Delhi,Delhi,"Mayapuri Industrial Area, Delhi",National Environmental Engineering Research Institute,Industrial Area,3,121,296,NA
345,29/11/2012,Delhi,Delhi,"Mayapuri Industrial Area, Delhi",National Environmental Engineering Research Institute,Industrial Area,6,133,195,NA
345,12/11/2012,Delhi,Delhi,"Mayapuri Industrial Area, Delhi",National Environmental Engineering Research Institute,Industrial Area,17,71,188,NA
345,12/12/2012,Delhi,Delhi,"Mayapuri Industrial Area, Delhi",National Environmental Engineering Research Institute,Industrial Area,15,70,291,NA
345,13/12/2012,Delhi,Delhi,"Mayapuri Industrial Area, Delhi",National Environmental Engineering Research Institute,Industrial Area,7,81,164,NA
345,20/12/2012,Delhi,Delhi,"Mayapuri Industrial Area, Delhi",National Environmental Engineering Research Institute,Industrial Area,3,71,269,NA
345,21/12/2012,Delhi,Delhi,"Mayapuri Industrial Area, Delhi",National Environmental Engineering Research Institute,Industrial Area,3,99,405,NA
345,22/12/2012,Delhi,Delhi,"Mayapuri Industrial Area, Delhi",National Environmental Engineering Research Institute,Industrial Area,5,116,488,NA
345,26/12/2012,Delhi,Delhi,"Mayapuri Industrial Area, Delhi",National Environmental Engineering Research Institute,Industrial Area,3,86,423,NA
345,27/12/2012,Delhi,Delhi,"Mayapuri Industrial Area, Delhi",National Environmental Engineering Research Institute,Industrial Area,9,94,348,NA
