"Stn Code","Sampling Date","State","City/Town/Village/Area","Location of Monitoring Station","Agency","Type of Location","SO2","NO2","RSPM/PM10","PM 2.5"
531,01-01-14,Delhi,Delhi,"Pritampura, Delhi",Central Pollution Control Board,"Residential, Rural and other Areas",4,40,154,NA
531,01-06-14,Delhi,Delhi,"Pritampura, Delhi",Central Pollution Control Board,"Residential, Rural and other Areas",4,41,232,NA
531,01-09-14,Delhi,Delhi,"Pritampura, Delhi",Central Pollution Control Board,"Residential, Rural and other Areas",4,44,402,NA
531,15-01-14,Delhi,Delhi,"Pritampura, Delhi",Central Pollution Control Board,"Residential, Rural and other Areas",4,46,291,NA
531,20-01-14,Delhi,Delhi,"Pritampura, Delhi",Central Pollution Control Board,"Residential, Rural and other Areas",4,41,289,NA
531,23-01-14,Delhi,Delhi,"Pritampura, Delhi",Central Pollution Control Board,"Residential, Rural and other Areas",4,41,192,NA
531,28-01-14,Delhi,Delhi,"Pritampura, Delhi",Central Pollution Control Board,"Residential, Rural and other Areas",4,37,280,NA
531,02-03-14,Delhi,Delhi,"Pritampura, Delhi",Central Pollution Control Board,"Residential, Rural and other Areas",4,37,326,NA
531,02-06-14,Delhi,Delhi,"Pritampura, Delhi",Central Pollution Control Board,"Residential, Rural and other Areas",4,49,297,NA
531,02-11-14,Delhi,Delhi,"Pritampura, Delhi",Central Pollution Control Board,"Residential, Rural and other Areas",4,38,246,NA
531,14-02-14,Delhi,Delhi,"Pritampura, Delhi",Central Pollution Control Board,"Residential, Rural and other Areas",4,50,115,NA
531,19-02-14,Delhi,Delhi,"Pritampura, Delhi",Central Pollution Control Board,"Residential, Rural and other Areas",4,49,263,NA
531,24-02-14,Delhi,Delhi,"Pritampura, Delhi",Central Pollution Control Board,"Residential, Rural and other Areas",4,49,197,NA
531,27-02-14,Delhi,Delhi,"Pritampura, Delhi",Central Pollution Control Board,"Residential, Rural and other Areas",4,51,254,NA
531,03-05-14,Delhi,Delhi,"Pritampura, Delhi",Central Pollution Control Board,"Residential, Rural and other Areas",4,44,135,NA
531,03-10-14,Delhi,Delhi,"Pritampura, Delhi",Central Pollution Control Board,"Residential, Rural and other Areas",4,41,129,NA
531,13-03-14,Delhi,Delhi,"Pritampura, Delhi",Central Pollution Control Board,"Residential, Rural and other Areas",4,45,167,NA
531,24-03-14,Delhi,Delhi,"Pritampura, Delhi",Central Pollution Control Board,"Residential, Rural and other Areas",4,48,220,NA
531,27-03-14,Delhi,Delhi,"Pritampura, Delhi",Central Pollution Control Board,"Residential, Rural and other Areas",4,40,234,NA
531,04-02-14,Delhi,Delhi,"Pritampura, Delhi",Central Pollution Control Board,"Residential, Rural and other Areas",4,44,219,NA
531,04-07-14,Delhi,Delhi,"Pritampura, Delhi",Central Pollution Control Board,"Residential, Rural and other Areas",4,42,130,NA
531,15-04-14,Delhi,Delhi,"Pritampura, Delhi",Central Pollution Control Board,"Residential, Rural and other Areas",4,42,334,NA
531,21-04-14,Delhi,Delhi,"Pritampura, Delhi",Central Pollution Control Board,"Residential, Rural and other Areas",4,41,130,NA
531,24-04-14,Delhi,Delhi,"Pritampura, Delhi",Central Pollution Control Board,"Residential, Rural and other Areas",4,50,163,NA
531,29-04-14,Delhi,Delhi,"Pritampura, Delhi",Central Pollution Control Board,"Residential, Rural and other Areas",4,44,137,NA
531,05-05-14,Delhi,Delhi,"Pritampura, Delhi",Central Pollution Control Board,"Residential, Rural and other Areas",4,45,257,NA
531,05-08-14,Delhi,Delhi,"Pritampura, Delhi",Central Pollution Control Board,"Residential, Rural and other Areas",4,39,210,NA
531,13-05-14,Delhi,Delhi,"Pritampura, Delhi",Central Pollution Control Board,"Residential, Rural and other Areas",4,33,146,NA
531,19-05-14,Delhi,Delhi,"Pritampura, Delhi",Central Pollution Control Board,"Residential, Rural and other Areas",4,36,146,NA
531,22-05-14,Delhi,Delhi,"Pritampura, Delhi",Central Pollution Control Board,"Residential, Rural and other Areas",4,43,109,NA
531,27-05-14,Delhi,Delhi,"Pritampura, Delhi",Central Pollution Control Board,"Residential, Rural and other Areas",4,36,206,NA
531,06-02-14,Delhi,Delhi,"Pritampura, Delhi",Central Pollution Control Board,"Residential, Rural and other Areas",4,47,198,NA
531,06-05-14,Delhi,Delhi,"Pritampura, Delhi",Central Pollution Control Board,"Residential, Rural and other Areas",4,41,215,NA
531,06-10-14,Delhi,Delhi,"Pritampura, Delhi",Central Pollution Control Board,"Residential, Rural and other Areas",4,32,221,NA
531,13-06-14,Delhi,Delhi,"Pritampura, Delhi",Central Pollution Control Board,"Residential, Rural and other Areas",4,34,138,NA
531,18-06-14,Delhi,Delhi,"Pritampura, Delhi",Central Pollution Control Board,"Residential, Rural and other Areas",4,39,203,NA
531,23-06-14,Delhi,Delhi,"Pritampura, Delhi",Central Pollution Control Board,"Residential, Rural and other Areas",4,35,168,NA
531,26-06-14,Delhi,Delhi,"Pritampura, Delhi",Central Pollution Control Board,"Residential, Rural and other Areas",4,37,132,NA
531,07-02-14,Delhi,Delhi,"Pritampura, Delhi",Central Pollution Control Board,"Residential, Rural and other Areas",4,33,224,NA
531,07-07-14,Delhi,Delhi,"Pritampura, Delhi",Central Pollution Control Board,"Residential, Rural and other Areas",4,35,272,NA
531,07-10-14,Delhi,Delhi,"Pritampura, Delhi",Central Pollution Control Board,"Residential, Rural and other Areas",4,37,104,NA
531,15-07-14,Delhi,Delhi,"Pritampura, Delhi",Central Pollution Control Board,"Residential, Rural and other Areas",4,37,124,NA
531,23-07-14,Delhi,Delhi,"Pritampura, Delhi",Central Pollution Control Board,"Residential, Rural and other Areas",4,36,68,NA
531,28-07-14,Delhi,Delhi,"Pritampura, Delhi",Central Pollution Control Board,"Residential, Rural and other Areas",4,38,129,NA
531,08-04-14,Delhi,Delhi,"Pritampura, Delhi",Central Pollution Control Board,"Residential, Rural and other Areas",4,42,111,NA
531,08-07-14,Delhi,Delhi,"Pritampura, Delhi",Central Pollution Control Board,"Residential, Rural and other Areas",4,38,154,NA
531,08-12-14,Delhi,Delhi,"Pritampura, Delhi",Central Pollution Control Board,"Residential, Rural and other Areas",4,35,126,NA
531,19-08-14,Delhi,Delhi,"Pritampura, Delhi",Central Pollution Control Board,"Residential, Rural and other Areas",4,34,146,NA
531,22-08-14,Delhi,Delhi,"Pritampura, Delhi",Central Pollution Control Board,"Residential, Rural and other Areas",4,36,177,NA
531,27-08-14,Delhi,Delhi,"Pritampura, Delhi",Central Pollution Control Board,"Residential, Rural and other Areas",4,32,134,NA
531,09-02-14,Delhi,Delhi,"Pritampura, Delhi",Central Pollution Control Board,"Residential, Rural and other Areas",4,36,174,NA
531,09-05-14,Delhi,Delhi,"Pritampura, Delhi",Central Pollution Control Board,"Residential, Rural and other Areas",4,39,62,NA
531,09-10-14,Delhi,Delhi,"Pritampura, Delhi",Central Pollution Control Board,"Residential, Rural and other Areas",4,41,84,NA
531,15-09-14,Delhi,Delhi,"Pritampura, Delhi",Central Pollution Control Board,"Residential, Rural and other Areas",4,37,80,NA
531,18-09-14,Delhi,Delhi,"Pritampura, Delhi",Central Pollution Control Board,"Residential, Rural and other Areas",4,36,107,NA
531,23-09-14,Delhi,Delhi,"Pritampura, Delhi",Central Pollution Control Board,"Residential, Rural and other Areas",4,38,92,NA
531,26-09-14,Delhi,Delhi,"Pritampura, Delhi",Central Pollution Control Board,"Residential, Rural and other Areas",4,35,101,NA
531,10-07-14,Delhi,Delhi,"Pritampura, Delhi",Central Pollution Control Board,"Residential, Rural and other Areas",4,32,150,NA
531,10-10-14,Delhi,Delhi,"Pritampura, Delhi",Central Pollution Control Board,"Residential, Rural and other Areas",4,37,134,NA
531,15-10-14,Delhi,Delhi,"Pritampura, Delhi",Central Pollution Control Board,"Residential, Rural and other Areas",4,45,115,NA
531,20-10-14,Delhi,Delhi,"Pritampura, Delhi",Central Pollution Control Board,"Residential, Rural and other Areas",4,48,230,NA
531,22-10-14,Delhi,Delhi,"Pritampura, Delhi",Central Pollution Control Board,"Residential, Rural and other Areas",6,82,348,NA
531,27-10-14,Delhi,Delhi,"Pritampura, Delhi",Central Pollution Control Board,"Residential, Rural and other Areas",4,44,209,NA
531,30-10-14,Delhi,Delhi,"Pritampura, Delhi",Central Pollution Control Board,"Residential, Rural and other Areas",4,41,206,NA
531,11-05-14,Delhi,Delhi,"Pritampura, Delhi",Central Pollution Control Board,"Residential, Rural and other Areas",4,38,210,NA
531,11-11-14,Delhi,Delhi,"Pritampura, Delhi",Central Pollution Control Board,"Residential, Rural and other Areas",4,39,236,NA
531,14-11-14,Delhi,Delhi,"Pritampura, Delhi",Central Pollution Control Board,"Residential, Rural and other Areas",4,40,192,NA
531,19-11-14,Delhi,Delhi,"Pritampura, Delhi",Central Pollution Control Board,"Residential, Rural and other Areas",4,36,247,NA
531,24-11-14,Delhi,Delhi,"Pritampura, Delhi",Central Pollution Control Board,"Residential, Rural and other Areas",4,39,215,NA
531,27-11-14,Delhi,Delhi,"Pritampura, Delhi",Central Pollution Control Board,"Residential, Rural and other Areas",4,37,420,NA
531,12-03-14,Delhi,Delhi,"Pritampura, Delhi",Central Pollution Control Board,"Residential, Rural and other Areas",4,39,225,NA
531,12-08-14,Delhi,Delhi,"Pritampura, Delhi",Central Pollution Control Board,"Residential, Rural and other Areas",4,40,189,NA
531,12-11-14,Delhi,Delhi,"Pritampura, Delhi",Central Pollution Control Board,"Residential, Rural and other Areas",4,39,228,NA
531,16-12-14,Delhi,Delhi,"Pritampura, Delhi",Central Pollution Control Board,"Residential, Rural and other Areas",4,36,229,NA
531,19-12-14,Delhi,Delhi,"Pritampura, Delhi",Central Pollution Control Board,"Residential, Rural and other Areas",4,34,382,NA
531,30-12-14,Delhi,Delhi,"Pritampura, Delhi",Central Pollution Control Board,"Residential, Rural and other Areas",4,31,309,NA
60,01-02-14,Delhi,Delhi,"Siri Fort, Delhi",Central Pollution Control Board,"Residential, Rural and other Areas",4,47,107,NA
60,01-07-14,Delhi,Delhi,"Siri Fort, Delhi",Central Pollution Control Board,"Residential, Rural and other Areas",4,45,198,NA
60,01-10-14,Delhi,Delhi,"Siri Fort, Delhi",Central Pollution Control Board,"Residential, Rural and other Areas",4,57,318,NA
60,16-01-14,Delhi,Delhi,"Siri Fort, Delhi",Central Pollution Control Board,"Residential, Rural and other Areas",4,50,458,NA
60,21-01-14,Delhi,Delhi,"Siri Fort, Delhi",Central Pollution Control Board,"Residential, Rural and other Areas",4,26,142,NA
60,24-01-14,Delhi,Delhi,"Siri Fort, Delhi",Central Pollution Control Board,"Residential, Rural and other Areas",4,37,179,NA
60,29-01-14,Delhi,Delhi,"Siri Fort, Delhi",Central Pollution Control Board,"Residential, Rural and other Areas",4,33,180,NA
60,02-04-14,Delhi,Delhi,"Siri Fort, Delhi",Central Pollution Control Board,"Residential, Rural and other Areas",4,46,157,NA
60,02-07-14,Delhi,Delhi,"Siri Fort, Delhi",Central Pollution Control Board,"Residential, Rural and other Areas",4,50,226,NA
60,02-12-14,Delhi,Delhi,"Siri Fort, Delhi",Central Pollution Control Board,"Residential, Rural and other Areas",4,51,234,NA
60,17-02-14,Delhi,Delhi,"Siri Fort, Delhi",Central Pollution Control Board,"Residential, Rural and other Areas",4,52,315,NA
60,20-02-14,Delhi,Delhi,"Siri Fort, Delhi",Central Pollution Control Board,"Residential, Rural and other Areas",4,52,328,NA
60,25-02-14,Delhi,Delhi,"Siri Fort, Delhi",Central Pollution Control Board,"Residential, Rural and other Areas",4,48,215,NA
60,03-03-14,Delhi,Delhi,"Siri Fort, Delhi",Central Pollution Control Board,"Residential, Rural and other Areas",4,46,283,NA
60,03-06-14,Delhi,Delhi,"Siri Fort, Delhi",Central Pollution Control Board,"Residential, Rural and other Areas",4,49,184,NA
60,03-11-14,Delhi,Delhi,"Siri Fort, Delhi",Central Pollution Control Board,"Residential, Rural and other Areas",4,36,145,NA
60,14-03-14,Delhi,Delhi,"Siri Fort, Delhi",Central Pollution Control Board,"Residential, Rural and other Areas",4,48,149,NA
60,20-03-14,Delhi,Delhi,"Siri Fort, Delhi",Central Pollution Control Board,"Residential, Rural and other Areas",4,47,156,NA
60,25-03-14,Delhi,Delhi,"Siri Fort, Delhi",Central Pollution Control Board,"Residential, Rural and other Areas",4,48,170,NA
60,28-03-14,Delhi,Delhi,"Siri Fort, Delhi",Central Pollution Control Board,"Residential, Rural and other Areas",4,56,163,NA
60,04-03-14,Delhi,Delhi,"Siri Fort, Delhi",Central Pollution Control Board,"Residential, Rural and other Areas",4,45,147,NA
60,04-09-14,Delhi,Delhi,"Siri Fort, Delhi",Central Pollution Control Board,"Residential, Rural and other Areas",4,49,183,NA
60,16-04-14,Delhi,Delhi,"Siri Fort, Delhi",Central Pollution Control Board,"Residential, Rural and other Areas",4,42,211,NA
60,22-04-14,Delhi,Delhi,"Siri Fort, Delhi",Central Pollution Control Board,"Residential, Rural and other Areas",4,48,241,NA
60,25-04-14,Delhi,Delhi,"Siri Fort, Delhi",Central Pollution Control Board,"Residential, Rural and other Areas",4,47,202,NA
60,05-01-14,Delhi,Delhi,"Siri Fort, Delhi",Central Pollution Control Board,"Residential, Rural and other Areas",4,35,213,NA
60,05-06-14,Delhi,Delhi,"Siri Fort, Delhi",Central Pollution Control Board,"Residential, Rural and other Areas",4,37,243,NA
60,05-09-14,Delhi,Delhi,"Siri Fort, Delhi",Central Pollution Control Board,"Residential, Rural and other Areas",4,43,229,NA
60,15-05-14,Delhi,Delhi,"Siri Fort, Delhi",Central Pollution Control Board,"Residential, Rural and other Areas",4,32,204,NA
60,20-05-14,Delhi,Delhi,"Siri Fort, Delhi",Central Pollution Control Board,"Residential, Rural and other Areas",4,30,202,NA
60,23-05-14,Delhi,Delhi,"Siri Fort, Delhi",Central Pollution Control Board,"Residential, Rural and other Areas",4,27,189,NA
60,28-05-14,Delhi,Delhi,"Siri Fort, Delhi",Central Pollution Control Board,"Residential, Rural and other Areas",4,31,NA,NA
60,06-03-14,Delhi,Delhi,"Siri Fort, Delhi",Central Pollution Control Board,"Residential, Rural and other Areas",4,36,NA,NA
60,06-06-14,Delhi,Delhi,"Siri Fort, Delhi",Central Pollution Control Board,"Residential, Rural and other Areas",4,34,NA,NA
60,06-11-14,Delhi,Delhi,"Siri Fort, Delhi",Central Pollution Control Board,"Residential, Rural and other Areas",4,27,190,NA
60,16-06-14,Delhi,Delhi,"Siri Fort, Delhi",Central Pollution Control Board,"Residential, Rural and other Areas",4,34,189,NA
60,19-06-14,Delhi,Delhi,"Siri Fort, Delhi",Central Pollution Control Board,"Residential, Rural and other Areas",4,35,175,NA
60,24-06-14,Delhi,Delhi,"Siri Fort, Delhi",Central Pollution Control Board,"Residential, Rural and other Areas",4,42,149,NA
60,27-06-14,Delhi,Delhi,"Siri Fort, Delhi",Central Pollution Control Board,"Residential, Rural and other Areas",4,41,271,NA
60,07-03-14,Delhi,Delhi,"Siri Fort, Delhi",Central Pollution Control Board,"Residential, Rural and other Areas",4,23,128,NA
60,07-08-14,Delhi,Delhi,"Siri Fort, Delhi",Central Pollution Control Board,"Residential, Rural and other Areas",4,28,183,NA
60,07-11-14,Delhi,Delhi,"Siri Fort, Delhi",Central Pollution Control Board,"Residential, Rural and other Areas",4,31,157,NA
60,16-07-14,Delhi,Delhi,"Siri Fort, Delhi",Central Pollution Control Board,"Residential, Rural and other Areas",4,30,163,NA
60,21-07-14,Delhi,Delhi,"Siri Fort, Delhi",Central Pollution Control Board,"Residential, Rural and other Areas",4,26,108,NA
60,24-07-14,Delhi,Delhi,"Siri Fort, Delhi",Central Pollution Control Board,"Residential, Rural and other Areas",4,20,105,NA
60,30-07-14,Delhi,Delhi,"Siri Fort, Delhi",Central Pollution Control Board,"Residential, Rural and other Areas",4,36,168,NA
60,08-05-14,Delhi,Delhi,"Siri Fort, Delhi",Central Pollution Control Board,"Residential, Rural and other Areas",4,35,147,NA
60,08-08-14,Delhi,Delhi,"Siri Fort, Delhi",Central Pollution Control Board,"Residential, Rural and other Areas",4,39,147,NA
60,13-08-14,Delhi,Delhi,"Siri Fort, Delhi",Central Pollution Control Board,"Residential, Rural and other Areas",4,46,141,NA
60,20-08-14,Delhi,Delhi,"Siri Fort, Delhi",Central Pollution Control Board,"Residential, Rural and other Areas",4,38,147,NA
60,09-03-14,Delhi,Delhi,"Siri Fort, Delhi",Central Pollution Control Board,"Residential, Rural and other Areas",4,23,139,NA
60,09-08-14,Delhi,Delhi,"Siri Fort, Delhi",Central Pollution Control Board,"Residential, Rural and other Areas",4,27,NA,NA
60,09-11-14,Delhi,Delhi,"Siri Fort, Delhi",Central Pollution Control Board,"Residential, Rural and other Areas",4,22,NA,NA
60,16-09-14,Delhi,Delhi,"Siri Fort, Delhi",Central Pollution Control Board,"Residential, Rural and other Areas",4,29,NA,NA
60,19-09-14,Delhi,Delhi,"Siri Fort, Delhi",Central Pollution Control Board,"Residential, Rural and other Areas",4,28,129,NA
60,24-09-14,Delhi,Delhi,"Siri Fort, Delhi",Central Pollution Control Board,"Residential, Rural and other Areas",4,39,207,NA
60,29-09-14,Delhi,Delhi,"Siri Fort, Delhi",Central Pollution Control Board,"Residential, Rural and other Areas",4,43,324,NA
60,10-08-14,Delhi,Delhi,"Siri Fort, Delhi",Central Pollution Control Board,"Residential, Rural and other Areas",4,35,266,NA
60,13-10-14,Delhi,Delhi,"Siri Fort, Delhi",Central Pollution Control Board,"Residential, Rural and other Areas",4,32,207,NA
60,16-10-14,Delhi,Delhi,"Siri Fort, Delhi",Central Pollution Control Board,"Residential, Rural and other Areas",4,43,216,NA
60,21-10-14,Delhi,Delhi,"Siri Fort, Delhi",Central Pollution Control Board,"Residential, Rural and other Areas",4,40,159,NA
60,30-10-14,Delhi,Delhi,"Siri Fort, Delhi",Central Pollution Control Board,"Residential, Rural and other Areas",4,42,161,NA
60,11-07-14,Delhi,Delhi,"Siri Fort, Delhi",Central Pollution Control Board,"Residential, Rural and other Areas",4,52,318,NA
60,11-12-14,Delhi,Delhi,"Siri Fort, Delhi",Central Pollution Control Board,"Residential, Rural and other Areas",4,44,240,NA
60,17-11-14,Delhi,Delhi,"Siri Fort, Delhi",Central Pollution Control Board,"Residential, Rural and other Areas",4,52,615,NA
60,20-11-14,Delhi,Delhi,"Siri Fort, Delhi",Central Pollution Control Board,"Residential, Rural and other Areas",4,42,348,NA
60,25-11-14,Delhi,Delhi,"Siri Fort, Delhi",Central Pollution Control Board,"Residential, Rural and other Areas",4,48,187,NA
60,12-01-14,Delhi,Delhi,"Siri Fort, Delhi",Central Pollution Control Board,"Residential, Rural and other Areas",4,38,130,NA
60,12-04-14,Delhi,Delhi,"Siri Fort, Delhi",Central Pollution Control Board,"Residential, Rural and other Areas",4,39,255,NA
60,12-09-14,Delhi,Delhi,"Siri Fort, Delhi",Central Pollution Control Board,"Residential, Rural and other Areas",4,36,218,NA
60,12-12-14,Delhi,Delhi,"Siri Fort, Delhi",Central Pollution Control Board,"Residential, Rural and other Areas",4,43,302,NA
60,17-12-14,Delhi,Delhi,"Siri Fort, Delhi",Central Pollution Control Board,"Residential, Rural and other Areas",4,45,191,NA
60,22-12-14,Delhi,Delhi,"Siri Fort, Delhi",Central Pollution Control Board,"Residential, Rural and other Areas",4,46,224,NA
60,26-12-14,Delhi,Delhi,"Siri Fort, Delhi",Central Pollution Control Board,"Residential, Rural and other Areas",4,46,229,NA
59,01-03-14,Delhi,Delhi,"Janakpuri, Delhi",Central Pollution Control Board,"Residential, Rural and other Areas",4,54,301,NA
59,01-08-14,Delhi,Delhi,"Janakpuri, Delhi",Central Pollution Control Board,"Residential, Rural and other Areas",5,48,354,NA
59,13-01-14,Delhi,Delhi,"Janakpuri, Delhi",Central Pollution Control Board,"Residential, Rural and other Areas",4,46,218,NA
59,17-01-14,Delhi,Delhi,"Janakpuri, Delhi",Central Pollution Control Board,"Residential, Rural and other Areas",4,27,131,NA
59,22-01-14,Delhi,Delhi,"Janakpuri, Delhi",Central Pollution Control Board,"Residential, Rural and other Areas",4,27,119,NA
59,27-01-14,Delhi,Delhi,"Janakpuri, Delhi",Central Pollution Control Board,"Residential, Rural and other Areas",4,32,181,NA
59,30-01-14,Delhi,Delhi,"Janakpuri, Delhi",Central Pollution Control Board,"Residential, Rural and other Areas",4,35,387,NA
59,02-05-14,Delhi,Delhi,"Janakpuri, Delhi",Central Pollution Control Board,"Residential, Rural and other Areas",4,48,287,NA
59,02-10-14,Delhi,Delhi,"Janakpuri, Delhi",Central Pollution Control Board,"Residential, Rural and other Areas",4,49,254,NA
59,13-02-14,Delhi,Delhi,"Janakpuri, Delhi",Central Pollution Control Board,"Residential, Rural and other Areas",4,44,270,NA
59,18-02-14,Delhi,Delhi,"Janakpuri, Delhi",Central Pollution Control Board,"Residential, Rural and other Areas",4,49,327,NA
59,21-02-14,Delhi,Delhi,"Janakpuri, Delhi",Central Pollution Control Board,"Residential, Rural and other Areas",4,51,119,NA
59,26-02-14,Delhi,Delhi,"Janakpuri, Delhi",Central Pollution Control Board,"Residential, Rural and other Areas",4,38,273,NA
59,03-04-14,Delhi,Delhi,"Janakpuri, Delhi",Central Pollution Control Board,"Residential, Rural and other Areas",4,51,146,NA
59,03-07-14,Delhi,Delhi,"Janakpuri, Delhi",Central Pollution Control Board,"Residential, Rural and other Areas",4,51,197,NA
59,03-12-14,Delhi,Delhi,"Janakpuri, Delhi",Central Pollution Control Board,"Residential, Rural and other Areas",4,49,94,NA
59,18-03-14,Delhi,Delhi,"Janakpuri, Delhi",Central Pollution Control Board,"Residential, Rural and other Areas",4,52,108,NA
59,21-03-14,Delhi,Delhi,"Janakpuri, Delhi",Central Pollution Control Board,"Residential, Rural and other Areas",4,56,152,NA
59,26-03-14,Delhi,Delhi,"Janakpuri, Delhi",Central Pollution Control Board,"Residential, Rural and other Areas",4,50,104,NA
59,04-01-14,Delhi,Delhi,"Janakpuri, Delhi",Central Pollution Control Board,"Residential, Rural and other Areas",4,53,115,NA
59,04-04-14,Delhi,Delhi,"Janakpuri, Delhi",Central Pollution Control Board,"Residential, Rural and other Areas",4,40,124,NA
59,04-11-14,Delhi,Delhi,"Janakpuri, Delhi",Central Pollution Control Board,"Residential, Rural and other Areas",4,47,183,NA
59,17-04-14,Delhi,Delhi,"Janakpuri, Delhi",Central Pollution Control Board,"Residential, Rural and other Areas",4,42,190,NA
59,23-04-14,Delhi,Delhi,"Janakpuri, Delhi",Central Pollution Control Board,"Residential, Rural and other Areas",5,59,434,NA
59,28-04-14,Delhi,Delhi,"Janakpuri, Delhi",Central Pollution Control Board,"Residential, Rural and other Areas",4,37,165,NA
59,05-02-14,Delhi,Delhi,"Janakpuri, Delhi",Central Pollution Control Board,"Residential, Rural and other Areas",4,42,296,NA
59,05-07-14,Delhi,Delhi,"Janakpuri, Delhi",Central Pollution Control Board,"Residential, Rural and other Areas",4,42,281,NA
59,05-12-14,Delhi,Delhi,"Janakpuri, Delhi",Central Pollution Control Board,"Residential, Rural and other Areas",4,36,246,NA
59,16-05-14,Delhi,Delhi,"Janakpuri, Delhi",Central Pollution Control Board,"Residential, Rural and other Areas",4,43,204,NA
59,21-05-14,Delhi,Delhi,"Janakpuri, Delhi",Central Pollution Control Board,"Residential, Rural and other Areas",4,36,313,NA
59,26-05-14,Delhi,Delhi,"Janakpuri, Delhi",Central Pollution Control Board,"Residential, Rural and other Areas",4,40,238,NA
59,29-05-14,Delhi,Delhi,"Janakpuri, Delhi",Central Pollution Control Board,"Residential, Rural and other Areas",4,37,212,NA
59,06-04-14,Delhi,Delhi,"Janakpuri, Delhi",Central Pollution Control Board,"Residential, Rural and other Areas",4,31,NA,NA
59,06-09-14,Delhi,Delhi,"Janakpuri, Delhi",Central Pollution Control Board,"Residential, Rural and other Areas",4,38,NA,NA
59,06-12-14,Delhi,Delhi,"Janakpuri, Delhi",Central Pollution Control Board,"Residential, Rural and other Areas",4,32,NA,NA
59,17-06-14,Delhi,Delhi,"Janakpuri, Delhi",Central Pollution Control Board,"Residential, Rural and other Areas",4,36,163,NA
59,20-06-14,Delhi,Delhi,"Janakpuri, Delhi",Central Pollution Control Board,"Residential, Rural and other Areas",4,37,177,NA
59,25-06-14,Delhi,Delhi,"Janakpuri, Delhi",Central Pollution Control Board,"Residential, Rural and other Areas",4,37,159,NA
59,07-01-14,Delhi,Delhi,"Janakpuri, Delhi",Central Pollution Control Board,"Residential, Rural and other Areas",4,50,239,NA
59,07-04-14,Delhi,Delhi,"Janakpuri, Delhi",Central Pollution Control Board,"Residential, Rural and other Areas",4,34,158,NA
59,07-09-14,Delhi,Delhi,"Janakpuri, Delhi",Central Pollution Control Board,"Residential, Rural and other Areas",4,42,182,NA
59,14-07-14,Delhi,Delhi,"Janakpuri, Delhi",Central Pollution Control Board,"Residential, Rural and other Areas",4,42,112,NA
59,17-07-14,Delhi,Delhi,"Janakpuri, Delhi",Central Pollution Control Board,"Residential, Rural and other Areas",4,24,104,NA
59,22-07-14,Delhi,Delhi,"Janakpuri, Delhi",Central Pollution Control Board,"Residential, Rural and other Areas",4,42,128,NA
59,25-07-14,Delhi,Delhi,"Janakpuri, Delhi",Central Pollution Control Board,"Residential, Rural and other Areas",4,41,159,NA
59,08-01-14,Delhi,Delhi,"Janakpuri, Delhi",Central Pollution Control Board,"Residential, Rural and other Areas",4,44,139,NA
59,08-06-14,Delhi,Delhi,"Janakpuri, Delhi",Central Pollution Control Board,"Residential, Rural and other Areas",4,45,125,NA
59,08-11-14,Delhi,Delhi,"Janakpuri, Delhi",Central Pollution Control Board,"Residential, Rural and other Areas",4,44,93,NA
59,14-08-14,Delhi,Delhi,"Janakpuri, Delhi",Central Pollution Control Board,"Residential, Rural and other Areas",4,39,86,NA
59,21-08-14,Delhi,Delhi,"Janakpuri, Delhi",Central Pollution Control Board,"Residential, Rural and other Areas",4,45,134,NA
59,26-08-14,Delhi,Delhi,"Janakpuri, Delhi",Central Pollution Control Board,"Residential, Rural and other Areas",4,40,152,NA
59,09-01-14,Delhi,Delhi,"Janakpuri, Delhi",Central Pollution Control Board,"Residential, Rural and other Areas",4,30,160,NA
59,09-09-14,Delhi,Delhi,"Janakpuri, Delhi",Central Pollution Control Board,"Residential, Rural and other Areas",4,32,93,NA
59,09-12-14,Delhi,Delhi,"Janakpuri, Delhi",Central Pollution Control Board,"Residential, Rural and other Areas",4,33,130,NA
59,17-09-14,Delhi,Delhi,"Janakpuri, Delhi",Central Pollution Control Board,"Residential, Rural and other Areas",4,31,114,NA
59,22-09-14,Delhi,Delhi,"Janakpuri, Delhi",Central Pollution Control Board,"Residential, Rural and other Areas",4,39,185,NA
59,25-09-14,Delhi,Delhi,"Janakpuri, Delhi",Central Pollution Control Board,"Residential, Rural and other Areas",4,37,199,NA
59,10-01-14,Delhi,Delhi,"Janakpuri, Delhi",Central Pollution Control Board,"Residential, Rural and other Areas",4,43,120,NA
59,10-09-14,Delhi,Delhi,"Janakpuri, Delhi",Central Pollution Control Board,"Residential, Rural and other Areas",4,37,130,NA
59,15-10-14,Delhi,Delhi,"Janakpuri, Delhi",Central Pollution Control Board,"Residential, Rural and other Areas",4,42,152,NA
59,17-10-14,Delhi,Delhi,"Janakpuri, Delhi",Central Pollution Control Board,"Residential, Rural and other Areas",4,54,172,NA
59,22-10-14,Delhi,Delhi,"Janakpuri, Delhi",Central Pollution Control Board,"Residential, Rural and other Areas",18,92,304,NA
59,28-10-14,Delhi,Delhi,"Janakpuri, Delhi",Central Pollution Control Board,"Residential, Rural and other Areas",4,38,161,NA
59,11-03-14,Delhi,Delhi,"Janakpuri, Delhi",Central Pollution Control Board,"Residential, Rural and other Areas",4,45,308,NA
59,11-10-14,Delhi,Delhi,"Janakpuri, Delhi",Central Pollution Control Board,"Residential, Rural and other Areas",4,44,332,NA
59,13-11-14,Delhi,Delhi,"Janakpuri, Delhi",Central Pollution Control Board,"Residential, Rural and other Areas",4,46,206,NA
59,18-11-14,Delhi,Delhi,"Janakpuri, Delhi",Central Pollution Control Board,"Residential, Rural and other Areas",4,47,296,NA
59,21-11-14,Delhi,Delhi,"Janakpuri, Delhi",Central Pollution Control Board,"Residential, Rural and other Areas",4,53,219,NA
59,26-11-14,Delhi,Delhi,"Janakpuri, Delhi",Central Pollution Control Board,"Residential, Rural and other Areas",4,45,231,NA
59,12-02-14,Delhi,Delhi,"Janakpuri, Delhi",Central Pollution Control Board,"Residential, Rural and other Areas",4,46,263,NA
59,12-05-14,Delhi,Delhi,"Janakpuri, Delhi",Central Pollution Control Board,"Residential, Rural and other Areas",4,49,235,NA
59,12-10-14,Delhi,Delhi,"Janakpuri, Delhi",Central Pollution Control Board,"Residential, Rural and other Areas",4,47,215,NA
59,15-12-14,Delhi,Delhi,"Janakpuri, Delhi",Central Pollution Control Board,"Residential, Rural and other Areas",4,42,187,NA
59,18-12-14,Delhi,Delhi,"Janakpuri, Delhi",Central Pollution Control Board,"Residential, Rural and other Areas",4,47,311,NA
59,23-12-14,Delhi,Delhi,"Janakpuri, Delhi",Central Pollution Control Board,"Residential, Rural and other Areas",4,47,195,NA
59,29-12-14,Delhi,Delhi,"Janakpuri, Delhi",Central Pollution Control Board,"Residential, Rural and other Areas",4,41,143,NA
55,01-01-14,Delhi,Delhi,"Nizamuddin, Delhi",Central Pollution Control Board,"Residential, Rural and other Areas",4,40,212,NA
55,01-06-14,Delhi,Delhi,"Nizamuddin, Delhi",Central Pollution Control Board,"Residential, Rural and other Areas",4,40,190,NA
55,01-09-14,Delhi,Delhi,"Nizamuddin, Delhi",Central Pollution Control Board,"Residential, Rural and other Areas",4,67,379,NA
55,15-01-14,Delhi,Delhi,"Nizamuddin, Delhi",Central Pollution Control Board,"Residential, Rural and other Areas",5,60,380,NA
55,20-01-14,Delhi,Delhi,"Nizamuddin, Delhi",Central Pollution Control Board,"Residential, Rural and other Areas",4,44,222,NA
55,23-01-14,Delhi,Delhi,"Nizamuddin, Delhi",Central Pollution Control Board,"Residential, Rural and other Areas",4,40,106,NA
55,28-01-14,Delhi,Delhi,"Nizamuddin, Delhi",Central Pollution Control Board,"Residential, Rural and other Areas",4,35,219,NA
55,02-03-14,Delhi,Delhi,"Nizamuddin, Delhi",Central Pollution Control Board,"Residential, Rural and other Areas",4,54,279,NA
55,02-06-14,Delhi,Delhi,"Nizamuddin, Delhi",Central Pollution Control Board,"Residential, Rural and other Areas",5,50,192,NA
55,02-11-14,Delhi,Delhi,"Nizamuddin, Delhi",Central Pollution Control Board,"Residential, Rural and other Areas",4,50,312,NA
55,14-02-14,Delhi,Delhi,"Nizamuddin, Delhi",Central Pollution Control Board,"Residential, Rural and other Areas",4,27,194,NA
55,19-02-14,Delhi,Delhi,"Nizamuddin, Delhi",Central Pollution Control Board,"Residential, Rural and other Areas",4,49,225,NA
55,24-02-14,Delhi,Delhi,"Nizamuddin, Delhi",Central Pollution Control Board,"Residential, Rural and other Areas",4,39,236,NA
55,27-02-14,Delhi,Delhi,"Nizamuddin, Delhi",Central Pollution Control Board,"Residential, Rural and other Areas",4,37,194,NA
55,03-05-14,Delhi,Delhi,"Nizamuddin, Delhi",Central Pollution Control Board,"Residential, Rural and other Areas",4,28,171,NA
55,03-10-14,Delhi,Delhi,"Nizamuddin, Delhi",Central Pollution Control Board,"Residential, Rural and other Areas",4,29,52,NA
55,13-03-14,Delhi,Delhi,"Nizamuddin, Delhi",Central Pollution Control Board,"Residential, Rural and other Areas",4,34,147,NA
55,19-03-14,Delhi,Delhi,"Nizamuddin, Delhi",Central Pollution Control Board,"Residential, Rural and other Areas",4,36,133,NA
55,24-03-14,Delhi,Delhi,"Nizamuddin, Delhi",Central Pollution Control Board,"Residential, Rural and other Areas",4,33,106,NA
55,27-03-14,Delhi,Delhi,"Nizamuddin, Delhi",Central Pollution Control Board,"Residential, Rural and other Areas",4,32,125,NA
55,04-02-14,Delhi,Delhi,"Nizamuddin, Delhi",Central Pollution Control Board,"Residential, Rural and other Areas",4,54,113,NA
55,04-07-14,Delhi,Delhi,"Nizamuddin, Delhi",Central Pollution Control Board,"Residential, Rural and other Areas",4,37,135,NA
55,15-04-14,Delhi,Delhi,"Nizamuddin, Delhi",Central Pollution Control Board,"Residential, Rural and other Areas",4,48,151,NA
55,21-04-14,Delhi,Delhi,"Nizamuddin, Delhi",Central Pollution Control Board,"Residential, Rural and other Areas",4,41,152,NA
55,24-04-14,Delhi,Delhi,"Nizamuddin, Delhi",Central Pollution Control Board,"Residential, Rural and other Areas",4,59,194,NA
55,29-04-14,Delhi,Delhi,"Nizamuddin, Delhi",Central Pollution Control Board,"Residential, Rural and other Areas",4,44,106,NA
55,05-05-14,Delhi,Delhi,"Nizamuddin, Delhi",Central Pollution Control Board,"Residential, Rural and other Areas",4,37,156,NA
55,05-08-14,Delhi,Delhi,"Nizamuddin, Delhi",Central Pollution Control Board,"Residential, Rural and other Areas",4,48,339,NA
55,13-05-14,Delhi,Delhi,"Nizamuddin, Delhi",Central Pollution Control Board,"Residential, Rural and other Areas",4,26,138,NA
55,19-05-14,Delhi,Delhi,"Nizamuddin, Delhi",Central Pollution Control Board,"Residential, Rural and other Areas",4,30,175,NA
55,22-05-14,Delhi,Delhi,"Nizamuddin, Delhi",Central Pollution Control Board,"Residential, Rural and other Areas",4,30,138,NA
55,27-05-14,Delhi,Delhi,"Nizamuddin, Delhi",Central Pollution Control Board,"Residential, Rural and other Areas",4,29,175,NA
55,06-02-14,Delhi,Delhi,"Nizamuddin, Delhi",Central Pollution Control Board,"Residential, Rural and other Areas",4,27,137,NA
55,06-05-14,Delhi,Delhi,"Nizamuddin, Delhi",Central Pollution Control Board,"Residential, Rural and other Areas",4,27,132,NA
55,06-10-14,Delhi,Delhi,"Nizamuddin, Delhi",Central Pollution Control Board,"Residential, Rural and other Areas",4,40,213,NA
55,13-06-14,Delhi,Delhi,"Nizamuddin, Delhi",Central Pollution Control Board,"Residential, Rural and other Areas",4,35,145,NA
55,18-06-14,Delhi,Delhi,"Nizamuddin, Delhi",Central Pollution Control Board,"Residential, Rural and other Areas",4,35,176,NA
55,23-06-14,Delhi,Delhi,"Nizamuddin, Delhi",Central Pollution Control Board,"Residential, Rural and other Areas",4,35,165,NA
55,26-06-14,Delhi,Delhi,"Nizamuddin, Delhi",Central Pollution Control Board,"Residential, Rural and other Areas",4,43,157,NA
55,07-02-14,Delhi,Delhi,"Nizamuddin, Delhi",Central Pollution Control Board,"Residential, Rural and other Areas",4,41,181,NA
55,07-07-14,Delhi,Delhi,"Nizamuddin, Delhi",Central Pollution Control Board,"Residential, Rural and other Areas",4,41,129,NA
55,07-10-14,Delhi,Delhi,"Nizamuddin, Delhi",Central Pollution Control Board,"Residential, Rural and other Areas",4,39,234,NA
55,15-07-14,Delhi,Delhi,"Nizamuddin, Delhi",Central Pollution Control Board,"Residential, Rural and other Areas",4,36,162,NA
55,23-07-14,Delhi,Delhi,"Nizamuddin, Delhi",Central Pollution Control Board,"Residential, Rural and other Areas",4,30,85,NA
55,28-07-14,Delhi,Delhi,"Nizamuddin, Delhi",Central Pollution Control Board,"Residential, Rural and other Areas",4,30,153,NA
55,08-04-14,Delhi,Delhi,"Nizamuddin, Delhi",Central Pollution Control Board,"Residential, Rural and other Areas",4,47,96,NA
55,08-07-14,Delhi,Delhi,"Nizamuddin, Delhi",Central Pollution Control Board,"Residential, Rural and other Areas",4,39,134,NA
55,08-12-14,Delhi,Delhi,"Nizamuddin, Delhi",Central Pollution Control Board,"Residential, Rural and other Areas",4,41,143,NA
55,19-08-14,Delhi,Delhi,"Nizamuddin, Delhi",Central Pollution Control Board,"Residential, Rural and other Areas",4,46,217,NA
55,22-08-14,Delhi,Delhi,"Nizamuddin, Delhi",Central Pollution Control Board,"Residential, Rural and other Areas",4,36,241,NA
55,27-08-14,Delhi,Delhi,"Nizamuddin, Delhi",Central Pollution Control Board,"Residential, Rural and other Areas",4,43,165,NA
55,09-02-14,Delhi,Delhi,"Nizamuddin, Delhi",Central Pollution Control Board,"Residential, Rural and other Areas",4,32,71,NA
55,09-05-14,Delhi,Delhi,"Nizamuddin, Delhi",Central Pollution Control Board,"Residential, Rural and other Areas",4,26,57,NA
55,09-10-14,Delhi,Delhi,"Nizamuddin, Delhi",Central Pollution Control Board,"Residential, Rural and other Areas",4,33,87,NA
55,15-09-14,Delhi,Delhi,"Nizamuddin, Delhi",Central Pollution Control Board,"Residential, Rural and other Areas",4,34,77,NA
55,18-09-14,Delhi,Delhi,"Nizamuddin, Delhi",Central Pollution Control Board,"Residential, Rural and other Areas",4,29,90,NA
55,23-09-14,Delhi,Delhi,"Nizamuddin, Delhi",Central Pollution Control Board,"Residential, Rural and other Areas",4,37,143,NA
55,26-09-14,Delhi,Delhi,"Nizamuddin, Delhi",Central Pollution Control Board,"Residential, Rural and other Areas",4,40,121,NA
55,10-07-14,Delhi,Delhi,"Nizamuddin, Delhi",Central Pollution Control Board,"Residential, Rural and other Areas",4,44,141,NA
55,10-10-14,Delhi,Delhi,"Nizamuddin, Delhi",Central Pollution Control Board,"Residential, Rural and other Areas",4,49,157,NA
55,14-10-14,Delhi,Delhi,"Nizamuddin, Delhi",Central Pollution Control Board,"Residential, Rural and other Areas",4,38,83,NA
55,20-10-14,Delhi,Delhi,"Nizamuddin, Delhi",Central Pollution Control Board,"Residential, Rural and other Areas",4,56,225,NA
55,24-10-14,Delhi,Delhi,"Nizamuddin, Delhi",Central Pollution Control Board,"Residential, Rural and other Areas",4,34,231,NA
55,29-10-14,Delhi,Delhi,"Nizamuddin, Delhi",Central Pollution Control Board,"Residential, Rural and other Areas",4,47,175,NA
55,11-05-14,Delhi,Delhi,"Nizamuddin, Delhi",Central Pollution Control Board,"Residential, Rural and other Areas",4,48,205,NA
55,11-11-14,Delhi,Delhi,"Nizamuddin, Delhi",Central Pollution Control Board,"Residential, Rural and other Areas",4,54,363,NA
55,14-11-14,Delhi,Delhi,"Nizamuddin, Delhi",Central Pollution Control Board,"Residential, Rural and other Areas",4,53,330,NA
55,19-11-14,Delhi,Delhi,"Nizamuddin, Delhi",Central Pollution Control Board,"Residential, Rural and other Areas",4,56,481,NA
55,24-11-14,Delhi,Delhi,"Nizamuddin, Delhi",Central Pollution Control Board,"Residential, Rural and other Areas",4,45,316,NA
55,27-11-14,Delhi,Delhi,"Nizamuddin, Delhi",Central Pollution Control Board,"Residential, Rural and other Areas",4,45,303,NA
55,12-03-14,Delhi,Delhi,"Nizamuddin, Delhi",Central Pollution Control Board,"Residential, Rural and other Areas",4,39,263,NA
55,12-08-14,Delhi,Delhi,"Nizamuddin, Delhi",Central Pollution Control Board,"Residential, Rural and other Areas",4,45,343,NA
55,12-11-14,Delhi,Delhi,"Nizamuddin, Delhi",Central Pollution Control Board,"Residential, Rural and other Areas",4,49,237,NA
55,16-12-14,Delhi,Delhi,"Nizamuddin, Delhi",Central Pollution Control Board,"Residential, Rural and other Areas",4,41,158,NA
55,19-12-14,Delhi,Delhi,"Nizamuddin, Delhi",Central Pollution Control Board,"Residential, Rural and other Areas",4,42,251,NA
55,24-12-14,Delhi,Delhi,"Nizamuddin, Delhi",Central Pollution Control Board,"Residential, Rural and other Areas",4,40,257,NA
55,30-12-14,Delhi,Delhi,"Nizamuddin, Delhi",Central Pollution Control Board,"Residential, Rural and other Areas",4,44,214,NA
57,01-02-14,Delhi,Delhi,"Shahzada Bagh, Delhi",Central Pollution Control Board,Industrial Area,4,65,389,NA
57,01-07-14,Delhi,Delhi,"Shahzada Bagh, Delhi",Central Pollution Control Board,Industrial Area,4,69,240,NA
57,01-10-14,Delhi,Delhi,"Shahzada Bagh, Delhi",Central Pollution Control Board,Industrial Area,4,64,313,NA
57,16-01-14,Delhi,Delhi,"Shahzada Bagh, Delhi",Central Pollution Control Board,Industrial Area,4,63,399,NA
57,21-01-14,Delhi,Delhi,"Shahzada Bagh, Delhi",Central Pollution Control Board,Industrial Area,4,63,119,NA
57,24-01-14,Delhi,Delhi,"Shahzada Bagh, Delhi",Central Pollution Control Board,Industrial Area,4,55,161,NA
57,29-01-14,Delhi,Delhi,"Shahzada Bagh, Delhi",Central Pollution Control Board,Industrial Area,4,60,403,NA
57,02-04-14,Delhi,Delhi,"Shahzada Bagh, Delhi",Central Pollution Control Board,Industrial Area,4,65,307,NA
57,02-07-14,Delhi,Delhi,"Shahzada Bagh, Delhi",Central Pollution Control Board,Industrial Area,4,58,203,NA
57,02-12-14,Delhi,Delhi,"Shahzada Bagh, Delhi",Central Pollution Control Board,Industrial Area,4,65,235,NA
57,17-02-14,Delhi,Delhi,"Shahzada Bagh, Delhi",Central Pollution Control Board,Industrial Area,4,61,202,NA
57,20-02-14,Delhi,Delhi,"Shahzada Bagh, Delhi",Central Pollution Control Board,Industrial Area,4,67,287,NA
57,25-02-14,Delhi,Delhi,"Shahzada Bagh, Delhi",Central Pollution Control Board,Industrial Area,4,62,280,NA
57,03-03-14,Delhi,Delhi,"Shahzada Bagh, Delhi",Central Pollution Control Board,Industrial Area,4,68,222,NA
57,03-06-14,Delhi,Delhi,"Shahzada Bagh, Delhi",Central Pollution Control Board,Industrial Area,4,64,161,NA
57,03-11-14,Delhi,Delhi,"Shahzada Bagh, Delhi",Central Pollution Control Board,Industrial Area,4,62,191,NA
57,14-03-14,Delhi,Delhi,"Shahzada Bagh, Delhi",Central Pollution Control Board,Industrial Area,4,71,173,NA
57,20-03-14,Delhi,Delhi,"Shahzada Bagh, Delhi",Central Pollution Control Board,Industrial Area,4,65,NA,NA
57,25-03-14,Delhi,Delhi,"Shahzada Bagh, Delhi",Central Pollution Control Board,Industrial Area,4,68,NA,NA
57,28-03-14,Delhi,Delhi,"Shahzada Bagh, Delhi",Central Pollution Control Board,Industrial Area,4,63,NA,NA
57,04-03-14,Delhi,Delhi,"Shahzada Bagh, Delhi",Central Pollution Control Board,Industrial Area,4,62,NA,NA
57,04-09-14,Delhi,Delhi,"Shahzada Bagh, Delhi",Central Pollution Control Board,Industrial Area,4,65,146,NA
57,16-04-14,Delhi,Delhi,"Shahzada Bagh, Delhi",Central Pollution Control Board,Industrial Area,4,55,179,NA
57,22-04-14,Delhi,Delhi,"Shahzada Bagh, Delhi",Central Pollution Control Board,Industrial Area,4,65,303,NA
57,25-04-14,Delhi,Delhi,"Shahzada Bagh, Delhi",Central Pollution Control Board,Industrial Area,4,68,271,NA
57,05-01-14,Delhi,Delhi,"Shahzada Bagh, Delhi",Central Pollution Control Board,Industrial Area,4,51,310,NA
57,05-06-14,Delhi,Delhi,"Shahzada Bagh, Delhi",Central Pollution Control Board,Industrial Area,4,58,228,NA
57,05-09-14,Delhi,Delhi,"Shahzada Bagh, Delhi",Central Pollution Control Board,Industrial Area,4,60,351,NA
57,15-05-14,Delhi,Delhi,"Shahzada Bagh, Delhi",Central Pollution Control Board,Industrial Area,4,55,276,NA
57,20-05-14,Delhi,Delhi,"Shahzada Bagh, Delhi",Central Pollution Control Board,Industrial Area,4,57,208,NA
57,23-05-14,Delhi,Delhi,"Shahzada Bagh, Delhi",Central Pollution Control Board,Industrial Area,4,59,189,NA
57,28-05-14,Delhi,Delhi,"Shahzada Bagh, Delhi",Central Pollution Control Board,Industrial Area,4,55,267,NA
57,06-03-14,Delhi,Delhi,"Shahzada Bagh, Delhi",Central Pollution Control Board,Industrial Area,4,63,240,NA
57,06-06-14,Delhi,Delhi,"Shahzada Bagh, Delhi",Central Pollution Control Board,Industrial Area,4,60,206,NA
57,06-11-14,Delhi,Delhi,"Shahzada Bagh, Delhi",Central Pollution Control Board,Industrial Area,4,56,256,NA
57,16-06-14,Delhi,Delhi,"Shahzada Bagh, Delhi",Central Pollution Control Board,Industrial Area,4,55,303,NA
57,19-06-14,Delhi,Delhi,"Shahzada Bagh, Delhi",Central Pollution Control Board,Industrial Area,4,54,132,NA
57,24-06-14,Delhi,Delhi,"Shahzada Bagh, Delhi",Central Pollution Control Board,Industrial Area,4,54,306,NA
57,27-06-14,Delhi,Delhi,"Shahzada Bagh, Delhi",Central Pollution Control Board,Industrial Area,4,54,186,NA
57,07-03-14,Delhi,Delhi,"Shahzada Bagh, Delhi",Central Pollution Control Board,Industrial Area,4,54,157,NA
57,07-08-14,Delhi,Delhi,"Shahzada Bagh, Delhi",Central Pollution Control Board,Industrial Area,4,53,224,NA
57,07-11-14,Delhi,Delhi,"Shahzada Bagh, Delhi",Central Pollution Control Board,Industrial Area,4,49,185,NA
57,16-07-14,Delhi,Delhi,"Shahzada Bagh, Delhi",Central Pollution Control Board,Industrial Area,4,59,131,NA
57,21-07-14,Delhi,Delhi,"Shahzada Bagh, Delhi",Central Pollution Control Board,Industrial Area,4,51,132,NA
57,24-07-14,Delhi,Delhi,"Shahzada Bagh, Delhi",Central Pollution Control Board,Industrial Area,4,50,75,NA
57,30-07-14,Delhi,Delhi,"Shahzada Bagh, Delhi",Central Pollution Control Board,Industrial Area,4,59,153,NA
57,08-05-14,Delhi,Delhi,"Shahzada Bagh, Delhi",Central Pollution Control Board,Industrial Area,4,60,147,NA
57,08-08-14,Delhi,Delhi,"Shahzada Bagh, Delhi",Central Pollution Control Board,Industrial Area,4,53,218,NA
57,13-08-14,Delhi,Delhi,"Shahzada Bagh, Delhi",Central Pollution Control Board,Industrial Area,4,58,83,NA
57,20-08-14,Delhi,Delhi,"Shahzada Bagh, Delhi",Central Pollution Control Board,Industrial Area,4,57,189,NA
57,25-08-14,Delhi,Delhi,"Shahzada Bagh, Delhi",Central Pollution Control Board,Industrial Area,4,57,123,NA
57,28-08-14,Delhi,Delhi,"Shahzada Bagh, Delhi",Central Pollution Control Board,Industrial Area,4,55,138,NA
57,09-03-14,Delhi,Delhi,"Shahzada Bagh, Delhi",Central Pollution Control Board,Industrial Area,4,47,145,NA
57,09-08-14,Delhi,Delhi,"Shahzada Bagh, Delhi",Central Pollution Control Board,Industrial Area,4,55,93,NA
57,09-11-14,Delhi,Delhi,"Shahzada Bagh, Delhi",Central Pollution Control Board,Industrial Area,4,56,74,NA
57,16-09-14,Delhi,Delhi,"Shahzada Bagh, Delhi",Central Pollution Control Board,Industrial Area,4,51,147,NA
57,19-09-14,Delhi,Delhi,"Shahzada Bagh, Delhi",Central Pollution Control Board,Industrial Area,4,55,112,NA
57,24-09-14,Delhi,Delhi,"Shahzada Bagh, Delhi",Central Pollution Control Board,Industrial Area,4,60,102,NA
57,29-09-14,Delhi,Delhi,"Shahzada Bagh, Delhi",Central Pollution Control Board,Industrial Area,4,60,137,NA
57,10-08-14,Delhi,Delhi,"Shahzada Bagh, Delhi",Central Pollution Control Board,Industrial Area,4,55,209,NA
57,13-10-14,Delhi,Delhi,"Shahzada Bagh, Delhi",Central Pollution Control Board,Industrial Area,4,47,262,NA
57,16-10-14,Delhi,Delhi,"Shahzada Bagh, Delhi",Central Pollution Control Board,Industrial Area,4,66,231,NA
57,21-10-14,Delhi,Delhi,"Shahzada Bagh, Delhi",Central Pollution Control Board,Industrial Area,4,61,256,NA
57,28-10-14,Delhi,Delhi,"Shahzada Bagh, Delhi",Central Pollution Control Board,Industrial Area,4,64,277,NA
57,11-07-14,Delhi,Delhi,"Shahzada Bagh, Delhi",Central Pollution Control Board,Industrial Area,4,57,339,NA
57,11-12-14,Delhi,Delhi,"Shahzada Bagh, Delhi",Central Pollution Control Board,Industrial Area,4,59,403,NA
57,17-11-14,Delhi,Delhi,"Shahzada Bagh, Delhi",Central Pollution Control Board,Industrial Area,4,59,374,NA
57,20-11-14,Delhi,Delhi,"Shahzada Bagh, Delhi",Central Pollution Control Board,Industrial Area,4,60,464,NA
57,25-11-14,Delhi,Delhi,"Shahzada Bagh, Delhi",Central Pollution Control Board,Industrial Area,4,63,334,NA
57,12-01-14,Delhi,Delhi,"Shahzada Bagh, Delhi",Central Pollution Control Board,Industrial Area,4,52,368,NA
57,12-04-14,Delhi,Delhi,"Shahzada Bagh, Delhi",Central Pollution Control Board,Industrial Area,4,60,183,NA
57,12-09-14,Delhi,Delhi,"Shahzada Bagh, Delhi",Central Pollution Control Board,Industrial Area,4,59,221,NA
57,12-12-14,Delhi,Delhi,"Shahzada Bagh, Delhi",Central Pollution Control Board,Industrial Area,4,57,290,NA
57,17-12-14,Delhi,Delhi,"Shahzada Bagh, Delhi",Central Pollution Control Board,Industrial Area,4,61,287,NA
57,22-12-14,Delhi,Delhi,"Shahzada Bagh, Delhi",Central Pollution Control Board,Industrial Area,4,62,479,NA
57,26-12-14,Delhi,Delhi,"Shahzada Bagh, Delhi",Central Pollution Control Board,Industrial Area,4,59,481,NA
58,01-03-14,Delhi,Delhi,"Shahadra, Delhi",Central Pollution Control Board,Industrial Area,4,69,470,NA
58,01-08-14,Delhi,Delhi,"Shahadra, Delhi",Central Pollution Control Board,Industrial Area,4,65,478,NA
58,13-01-14,Delhi,Delhi,"Shahadra, Delhi",Central Pollution Control Board,Industrial Area,4,66,291,NA
58,17-01-14,Delhi,Delhi,"Shahadra, Delhi",Central Pollution Control Board,Industrial Area,5,71,414,NA
58,22-01-14,Delhi,Delhi,"Shahadra, Delhi",Central Pollution Control Board,Industrial Area,4,63,190,NA
58,27-01-14,Delhi,Delhi,"Shahadra, Delhi",Central Pollution Control Board,Industrial Area,4,62,294,NA
58,30-01-14,Delhi,Delhi,"Shahadra, Delhi",Central Pollution Control Board,Industrial Area,5,52,438,NA
58,02-05-14,Delhi,Delhi,"Shahadra, Delhi",Central Pollution Control Board,Industrial Area,4,58,243,NA
58,02-10-14,Delhi,Delhi,"Shahadra, Delhi",Central Pollution Control Board,Industrial Area,4,62,271,NA
58,13-02-14,Delhi,Delhi,"Shahadra, Delhi",Central Pollution Control Board,Industrial Area,4,60,227,NA
58,18-02-14,Delhi,Delhi,"Shahadra, Delhi",Central Pollution Control Board,Industrial Area,4,60,391,NA
58,26-02-14,Delhi,Delhi,"Shahadra, Delhi",Central Pollution Control Board,Industrial Area,4,66,246,NA
58,03-04-14,Delhi,Delhi,"Shahadra, Delhi",Central Pollution Control Board,Industrial Area,4,61,165,NA
58,03-07-14,Delhi,Delhi,"Shahadra, Delhi",Central Pollution Control Board,Industrial Area,4,60,175,NA
58,03-12-14,Delhi,Delhi,"Shahadra, Delhi",Central Pollution Control Board,Industrial Area,4,53,115,NA
58,18-03-14,Delhi,Delhi,"Shahadra, Delhi",Central Pollution Control Board,Industrial Area,4,65,177,NA
58,21-03-14,Delhi,Delhi,"Shahadra, Delhi",Central Pollution Control Board,Industrial Area,4,63,201,NA
58,26-03-14,Delhi,Delhi,"Shahadra, Delhi",Central Pollution Control Board,Industrial Area,4,62,259,NA
58,04-01-14,Delhi,Delhi,"Shahadra, Delhi",Central Pollution Control Board,Industrial Area,4,63,312,NA
58,04-04-14,Delhi,Delhi,"Shahadra, Delhi",Central Pollution Control Board,Industrial Area,4,64,166,NA
58,04-11-14,Delhi,Delhi,"Shahadra, Delhi",Central Pollution Control Board,Industrial Area,4,64,371,NA
58,17-04-14,Delhi,Delhi,"Shahadra, Delhi",Central Pollution Control Board,Industrial Area,4,61,234,NA
58,23-04-14,Delhi,Delhi,"Shahadra, Delhi",Central Pollution Control Board,Industrial Area,4,59,242,NA
58,28-04-14,Delhi,Delhi,"Shahadra, Delhi",Central Pollution Control Board,Industrial Area,4,63,435,NA
58,05-02-14,Delhi,Delhi,"Shahadra, Delhi",Central Pollution Control Board,Industrial Area,4,61,475,NA
58,05-07-14,Delhi,Delhi,"Shahadra, Delhi",Central Pollution Control Board,Industrial Area,4,60,238,NA
58,05-12-14,Delhi,Delhi,"Shahadra, Delhi",Central Pollution Control Board,Industrial Area,4,51,240,NA
58,16-05-14,Delhi,Delhi,"Shahadra, Delhi",Central Pollution Control Board,Industrial Area,4,62,251,NA
58,21-05-14,Delhi,Delhi,"Shahadra, Delhi",Central Pollution Control Board,Industrial Area,4,58,333,NA
58,26-05-14,Delhi,Delhi,"Shahadra, Delhi",Central Pollution Control Board,Industrial Area,4,61,267,NA
58,29-05-14,Delhi,Delhi,"Shahadra, Delhi",Central Pollution Control Board,Industrial Area,4,61,380,NA
58,06-04-14,Delhi,Delhi,"Shahadra, Delhi",Central Pollution Control Board,Industrial Area,4,60,153,NA
58,06-09-14,Delhi,Delhi,"Shahadra, Delhi",Central Pollution Control Board,Industrial Area,4,56,207,NA
58,06-12-14,Delhi,Delhi,"Shahadra, Delhi",Central Pollution Control Board,Industrial Area,4,58,417,NA
58,17-06-14,Delhi,Delhi,"Shahadra, Delhi",Central Pollution Control Board,Industrial Area,4,55,236,NA
58,20-06-14,Delhi,Delhi,"Shahadra, Delhi",Central Pollution Control Board,Industrial Area,4,59,314,NA
58,25-06-14,Delhi,Delhi,"Shahadra, Delhi",Central Pollution Control Board,Industrial Area,4,55,236,NA
58,07-01-14,Delhi,Delhi,"Shahadra, Delhi",Central Pollution Control Board,Industrial Area,4,58,178,NA
58,07-04-14,Delhi,Delhi,"Shahadra, Delhi",Central Pollution Control Board,Industrial Area,4,62,352,NA
58,07-09-14,Delhi,Delhi,"Shahadra, Delhi",Central Pollution Control Board,Industrial Area,4,51,419,NA
58,14-07-14,Delhi,Delhi,"Shahadra, Delhi",Central Pollution Control Board,Industrial Area,4,58,216,NA
58,17-07-14,Delhi,Delhi,"Shahadra, Delhi",Central Pollution Control Board,Industrial Area,4,58,115,NA
58,22-07-14,Delhi,Delhi,"Shahadra, Delhi",Central Pollution Control Board,Industrial Area,4,48,253,NA
58,25-07-14,Delhi,Delhi,"Shahadra, Delhi",Central Pollution Control Board,Industrial Area,4,53,165,NA
58,08-01-14,Delhi,Delhi,"Shahadra, Delhi",Central Pollution Control Board,Industrial Area,4,58,130,NA
58,08-06-14,Delhi,Delhi,"Shahadra, Delhi",Central Pollution Control Board,Industrial Area,4,55,218,NA
58,08-11-14,Delhi,Delhi,"Shahadra, Delhi",Central Pollution Control Board,Industrial Area,4,46,135,NA
58,14-08-14,Delhi,Delhi,"Shahadra, Delhi",Central Pollution Control Board,Industrial Area,4,54,137,NA
58,21-08-14,Delhi,Delhi,"Shahadra, Delhi",Central Pollution Control Board,Industrial Area,4,56,290,NA
58,26-08-14,Delhi,Delhi,"Shahadra, Delhi",Central Pollution Control Board,Industrial Area,4,53,92,NA
58,09-01-14,Delhi,Delhi,"Shahadra, Delhi",Central Pollution Control Board,Industrial Area,4,55,194,NA
58,09-04-14,Delhi,Delhi,"Shahadra, Delhi",Central Pollution Control Board,Industrial Area,4,48,190,NA
58,09-09-14,Delhi,Delhi,"Shahadra, Delhi",Central Pollution Control Board,Industrial Area,4,45,138,NA
58,09-12-14,Delhi,Delhi,"Shahadra, Delhi",Central Pollution Control Board,Industrial Area,4,46,101,NA
58,17-09-14,Delhi,Delhi,"Shahadra, Delhi",Central Pollution Control Board,Industrial Area,4,51,190,NA
58,22-09-14,Delhi,Delhi,"Shahadra, Delhi",Central Pollution Control Board,Industrial Area,4,57,121,NA
58,10-09-14,Delhi,Delhi,"Shahadra, Delhi",Central Pollution Control Board,Industrial Area,4,55,190,NA
58,14-10-14,Delhi,Delhi,"Shahadra, Delhi",Central Pollution Control Board,Industrial Area,4,49,260,NA
58,17-10-14,Delhi,Delhi,"Shahadra, Delhi",Central Pollution Control Board,Industrial Area,4,54,204,NA
58,24-10-14,Delhi,Delhi,"Shahadra, Delhi",Central Pollution Control Board,Industrial Area,4,62,322,NA
58,29-10-14,Delhi,Delhi,"Shahadra, Delhi",Central Pollution Control Board,Industrial Area,4,58,193,NA
58,11-03-14,Delhi,Delhi,"Shahadra, Delhi",Central Pollution Control Board,Industrial Area,4,55,310,NA
58,11-10-14,Delhi,Delhi,"Shahadra, Delhi",Central Pollution Control Board,Industrial Area,4,61,313,NA
58,13-11-14,Delhi,Delhi,"Shahadra, Delhi",Central Pollution Control Board,Industrial Area,4,57,403,NA
58,18-11-14,Delhi,Delhi,"Shahadra, Delhi",Central Pollution Control Board,Industrial Area,4,63,355,NA
58,21-11-14,Delhi,Delhi,"Shahadra, Delhi",Central Pollution Control Board,Industrial Area,4,57,335,NA
58,26-11-14,Delhi,Delhi,"Shahadra, Delhi",Central Pollution Control Board,Industrial Area,4,53,414,NA
58,12-02-14,Delhi,Delhi,"Shahadra, Delhi",Central Pollution Control Board,Industrial Area,4,55,205,NA
58,12-05-14,Delhi,Delhi,"Shahadra, Delhi",Central Pollution Control Board,Industrial Area,4,52,289,NA
58,12-10-14,Delhi,Delhi,"Shahadra, Delhi",Central Pollution Control Board,Industrial Area,4,48,546,NA
58,15-12-14,Delhi,Delhi,"Shahadra, Delhi",Central Pollution Control Board,Industrial Area,4,55,211,NA
58,18-12-14,Delhi,Delhi,"Shahadra, Delhi",Central Pollution Control Board,Industrial Area,4,47,444,NA
58,23-12-14,Delhi,Delhi,"Shahadra, Delhi",Central Pollution Control Board,Industrial Area,4,63,514,NA
58,29-12-14,Delhi,Delhi,"Shahadra, Delhi",Central Pollution Control Board,Industrial Area,4,51,432,NA
345,01-02-14,Delhi,Delhi,"Mayapuri Industrial Area, Delhi",National Environmental Engineering Research Institute,Industrial Area,17,55,308,NA
345,01-03-14,Delhi,Delhi,"Mayapuri Industrial Area, Delhi",National Environmental Engineering Research Institute,Industrial Area,9,112,563,NA
345,01-07-14,Delhi,Delhi,"Mayapuri Industrial Area, Delhi",National Environmental Engineering Research Institute,Industrial Area,15,99,543,NA
345,01-08-14,Delhi,Delhi,"Mayapuri Industrial Area, Delhi",National Environmental Engineering Research Institute,Industrial Area,15,74,512,NA
345,01-09-14,Delhi,Delhi,"Mayapuri Industrial Area, Delhi",National Environmental Engineering Research Institute,Industrial Area,18,100,683,NA
345,21-01-14,Delhi,Delhi,"Mayapuri Industrial Area, Delhi",National Environmental Engineering Research Institute,Industrial Area,5,64,138,NA
345,22-01-14,Delhi,Delhi,"Mayapuri Industrial Area, Delhi",National Environmental Engineering Research Institute,Industrial Area,2,54,149,NA
345,23-01-14,Delhi,Delhi,"Mayapuri Industrial Area, Delhi",National Environmental Engineering Research Institute,Industrial Area,4,84,250,NA
345,02-11-14,Delhi,Delhi,"Mayapuri Industrial Area, Delhi",National Environmental Engineering Research Institute,Industrial Area,9,92,273,NA
345,02-12-14,Delhi,Delhi,"Mayapuri Industrial Area, Delhi",National Environmental Engineering Research Institute,Industrial Area,18,100,323,NA
345,13-02-14,Delhi,Delhi,"Mayapuri Industrial Area, Delhi",National Environmental Engineering Research Institute,Industrial Area,9,91,186,NA
345,18-02-14,Delhi,Delhi,"Mayapuri Industrial Area, Delhi",National Environmental Engineering Research Institute,Industrial Area,5,111,458,NA
345,19-02-14,Delhi,Delhi,"Mayapuri Industrial Area, Delhi",National Environmental Engineering Research Institute,Industrial Area,21,115,390,NA
345,20-02-14,Delhi,Delhi,"Mayapuri Industrial Area, Delhi",National Environmental Engineering Research Institute,Industrial Area,9,97,454,NA
345,25-02-14,Delhi,Delhi,"Mayapuri Industrial Area, Delhi",National Environmental Engineering Research Institute,Industrial Area,5,105,314,NA
345,26-02-14,Delhi,Delhi,"Mayapuri Industrial Area, Delhi",National Environmental Engineering Research Institute,Industrial Area,16,116,257,NA
345,03-04-14,Delhi,Delhi,"Mayapuri Industrial Area, Delhi",National Environmental Engineering Research Institute,Industrial Area,10,66,253,NA
345,03-05-14,Delhi,Delhi,"Mayapuri Industrial Area, Delhi",National Environmental Engineering Research Institute,Industrial Area,5,68,149,NA
345,03-06-14,Delhi,Delhi,"Mayapuri Industrial Area, Delhi",National Environmental Engineering Research Institute,Industrial Area,7,77,189,NA
345,03-11-14,Delhi,Delhi,"Mayapuri Industrial Area, Delhi",National Environmental Engineering Research Institute,Industrial Area,3,71,93,NA
345,03-12-14,Delhi,Delhi,"Mayapuri Industrial Area, Delhi",National Environmental Engineering Research Institute,Industrial Area,4,58,121,NA
345,13-03-14,Delhi,Delhi,"Mayapuri Industrial Area, Delhi",National Environmental Engineering Research Institute,Industrial Area,4,93,141,NA
345,19-03-14,Delhi,Delhi,"Mayapuri Industrial Area, Delhi",National Environmental Engineering Research Institute,Industrial Area,10,58,128,NA
345,20-03-14,Delhi,Delhi,"Mayapuri Industrial Area, Delhi",National Environmental Engineering Research Institute,Industrial Area,6,86,188,NA
345,04-02-14,Delhi,Delhi,"Mayapuri Industrial Area, Delhi",National Environmental Engineering Research Institute,Industrial Area,2,85,219,NA
345,04-03-14,Delhi,Delhi,"Mayapuri Industrial Area, Delhi",National Environmental Engineering Research Institute,Industrial Area,11,88,215,NA
345,15-04-14,Delhi,Delhi,"Mayapuri Industrial Area, Delhi",National Environmental Engineering Research Institute,Industrial Area,2,44,277,NA
345,16-04-14,Delhi,Delhi,"Mayapuri Industrial Area, Delhi",National Environmental Engineering Research Institute,Industrial Area,10,72,181,NA
345,17-04-14,Delhi,Delhi,"Mayapuri Industrial Area, Delhi",National Environmental Engineering Research Institute,Industrial Area,2,75,110,NA
345,23-04-14,Delhi,Delhi,"Mayapuri Industrial Area, Delhi",National Environmental Engineering Research Institute,Industrial Area,28,123,245,NA
345,25-04-14,Delhi,Delhi,"Mayapuri Industrial Area, Delhi",National Environmental Engineering Research Institute,Industrial Area,19,137,300,NA
345,25-04-14,Delhi,Delhi,"Mayapuri Industrial Area, Delhi",National Environmental Engineering Research Institute,Industrial Area,17,131,303,NA
345,05-06-14,Delhi,Delhi,"Mayapuri Industrial Area, Delhi",National Environmental Engineering Research Institute,Industrial Area,4,72,127,NA
345,05-07-14,Delhi,Delhi,"Mayapuri Industrial Area, Delhi",National Environmental Engineering Research Institute,Industrial Area,17,82,366,NA
345,05-08-14,Delhi,Delhi,"Mayapuri Industrial Area, Delhi",National Environmental Engineering Research Institute,Industrial Area,11,103,281,NA
345,13-05-14,Delhi,Delhi,"Mayapuri Industrial Area, Delhi",National Environmental Engineering Research Institute,Industrial Area,2,67,106,NA
345,14-05-14,Delhi,Delhi,"Mayapuri Industrial Area, Delhi",National Environmental Engineering Research Institute,Industrial Area,10,81,150,NA
345,15-05-14,Delhi,Delhi,"Mayapuri Industrial Area, Delhi",National Environmental Engineering Research Institute,Industrial Area,2,86,168,NA
345,27-05-14,Delhi,Delhi,"Mayapuri Industrial Area, Delhi",National Environmental Engineering Research Institute,Industrial Area,2,107,222,NA
345,28-05-14,Delhi,Delhi,"Mayapuri Industrial Area, Delhi",National Environmental Engineering Research Institute,Industrial Area,2,125,257,NA
345,06-03-14,Delhi,Delhi,"Mayapuri Industrial Area, Delhi",National Environmental Engineering Research Institute,Industrial Area,3,111,305,NA
345,06-04-14,Delhi,Delhi,"Mayapuri Industrial Area, Delhi",National Environmental Engineering Research Institute,Industrial Area,2,109,300,NA
345,06-05-14,Delhi,Delhi,"Mayapuri Industrial Area, Delhi",National Environmental Engineering Research Institute,Industrial Area,2,63,217,NA
345,17-06-14,Delhi,Delhi,"Mayapuri Industrial Area, Delhi",National Environmental Engineering Research Institute,Industrial Area,2,55,230,NA
345,18-06-14,Delhi,Delhi,"Mayapuri Industrial Area, Delhi",National Environmental Engineering Research Institute,Industrial Area,2,56,128,NA
345,19-06-14,Delhi,Delhi,"Mayapuri Industrial Area, Delhi",National Environmental Engineering Research Institute,Industrial Area,2,58,169,NA
345,26-06-14,Delhi,Delhi,"Mayapuri Industrial Area, Delhi",National Environmental Engineering Research Institute,Industrial Area,3,47,226,NA
345,27-06-14,Delhi,Delhi,"Mayapuri Industrial Area, Delhi",National Environmental Engineering Research Institute,Industrial Area,2,17,159,NA
345,07-08-14,Delhi,Delhi,"Mayapuri Industrial Area, Delhi",National Environmental Engineering Research Institute,Industrial Area,2,78,314,NA
345,07-09-14,Delhi,Delhi,"Mayapuri Industrial Area, Delhi",National Environmental Engineering Research Institute,Industrial Area,2,82,425,NA
345,07-10-14,Delhi,Delhi,"Mayapuri Industrial Area, Delhi",National Environmental Engineering Research Institute,Industrial Area,2,80,335,NA
345,15-07-14,Delhi,Delhi,"Mayapuri Industrial Area, Delhi",National Environmental Engineering Research Institute,Industrial Area,5,90,140,NA
345,16-07-14,Delhi,Delhi,"Mayapuri Industrial Area, Delhi",National Environmental Engineering Research Institute,Industrial Area,2,81,113,NA
345,17-07-14,Delhi,Delhi,"Mayapuri Industrial Area, Delhi",National Environmental Engineering Research Institute,Industrial Area,2,65,67,NA
345,22-07-14,Delhi,Delhi,"Mayapuri Industrial Area, Delhi",National Environmental Engineering Research Institute,Industrial Area,2,79,81,NA
345,23-07-14,Delhi,Delhi,"Mayapuri Industrial Area, Delhi",National Environmental Engineering Research Institute,Industrial Area,2,49,114,NA
345,08-05-14,Delhi,Delhi,"Mayapuri Industrial Area, Delhi",National Environmental Engineering Research Institute,Industrial Area,5,47,186,NA
345,08-06-14,Delhi,Delhi,"Mayapuri Industrial Area, Delhi",National Environmental Engineering Research Institute,Industrial Area,9,56,108,NA
345,08-07-14,Delhi,Delhi,"Mayapuri Industrial Area, Delhi",National Environmental Engineering Research Institute,Industrial Area,5,78,181,NA
345,08-11-14,Delhi,Delhi,"Mayapuri Industrial Area, Delhi",National Environmental Engineering Research Institute,Industrial Area,3,59,119,NA
345,08-12-14,Delhi,Delhi,"Mayapuri Industrial Area, Delhi",National Environmental Engineering Research Institute,Industrial Area,2,39,97,NA
345,25-08-14,Delhi,Delhi,"Mayapuri Industrial Area, Delhi",National Environmental Engineering Research Institute,Industrial Area,2,76,175,NA
345,26-08-14,Delhi,Delhi,"Mayapuri Industrial Area, Delhi",National Environmental Engineering Research Institute,Industrial Area,2,68,200,NA
345,27-08-14,Delhi,Delhi,"Mayapuri Industrial Area, Delhi",National Environmental Engineering Research Institute,Industrial Area,3,53,138,NA
345,16-09-14,Delhi,Delhi,"Mayapuri Industrial Area, Delhi",National Environmental Engineering Research Institute,Industrial Area,2,50,125,NA
345,17-09-14,Delhi,Delhi,"Mayapuri Industrial Area, Delhi",National Environmental Engineering Research Institute,Industrial Area,2,38,153,NA
345,18-09-14,Delhi,Delhi,"Mayapuri Industrial Area, Delhi",National Environmental Engineering Research Institute,Industrial Area,2,56,169,NA
345,23-09-14,Delhi,Delhi,"Mayapuri Industrial Area, Delhi",National Environmental Engineering Research Institute,Industrial Area,2,81,240,NA
345,24-09-14,Delhi,Delhi,"Mayapuri Industrial Area, Delhi",National Environmental Engineering Research Institute,Industrial Area,3,67,236,NA
345,25-09-14,Delhi,Delhi,"Mayapuri Industrial Area, Delhi",National Environmental Engineering Research Institute,Industrial Area,2,71,198,NA
345,28-09-14,Delhi,Delhi,"Mayapuri Industrial Area, Delhi",National Environmental Engineering Research Institute,Industrial Area,4,49,188,NA
345,29-09-14,Delhi,Delhi,"Mayapuri Industrial Area, Delhi",National Environmental Engineering Research Institute,Industrial Area,2,63,246,NA
345,15-10-14,Delhi,Delhi,"Mayapuri Industrial Area, Delhi",National Environmental Engineering Research Institute,Industrial Area,5,61,220,NA
345,16-10-14,Delhi,Delhi,"Mayapuri Industrial Area, Delhi",National Environmental Engineering Research Institute,Industrial Area,2,90,273,NA
345,17-10-14,Delhi,Delhi,"Mayapuri Industrial Area, Delhi",National Environmental Engineering Research Institute,Industrial Area,2,80,358,NA
345,21-10-14,Delhi,Delhi,"Mayapuri Industrial Area, Delhi",National Environmental Engineering Research Institute,Industrial Area,2,141,546,NA
345,22-10-14,Delhi,Delhi,"Mayapuri Industrial Area, Delhi",National Environmental Engineering Research Institute,Industrial Area,2,163,420,NA
345,25-10-14,Delhi,Delhi,"Mayapuri Industrial Area, Delhi",National Environmental Engineering Research Institute,Industrial Area,4,122,459,NA
345,26-10-14,Delhi,Delhi,"Mayapuri Industrial Area, Delhi",National Environmental Engineering Research Institute,Industrial Area,4,100,319,NA
345,27-10-14,Delhi,Delhi,"Mayapuri Industrial Area, Delhi",National Environmental Engineering Research Institute,Industrial Area,2,142,275,NA
345,11-04-14,Delhi,Delhi,"Mayapuri Industrial Area, Delhi",National Environmental Engineering Research Institute,Industrial Area,5,142,442,NA
345,11-05-14,Delhi,Delhi,"Mayapuri Industrial Area, Delhi",National Environmental Engineering Research Institute,Industrial Area,5,128,376,NA
345,11-06-14,Delhi,Delhi,"Mayapuri Industrial Area, Delhi",National Environmental Engineering Research Institute,Industrial Area,10,148,452,NA
345,11-11-14,Delhi,Delhi,"Mayapuri Industrial Area, Delhi",National Environmental Engineering Research Institute,Industrial Area,8,176,508,NA
345,11-12-14,Delhi,Delhi,"Mayapuri Industrial Area, Delhi",National Environmental Engineering Research Institute,Industrial Area,11,195,537,NA
345,18-11-14,Delhi,Delhi,"Mayapuri Industrial Area, Delhi",National Environmental Engineering Research Institute,Industrial Area,2,196,709,NA
345,19-11-14,Delhi,Delhi,"Mayapuri Industrial Area, Delhi",National Environmental Engineering Research Institute,Industrial Area,3,147,609,NA
345,20-11-14,Delhi,Delhi,"Mayapuri Industrial Area, Delhi",National Environmental Engineering Research Institute,Industrial Area,6,169,581,NA
345,12-03-14,Delhi,Delhi,"Mayapuri Industrial Area, Delhi",National Environmental Engineering Research Institute,Industrial Area,2,152,395,NA
345,12-04-14,Delhi,Delhi,"Mayapuri Industrial Area, Delhi",National Environmental Engineering Research Institute,Industrial Area,14,163,414,NA
345,12-10-14,Delhi,Delhi,"Mayapuri Industrial Area, Delhi",National Environmental Engineering Research Institute,Industrial Area,7,142,545,NA
345,12-11-14,Delhi,Delhi,"Mayapuri Industrial Area, Delhi",National Environmental Engineering Research Institute,Industrial Area,5,160,469,NA
345,12-12-14,Delhi,Delhi,"Mayapuri Industrial Area, Delhi",National Environmental Engineering Research Institute,Industrial Area,20,209,657,NA
345,23-12-14,Delhi,Delhi,"Mayapuri Industrial Area, Delhi",National Environmental Engineering Research Institute,Industrial Area,3,169,633,NA
345,24-12-14,Delhi,Delhi,"Mayapuri Industrial Area, Delhi",National Environmental Engineering Research Institute,Industrial Area,2,118,369,NA
345,25-12-14,Delhi,Delhi,"Mayapuri Industrial Area, Delhi",National Environmental Engineering Research Institute,Industrial Area,2,102,323,NA
144,01-02-14,Delhi,Delhi,"N.Y. SCHOOL, Sarojini Nagar, Delhi",National Environmental Engineering Research Institute,"Residential, Rural and other Areas",8,53,287,NA
144,01-03-14,Delhi,Delhi,"N.Y. SCHOOL, Sarojini Nagar, Delhi",National Environmental Engineering Research Institute,"Residential, Rural and other Areas",13,77,358,NA
144,14-01-14,Delhi,Delhi,"N.Y. SCHOOL, Sarojini Nagar, Delhi",National Environmental Engineering Research Institute,"Residential, Rural and other Areas",22,117,375,NA
144,15-01-14,Delhi,Delhi,"N.Y. SCHOOL, Sarojini Nagar, Delhi",National Environmental Engineering Research Institute,"Residential, Rural and other Areas",19,113,396,NA
144,16-01-14,Delhi,Delhi,"N.Y. SCHOOL, Sarojini Nagar, Delhi",National Environmental Engineering Research Institute,"Residential, Rural and other Areas",28,101,337,NA
144,21-01-14,Delhi,Delhi,"N.Y. SCHOOL, Sarojini Nagar, Delhi",National Environmental Engineering Research Institute,"Residential, Rural and other Areas",8,61,129,NA
144,22-01-14,Delhi,Delhi,"N.Y. SCHOOL, Sarojini Nagar, Delhi",National Environmental Engineering Research Institute,"Residential, Rural and other Areas",5,45,99,NA
144,23-01-14,Delhi,Delhi,"N.Y. SCHOOL, Sarojini Nagar, Delhi",National Environmental Engineering Research Institute,"Residential, Rural and other Areas",2,63,167,NA
144,02-04-14,Delhi,Delhi,"N.Y. SCHOOL, Sarojini Nagar, Delhi",National Environmental Engineering Research Institute,"Residential, Rural and other Areas",7,78,196,NA
144,02-05-14,Delhi,Delhi,"N.Y. SCHOOL, Sarojini Nagar, Delhi",National Environmental Engineering Research Institute,"Residential, Rural and other Areas",8,103,194,NA
144,02-06-14,Delhi,Delhi,"N.Y. SCHOOL, Sarojini Nagar, Delhi",National Environmental Engineering Research Institute,"Residential, Rural and other Areas",22,90,174,NA
144,18-02-14,Delhi,Delhi,"N.Y. SCHOOL, Sarojini Nagar, Delhi",National Environmental Engineering Research Institute,"Residential, Rural and other Areas",8,108,198,NA
144,19-02-14,Delhi,Delhi,"N.Y. SCHOOL, Sarojini Nagar, Delhi",National Environmental Engineering Research Institute,"Residential, Rural and other Areas",13,111,258,NA
144,20-02-14,Delhi,Delhi,"N.Y. SCHOOL, Sarojini Nagar, Delhi",National Environmental Engineering Research Institute,"Residential, Rural and other Areas",11,92,242,NA
144,22-02-14,Delhi,Delhi,"N.Y. SCHOOL, Sarojini Nagar, Delhi",National Environmental Engineering Research Institute,"Residential, Rural and other Areas",6,110,176,NA
144,23-02-14,Delhi,Delhi,"N.Y. SCHOOL, Sarojini Nagar, Delhi",National Environmental Engineering Research Institute,"Residential, Rural and other Areas",4,82,154,NA
144,03-11-14,Delhi,Delhi,"N.Y. SCHOOL, Sarojini Nagar, Delhi",National Environmental Engineering Research Institute,"Residential, Rural and other Areas",4,58,90,NA
144,03-12-14,Delhi,Delhi,"N.Y. SCHOOL, Sarojini Nagar, Delhi",National Environmental Engineering Research Institute,"Residential, Rural and other Areas",4,64,72,NA
144,13-03-14,Delhi,Delhi,"N.Y. SCHOOL, Sarojini Nagar, Delhi",National Environmental Engineering Research Institute,"Residential, Rural and other Areas",15,80,100,NA
144,25-03-14,Delhi,Delhi,"N.Y. SCHOOL, Sarojini Nagar, Delhi",National Environmental Engineering Research Institute,"Residential, Rural and other Areas",21,82,141,NA
144,26-03-14,Delhi,Delhi,"N.Y. SCHOOL, Sarojini Nagar, Delhi",National Environmental Engineering Research Institute,"Residential, Rural and other Areas",17,85,97,NA
144,27-03-14,Delhi,Delhi,"N.Y. SCHOOL, Sarojini Nagar, Delhi",National Environmental Engineering Research Institute,"Residential, Rural and other Areas",12,93,106,NA
144,29-03-14,Delhi,Delhi,"N.Y. SCHOOL, Sarojini Nagar, Delhi",National Environmental Engineering Research Institute,"Residential, Rural and other Areas",8,65,73,NA
144,30-03-14,Delhi,Delhi,"N.Y. SCHOOL, Sarojini Nagar, Delhi",National Environmental Engineering Research Institute,"Residential, Rural and other Areas",9,65,88,NA
144,14-04-14,Delhi,Delhi,"N.Y. SCHOOL, Sarojini Nagar, Delhi",National Environmental Engineering Research Institute,"Residential, Rural and other Areas",8,103,115,NA
144,15-04-14,Delhi,Delhi,"N.Y. SCHOOL, Sarojini Nagar, Delhi",National Environmental Engineering Research Institute,"Residential, Rural and other Areas",6,114,137,NA
144,16-04-14,Delhi,Delhi,"N.Y. SCHOOL, Sarojini Nagar, Delhi",National Environmental Engineering Research Institute,"Residential, Rural and other Areas",19,18,78,NA
144,19-04-14,Delhi,Delhi,"N.Y. SCHOOL, Sarojini Nagar, Delhi",National Environmental Engineering Research Institute,"Residential, Rural and other Areas",10,119,153,NA
144,20-04-14,Delhi,Delhi,"N.Y. SCHOOL, Sarojini Nagar, Delhi",National Environmental Engineering Research Institute,"Residential, Rural and other Areas",9,104,84,NA
144,21-04-14,Delhi,Delhi,"N.Y. SCHOOL, Sarojini Nagar, Delhi",National Environmental Engineering Research Institute,"Residential, Rural and other Areas",13,74,128,NA
144,23-04-14,Delhi,Delhi,"N.Y. SCHOOL, Sarojini Nagar, Delhi",National Environmental Engineering Research Institute,"Residential, Rural and other Areas",11,93,124,NA
144,24-04-14,Delhi,Delhi,"N.Y. SCHOOL, Sarojini Nagar, Delhi",National Environmental Engineering Research Institute,"Residential, Rural and other Areas",12,109,164,NA
144,13-05-14,Delhi,Delhi,"N.Y. SCHOOL, Sarojini Nagar, Delhi",National Environmental Engineering Research Institute,"Residential, Rural and other Areas",2,53,77,NA
144,14-05-14,Delhi,Delhi,"N.Y. SCHOOL, Sarojini Nagar, Delhi",National Environmental Engineering Research Institute,"Residential, Rural and other Areas",8,72,96,NA
144,15-05-14,Delhi,Delhi,"N.Y. SCHOOL, Sarojini Nagar, Delhi",National Environmental Engineering Research Institute,"Residential, Rural and other Areas",5,68,65,NA
144,20-05-14,Delhi,Delhi,"N.Y. SCHOOL, Sarojini Nagar, Delhi",National Environmental Engineering Research Institute,"Residential, Rural and other Areas",4,61,141,NA
144,21-05-14,Delhi,Delhi,"N.Y. SCHOOL, Sarojini Nagar, Delhi",National Environmental Engineering Research Institute,"Residential, Rural and other Areas",5,74,137,NA
144,22-05-14,Delhi,Delhi,"N.Y. SCHOOL, Sarojini Nagar, Delhi",National Environmental Engineering Research Institute,"Residential, Rural and other Areas",5,77,180,NA
144,27-05-14,Delhi,Delhi,"N.Y. SCHOOL, Sarojini Nagar, Delhi",National Environmental Engineering Research Institute,"Residential, Rural and other Areas",15,115,153,NA
144,28-05-14,Delhi,Delhi,"N.Y. SCHOOL, Sarojini Nagar, Delhi",National Environmental Engineering Research Institute,"Residential, Rural and other Areas",5,111,137,NA
144,06-10-14,Delhi,Delhi,"N.Y. SCHOOL, Sarojini Nagar, Delhi",National Environmental Engineering Research Institute,"Residential, Rural and other Areas",3,31,268,NA
144,06-11-14,Delhi,Delhi,"N.Y. SCHOOL, Sarojini Nagar, Delhi",National Environmental Engineering Research Institute,"Residential, Rural and other Areas",2,11,332,NA
144,06-12-14,Delhi,Delhi,"N.Y. SCHOOL, Sarojini Nagar, Delhi",National Environmental Engineering Research Institute,"Residential, Rural and other Areas",2,45,243,NA
144,17-06-14,Delhi,Delhi,"N.Y. SCHOOL, Sarojini Nagar, Delhi",National Environmental Engineering Research Institute,"Residential, Rural and other Areas",4,49,136,NA
144,18-06-14,Delhi,Delhi,"N.Y. SCHOOL, Sarojini Nagar, Delhi",National Environmental Engineering Research Institute,"Residential, Rural and other Areas",2,60,71,NA
144,19-06-14,Delhi,Delhi,"N.Y. SCHOOL, Sarojini Nagar, Delhi",National Environmental Engineering Research Institute,"Residential, Rural and other Areas",2,69,117,NA
144,24-06-14,Delhi,Delhi,"N.Y. SCHOOL, Sarojini Nagar, Delhi",National Environmental Engineering Research Institute,"Residential, Rural and other Areas",2,49,163,NA
144,25-06-14,Delhi,Delhi,"N.Y. SCHOOL, Sarojini Nagar, Delhi",National Environmental Engineering Research Institute,"Residential, Rural and other Areas",2,40,101,NA
144,07-01-14,Delhi,Delhi,"N.Y. SCHOOL, Sarojini Nagar, Delhi",National Environmental Engineering Research Institute,"Residential, Rural and other Areas",4,47,96,NA
144,07-02-14,Delhi,Delhi,"N.Y. SCHOOL, Sarojini Nagar, Delhi",National Environmental Engineering Research Institute,"Residential, Rural and other Areas",2,87,67,NA
144,07-03-14,Delhi,Delhi,"N.Y. SCHOOL, Sarojini Nagar, Delhi",National Environmental Engineering Research Institute,"Residential, Rural and other Areas",4,47,69,NA
144,15-07-14,Delhi,Delhi,"N.Y. SCHOOL, Sarojini Nagar, Delhi",National Environmental Engineering Research Institute,"Residential, Rural and other Areas",6,33,67,NA
144,16-07-14,Delhi,Delhi,"N.Y. SCHOOL, Sarojini Nagar, Delhi",National Environmental Engineering Research Institute,"Residential, Rural and other Areas",7,60,35,NA
144,17-07-14,Delhi,Delhi,"N.Y. SCHOOL, Sarojini Nagar, Delhi",National Environmental Engineering Research Institute,"Residential, Rural and other Areas",2,45,192,NA
144,29-07-14,Delhi,Delhi,"N.Y. SCHOOL, Sarojini Nagar, Delhi",National Environmental Engineering Research Institute,"Residential, Rural and other Areas",3,47,58,NA
144,30-07-14,Delhi,Delhi,"N.Y. SCHOOL, Sarojini Nagar, Delhi",National Environmental Engineering Research Institute,"Residential, Rural and other Areas",3,34,68,NA
144,08-11-14,Delhi,Delhi,"N.Y. SCHOOL, Sarojini Nagar, Delhi",National Environmental Engineering Research Institute,"Residential, Rural and other Areas",2,35,56,NA
144,08-12-14,Delhi,Delhi,"N.Y. SCHOOL, Sarojini Nagar, Delhi",National Environmental Engineering Research Institute,"Residential, Rural and other Areas",2,34,35,NA
144,19-08-14,Delhi,Delhi,"N.Y. SCHOOL, Sarojini Nagar, Delhi",National Environmental Engineering Research Institute,"Residential, Rural and other Areas",2,99,140,NA
144,20-08-14,Delhi,Delhi,"N.Y. SCHOOL, Sarojini Nagar, Delhi",National Environmental Engineering Research Institute,"Residential, Rural and other Areas",2,76,158,NA
144,21-08-14,Delhi,Delhi,"N.Y. SCHOOL, Sarojini Nagar, Delhi",National Environmental Engineering Research Institute,"Residential, Rural and other Areas",2,78,117,NA
144,25-08-14,Delhi,Delhi,"N.Y. SCHOOL, Sarojini Nagar, Delhi",National Environmental Engineering Research Institute,"Residential, Rural and other Areas",2,63,65,NA
144,26-08-14,Delhi,Delhi,"N.Y. SCHOOL, Sarojini Nagar, Delhi",National Environmental Engineering Research Institute,"Residential, Rural and other Areas",2,67,47,NA
144,27-08-14,Delhi,Delhi,"N.Y. SCHOOL, Sarojini Nagar, Delhi",National Environmental Engineering Research Institute,"Residential, Rural and other Areas",4,63,67,NA
144,09-02-14,Delhi,Delhi,"N.Y. SCHOOL, Sarojini Nagar, Delhi",National Environmental Engineering Research Institute,"Residential, Rural and other Areas",2,45,39,NA
144,09-03-14,Delhi,Delhi,"N.Y. SCHOOL, Sarojini Nagar, Delhi",National Environmental Engineering Research Institute,"Residential, Rural and other Areas",3,51,22,NA
144,09-04-14,Delhi,Delhi,"N.Y. SCHOOL, Sarojini Nagar, Delhi",National Environmental Engineering Research Institute,"Residential, Rural and other Areas",12,37,21,NA
144,09-10-14,Delhi,Delhi,"N.Y. SCHOOL, Sarojini Nagar, Delhi",National Environmental Engineering Research Institute,"Residential, Rural and other Areas",3,66,53,NA
144,09-11-14,Delhi,Delhi,"N.Y. SCHOOL, Sarojini Nagar, Delhi",National Environmental Engineering Research Institute,"Residential, Rural and other Areas",4,51,57,NA
144,16-09-14,Delhi,Delhi,"N.Y. SCHOOL, Sarojini Nagar, Delhi",National Environmental Engineering Research Institute,"Residential, Rural and other Areas",2,55,52,NA
144,17-09-14,Delhi,Delhi,"N.Y. SCHOOL, Sarojini Nagar, Delhi",National Environmental Engineering Research Institute,"Residential, Rural and other Areas",2,81,56,NA
144,10-04-14,Delhi,Delhi,"N.Y. SCHOOL, Sarojini Nagar, Delhi",National Environmental Engineering Research Institute,"Residential, Rural and other Areas",2,90,129,NA
144,10-05-14,Delhi,Delhi,"N.Y. SCHOOL, Sarojini Nagar, Delhi",National Environmental Engineering Research Institute,"Residential, Rural and other Areas",2,68,157,NA
144,10-09-14,Delhi,Delhi,"N.Y. SCHOOL, Sarojini Nagar, Delhi",National Environmental Engineering Research Institute,"Residential, Rural and other Areas",8,62,51,NA
144,18-11-14,Delhi,Delhi,"N.Y. SCHOOL, Sarojini Nagar, Delhi",National Environmental Engineering Research Institute,"Residential, Rural and other Areas",5,185,194,NA
144,19-11-14,Delhi,Delhi,"N.Y. SCHOOL, Sarojini Nagar, Delhi",National Environmental Engineering Research Institute,"Residential, Rural and other Areas",7,177,254,NA
144,20-11-14,Delhi,Delhi,"N.Y. SCHOOL, Sarojini Nagar, Delhi",National Environmental Engineering Research Institute,"Residential, Rural and other Areas",4,176,258,NA
144,25-11-14,Delhi,Delhi,"N.Y. SCHOOL, Sarojini Nagar, Delhi",National Environmental Engineering Research Institute,"Residential, Rural and other Areas",9,152,219,NA
144,26-11-14,Delhi,Delhi,"N.Y. SCHOOL, Sarojini Nagar, Delhi",National Environmental Engineering Research Institute,"Residential, Rural and other Areas",16,146,274,NA
144,27-11-14,Delhi,Delhi,"N.Y. SCHOOL, Sarojini Nagar, Delhi",National Environmental Engineering Research Institute,"Residential, Rural and other Areas",20,160,355,NA
144,28-11-14,Delhi,Delhi,"N.Y. SCHOOL, Sarojini Nagar, Delhi",National Environmental Engineering Research Institute,"Residential, Rural and other Areas",7,157,366,NA
144,29-11-14,Delhi,Delhi,"N.Y. SCHOOL, Sarojini Nagar, Delhi",National Environmental Engineering Research Institute,"Residential, Rural and other Areas",19,145,306,NA
144,12-04-14,Delhi,Delhi,"N.Y. SCHOOL, Sarojini Nagar, Delhi",National Environmental Engineering Research Institute,"Residential, Rural and other Areas",7,121,228,NA
144,12-05-14,Delhi,Delhi,"N.Y. SCHOOL, Sarojini Nagar, Delhi",National Environmental Engineering Research Institute,"Residential, Rural and other Areas",4,122,249,NA
144,12-10-14,Delhi,Delhi,"N.Y. SCHOOL, Sarojini Nagar, Delhi",National Environmental Engineering Research Institute,"Residential, Rural and other Areas",17,143,247,NA
144,12-11-14,Delhi,Delhi,"N.Y. SCHOOL, Sarojini Nagar, Delhi",National Environmental Engineering Research Institute,"Residential, Rural and other Areas",13,150,286,NA
144,12-12-14,Delhi,Delhi,"N.Y. SCHOOL, Sarojini Nagar, Delhi",National Environmental Engineering Research Institute,"Residential, Rural and other Areas",12,172,500,NA
144,16-12-14,Delhi,Delhi,"N.Y. SCHOOL, Sarojini Nagar, Delhi",National Environmental Engineering Research Institute,"Residential, Rural and other Areas",7,100,223,NA
144,17-12-14,Delhi,Delhi,"N.Y. SCHOOL, Sarojini Nagar, Delhi",National Environmental Engineering Research Institute,"Residential, Rural and other Areas",8,119,245,NA
144,18-12-14,Delhi,Delhi,"N.Y. SCHOOL, Sarojini Nagar, Delhi",National Environmental Engineering Research Institute,"Residential, Rural and other Areas",14,123,403,NA
146,01-07-14,Delhi,Delhi,"Town Hall, Ayurvedic Dispensary, Chandni Chowk, Delhi",National Environmental Engineering Research Institute,"Residential, Rural and other Areas",12,114,421,NA
146,01-08-14,Delhi,Delhi,"Town Hall, Ayurvedic Dispensary, Chandni Chowk, Delhi",National Environmental Engineering Research Institute,"Residential, Rural and other Areas",14,91,459,NA
146,01-09-14,Delhi,Delhi,"Town Hall, Ayurvedic Dispensary, Chandni Chowk, Delhi",National Environmental Engineering Research Institute,"Residential, Rural and other Areas",14,106,541,NA
146,15-01-14,Delhi,Delhi,"Town Hall, Ayurvedic Dispensary, Chandni Chowk, Delhi",National Environmental Engineering Research Institute,"Residential, Rural and other Areas",10,114,499,NA
146,16-01-14,Delhi,Delhi,"Town Hall, Ayurvedic Dispensary, Chandni Chowk, Delhi",National Environmental Engineering Research Institute,"Residential, Rural and other Areas",6,82,444,NA
146,17-01-14,Delhi,Delhi,"Town Hall, Ayurvedic Dispensary, Chandni Chowk, Delhi",National Environmental Engineering Research Institute,"Residential, Rural and other Areas",2,75,228,NA
146,28-01-14,Delhi,Delhi,"Town Hall, Ayurvedic Dispensary, Chandni Chowk, Delhi",National Environmental Engineering Research Institute,"Residential, Rural and other Areas",6,60,368,NA
146,29-01-14,Delhi,Delhi,"Town Hall, Ayurvedic Dispensary, Chandni Chowk, Delhi",National Environmental Engineering Research Institute,"Residential, Rural and other Areas",3,59,327,NA
146,02-04-14,Delhi,Delhi,"Town Hall, Ayurvedic Dispensary, Chandni Chowk, Delhi",National Environmental Engineering Research Institute,"Residential, Rural and other Areas",5,110,221,NA
146,02-05-14,Delhi,Delhi,"Town Hall, Ayurvedic Dispensary, Chandni Chowk, Delhi",National Environmental Engineering Research Institute,"Residential, Rural and other Areas",16,112,226,NA
146,02-06-14,Delhi,Delhi,"Town Hall, Ayurvedic Dispensary, Chandni Chowk, Delhi",National Environmental Engineering Research Institute,"Residential, Rural and other Areas",18,97,143,NA
146,02-12-14,Delhi,Delhi,"Town Hall, Ayurvedic Dispensary, Chandni Chowk, Delhi",National Environmental Engineering Research Institute,"Residential, Rural and other Areas",3,90,217,NA
146,13-02-14,Delhi,Delhi,"Town Hall, Ayurvedic Dispensary, Chandni Chowk, Delhi",National Environmental Engineering Research Institute,"Residential, Rural and other Areas",4,85,145,NA
146,14-02-14,Delhi,Delhi,"Town Hall, Ayurvedic Dispensary, Chandni Chowk, Delhi",National Environmental Engineering Research Institute,"Residential, Rural and other Areas",4,46,136,NA
146,25-02-14,Delhi,Delhi,"Town Hall, Ayurvedic Dispensary, Chandni Chowk, Delhi",National Environmental Engineering Research Institute,"Residential, Rural and other Areas",17,109,244,NA
146,26-02-14,Delhi,Delhi,"Town Hall, Ayurvedic Dispensary, Chandni Chowk, Delhi",National Environmental Engineering Research Institute,"Residential, Rural and other Areas",21,112,213,NA
146,03-04-14,Delhi,Delhi,"Town Hall, Ayurvedic Dispensary, Chandni Chowk, Delhi",National Environmental Engineering Research Institute,"Residential, Rural and other Areas",9,106,138,NA
146,03-05-14,Delhi,Delhi,"Town Hall, Ayurvedic Dispensary, Chandni Chowk, Delhi",National Environmental Engineering Research Institute,"Residential, Rural and other Areas",6,87,98,NA
146,03-06-14,Delhi,Delhi,"Town Hall, Ayurvedic Dispensary, Chandni Chowk, Delhi",National Environmental Engineering Research Institute,"Residential, Rural and other Areas",3,82,133,NA
146,19-03-14,Delhi,Delhi,"Town Hall, Ayurvedic Dispensary, Chandni Chowk, Delhi",National Environmental Engineering Research Institute,"Residential, Rural and other Areas",8,76,118,NA
146,20-03-14,Delhi,Delhi,"Town Hall, Ayurvedic Dispensary, Chandni Chowk, Delhi",National Environmental Engineering Research Institute,"Residential, Rural and other Areas",17,109,139,NA
146,21-03-14,Delhi,Delhi,"Town Hall, Ayurvedic Dispensary, Chandni Chowk, Delhi",National Environmental Engineering Research Institute,"Residential, Rural and other Areas",27,99,137,NA
146,25-03-14,Delhi,Delhi,"Town Hall, Ayurvedic Dispensary, Chandni Chowk, Delhi",National Environmental Engineering Research Institute,"Residential, Rural and other Areas",24,83,155,NA
146,26-03-14,Delhi,Delhi,"Town Hall, Ayurvedic Dispensary, Chandni Chowk, Delhi",National Environmental Engineering Research Institute,"Residential, Rural and other Areas",25,84,131,NA
146,04-01-14,Delhi,Delhi,"Town Hall, Ayurvedic Dispensary, Chandni Chowk, Delhi",National Environmental Engineering Research Institute,"Residential, Rural and other Areas",24,108,214,NA
146,04-02-14,Delhi,Delhi,"Town Hall, Ayurvedic Dispensary, Chandni Chowk, Delhi",National Environmental Engineering Research Institute,"Residential, Rural and other Areas",7,85,128,NA
146,04-03-14,Delhi,Delhi,"Town Hall, Ayurvedic Dispensary, Chandni Chowk, Delhi",National Environmental Engineering Research Institute,"Residential, Rural and other Areas",4,85,81,NA
146,04-11-14,Delhi,Delhi,"Town Hall, Ayurvedic Dispensary, Chandni Chowk, Delhi",National Environmental Engineering Research Institute,"Residential, Rural and other Areas",15,134,219,NA
146,04-12-14,Delhi,Delhi,"Town Hall, Ayurvedic Dispensary, Chandni Chowk, Delhi",National Environmental Engineering Research Institute,"Residential, Rural and other Areas",18,120,246,NA
146,13-04-14,Delhi,Delhi,"Town Hall, Ayurvedic Dispensary, Chandni Chowk, Delhi",National Environmental Engineering Research Institute,"Residential, Rural and other Areas",21,76,177,NA
146,28-04-14,Delhi,Delhi,"Town Hall, Ayurvedic Dispensary, Chandni Chowk, Delhi",National Environmental Engineering Research Institute,"Residential, Rural and other Areas",3,122,198,NA
146,29-04-14,Delhi,Delhi,"Town Hall, Ayurvedic Dispensary, Chandni Chowk, Delhi",National Environmental Engineering Research Institute,"Residential, Rural and other Areas",6,117,239,NA
146,05-06-14,Delhi,Delhi,"Town Hall, Ayurvedic Dispensary, Chandni Chowk, Delhi",National Environmental Engineering Research Institute,"Residential, Rural and other Areas",5,109,134,NA
146,05-07-14,Delhi,Delhi,"Town Hall, Ayurvedic Dispensary, Chandni Chowk, Delhi",National Environmental Engineering Research Institute,"Residential, Rural and other Areas",15,113,281,NA
146,05-08-14,Delhi,Delhi,"Town Hall, Ayurvedic Dispensary, Chandni Chowk, Delhi",National Environmental Engineering Research Institute,"Residential, Rural and other Areas",2,96,211,NA
146,20-05-14,Delhi,Delhi,"Town Hall, Ayurvedic Dispensary, Chandni Chowk, Delhi",National Environmental Engineering Research Institute,"Residential, Rural and other Areas",8,94,143,NA
146,21-05-14,Delhi,Delhi,"Town Hall, Ayurvedic Dispensary, Chandni Chowk, Delhi",National Environmental Engineering Research Institute,"Residential, Rural and other Areas",6,81,152,NA
146,22-05-14,Delhi,Delhi,"Town Hall, Ayurvedic Dispensary, Chandni Chowk, Delhi",National Environmental Engineering Research Institute,"Residential, Rural and other Areas",13,103,182,NA
146,29-05-14,Delhi,Delhi,"Town Hall, Ayurvedic Dispensary, Chandni Chowk, Delhi",National Environmental Engineering Research Institute,"Residential, Rural and other Areas",2,103,256,NA
146,30-05-14,Delhi,Delhi,"Town Hall, Ayurvedic Dispensary, Chandni Chowk, Delhi",National Environmental Engineering Research Institute,"Residential, Rural and other Areas",11,118,208,NA
146,06-03-14,Delhi,Delhi,"Town Hall, Ayurvedic Dispensary, Chandni Chowk, Delhi",National Environmental Engineering Research Institute,"Residential, Rural and other Areas",3,106,216,NA
146,06-04-14,Delhi,Delhi,"Town Hall, Ayurvedic Dispensary, Chandni Chowk, Delhi",National Environmental Engineering Research Institute,"Residential, Rural and other Areas",2,103,214,NA
146,06-05-14,Delhi,Delhi,"Town Hall, Ayurvedic Dispensary, Chandni Chowk, Delhi",National Environmental Engineering Research Institute,"Residential, Rural and other Areas",2,113,193,NA
146,06-10-14,Delhi,Delhi,"Town Hall, Ayurvedic Dispensary, Chandni Chowk, Delhi",National Environmental Engineering Research Institute,"Residential, Rural and other Areas",3,44,242,NA
146,06-11-14,Delhi,Delhi,"Town Hall, Ayurvedic Dispensary, Chandni Chowk, Delhi",National Environmental Engineering Research Institute,"Residential, Rural and other Areas",2,44,289,NA
146,06-12-14,Delhi,Delhi,"Town Hall, Ayurvedic Dispensary, Chandni Chowk, Delhi",National Environmental Engineering Research Institute,"Residential, Rural and other Areas",2,24,187,NA
146,24-06-14,Delhi,Delhi,"Town Hall, Ayurvedic Dispensary, Chandni Chowk, Delhi",National Environmental Engineering Research Institute,"Residential, Rural and other Areas",2,65,154,NA
146,25-06-14,Delhi,Delhi,"Town Hall, Ayurvedic Dispensary, Chandni Chowk, Delhi",National Environmental Engineering Research Institute,"Residential, Rural and other Areas",2,69,142,NA
146,07-01-14,Delhi,Delhi,"Town Hall, Ayurvedic Dispensary, Chandni Chowk, Delhi",National Environmental Engineering Research Institute,"Residential, Rural and other Areas",6,72,98,NA
146,07-02-14,Delhi,Delhi,"Town Hall, Ayurvedic Dispensary, Chandni Chowk, Delhi",National Environmental Engineering Research Institute,"Residential, Rural and other Areas",2,91,94,NA
146,07-03-14,Delhi,Delhi,"Town Hall, Ayurvedic Dispensary, Chandni Chowk, Delhi",National Environmental Engineering Research Institute,"Residential, Rural and other Areas",2,48,81,NA
146,07-08-14,Delhi,Delhi,"Town Hall, Ayurvedic Dispensary, Chandni Chowk, Delhi",National Environmental Engineering Research Institute,"Residential, Rural and other Areas",2,63,222,NA
146,07-09-14,Delhi,Delhi,"Town Hall, Ayurvedic Dispensary, Chandni Chowk, Delhi",National Environmental Engineering Research Institute,"Residential, Rural and other Areas",2,66,182,NA
146,07-10-14,Delhi,Delhi,"Town Hall, Ayurvedic Dispensary, Chandni Chowk, Delhi",National Environmental Engineering Research Institute,"Residential, Rural and other Areas",2,65,168,NA
146,22-07-14,Delhi,Delhi,"Town Hall, Ayurvedic Dispensary, Chandni Chowk, Delhi",National Environmental Engineering Research Institute,"Residential, Rural and other Areas",2,93,47,NA
146,23-07-14,Delhi,Delhi,"Town Hall, Ayurvedic Dispensary, Chandni Chowk, Delhi",National Environmental Engineering Research Institute,"Residential, Rural and other Areas",5,55,39,NA
146,08-05-14,Delhi,Delhi,"Town Hall, Ayurvedic Dispensary, Chandni Chowk, Delhi",National Environmental Engineering Research Institute,"Residential, Rural and other Areas",4,105,106,NA
146,08-06-14,Delhi,Delhi,"Town Hall, Ayurvedic Dispensary, Chandni Chowk, Delhi",National Environmental Engineering Research Institute,"Residential, Rural and other Areas",7,55,43,NA
146,08-07-14,Delhi,Delhi,"Town Hall, Ayurvedic Dispensary, Chandni Chowk, Delhi",National Environmental Engineering Research Institute,"Residential, Rural and other Areas",7,56,52,NA
146,19-08-14,Delhi,Delhi,"Town Hall, Ayurvedic Dispensary, Chandni Chowk, Delhi",National Environmental Engineering Research Institute,"Residential, Rural and other Areas",2,92,129,NA
146,20-08-14,Delhi,Delhi,"Town Hall, Ayurvedic Dispensary, Chandni Chowk, Delhi",National Environmental Engineering Research Institute,"Residential, Rural and other Areas",2,88,110,NA
146,21-08-14,Delhi,Delhi,"Town Hall, Ayurvedic Dispensary, Chandni Chowk, Delhi",National Environmental Engineering Research Institute,"Residential, Rural and other Areas",2,89,98,NA
146,29-08-14,Delhi,Delhi,"Town Hall, Ayurvedic Dispensary, Chandni Chowk, Delhi",National Environmental Engineering Research Institute,"Residential, Rural and other Areas",5,106,100,NA
146,30-08-14,Delhi,Delhi,"Town Hall, Ayurvedic Dispensary, Chandni Chowk, Delhi",National Environmental Engineering Research Institute,"Residential, Rural and other Areas",5,105,78,NA
146,09-02-14,Delhi,Delhi,"Town Hall, Ayurvedic Dispensary, Chandni Chowk, Delhi",National Environmental Engineering Research Institute,"Residential, Rural and other Areas",2,44,29,NA
146,09-03-14,Delhi,Delhi,"Town Hall, Ayurvedic Dispensary, Chandni Chowk, Delhi",National Environmental Engineering Research Institute,"Residential, Rural and other Areas",2,43,29,NA
146,09-04-14,Delhi,Delhi,"Town Hall, Ayurvedic Dispensary, Chandni Chowk, Delhi",National Environmental Engineering Research Institute,"Residential, Rural and other Areas",2,36,25,NA
146,09-09-14,Delhi,Delhi,"Town Hall, Ayurvedic Dispensary, Chandni Chowk, Delhi",National Environmental Engineering Research Institute,"Residential, Rural and other Areas",3,67,65,NA
146,09-10-14,Delhi,Delhi,"Town Hall, Ayurvedic Dispensary, Chandni Chowk, Delhi",National Environmental Engineering Research Institute,"Residential, Rural and other Areas",3,85,61,NA
146,09-11-14,Delhi,Delhi,"Town Hall, Ayurvedic Dispensary, Chandni Chowk, Delhi",National Environmental Engineering Research Institute,"Residential, Rural and other Areas",12,90,59,NA
146,23-09-14,Delhi,Delhi,"Town Hall, Ayurvedic Dispensary, Chandni Chowk, Delhi",National Environmental Engineering Research Institute,"Residential, Rural and other Areas",2,73,97,NA
146,24-09-14,Delhi,Delhi,"Town Hall, Ayurvedic Dispensary, Chandni Chowk, Delhi",National Environmental Engineering Research Institute,"Residential, Rural and other Areas",4,69,86,NA
146,10-04-14,Delhi,Delhi,"Town Hall, Ayurvedic Dispensary, Chandni Chowk, Delhi",National Environmental Engineering Research Institute,"Residential, Rural and other Areas",2,88,154,NA
146,10-05-14,Delhi,Delhi,"Town Hall, Ayurvedic Dispensary, Chandni Chowk, Delhi",National Environmental Engineering Research Institute,"Residential, Rural and other Areas",2,73,144,NA
146,11-04-14,Delhi,Delhi,"Town Hall, Ayurvedic Dispensary, Chandni Chowk, Delhi",National Environmental Engineering Research Institute,"Residential, Rural and other Areas",2,136,305,NA
146,11-05-14,Delhi,Delhi,"Town Hall, Ayurvedic Dispensary, Chandni Chowk, Delhi",National Environmental Engineering Research Institute,"Residential, Rural and other Areas",2,111,269,NA
146,11-06-14,Delhi,Delhi,"Town Hall, Ayurvedic Dispensary, Chandni Chowk, Delhi",National Environmental Engineering Research Institute,"Residential, Rural and other Areas",2,133,296,NA
146,11-11-14,Delhi,Delhi,"Town Hall, Ayurvedic Dispensary, Chandni Chowk, Delhi",National Environmental Engineering Research Institute,"Residential, Rural and other Areas",6,152,407,NA
146,11-12-14,Delhi,Delhi,"Town Hall, Ayurvedic Dispensary, Chandni Chowk, Delhi",National Environmental Engineering Research Institute,"Residential, Rural and other Areas",3,156,429,NA
146,13-11-14,Delhi,Delhi,"Town Hall, Ayurvedic Dispensary, Chandni Chowk, Delhi",National Environmental Engineering Research Institute,"Residential, Rural and other Areas",6,164,327,NA
146,25-11-14,Delhi,Delhi,"Town Hall, Ayurvedic Dispensary, Chandni Chowk, Delhi",National Environmental Engineering Research Institute,"Residential, Rural and other Areas",12,162,268,NA
146,26-11-14,Delhi,Delhi,"Town Hall, Ayurvedic Dispensary, Chandni Chowk, Delhi",National Environmental Engineering Research Institute,"Residential, Rural and other Areas",11,167,309,NA
146,16-12-14,Delhi,Delhi,"Town Hall, Ayurvedic Dispensary, Chandni Chowk, Delhi",National Environmental Engineering Research Institute,"Residential, Rural and other Areas",14,127,250,NA
146,17-12-14,Delhi,Delhi,"Town Hall, Ayurvedic Dispensary, Chandni Chowk, Delhi",National Environmental Engineering Research Institute,"Residential, Rural and other Areas",10,118,289,NA
146,18-12-14,Delhi,Delhi,"Town Hall, Ayurvedic Dispensary, Chandni Chowk, Delhi",National Environmental Engineering Research Institute,"Residential, Rural and other Areas",15,114,400,NA
146,23-12-14,Delhi,Delhi,"Town Hall, Ayurvedic Dispensary, Chandni Chowk, Delhi",National Environmental Engineering Research Institute,"Residential, Rural and other Areas",2,175,567,NA
146,24-12-14,Delhi,Delhi,"Town Hall, Ayurvedic Dispensary, Chandni Chowk, Delhi",National Environmental Engineering Research Institute,"Residential, Rural and other Areas",3,124,375,NA
146,25-12-14,Delhi,Delhi,"Town Hall, Ayurvedic Dispensary, Chandni Chowk, Delhi",National Environmental Engineering Research Institute,"Residential, Rural and other Areas",2,125,283,NA
146,29-12-14,Delhi,Delhi,"Town Hall, Ayurvedic Dispensary, Chandni Chowk, Delhi",National Environmental Engineering Research Institute,"Residential, Rural and other Areas",6,166,452,NA
146,30-12-14,Delhi,Delhi,"Town Hall, Ayurvedic Dispensary, Chandni Chowk, Delhi",National Environmental Engineering Research Institute,"Residential, Rural and other Areas",2,118,288,NA
