Stn Code,Sampling Date,State,City/Town/Village/Area,Location of Monitoring Station,Agency,Type of Location,SO2,NO2,RSPM/PM10,SPM
55,1/5/2004,Delhi,Delhi,"Nizamuddin, Delhi",Central Pollution Control Board,"Residential, Rural and other Areas",NA,NA,136,323
55,1/8/2004,Delhi,Delhi,"Nizamuddin, Delhi",Central Pollution Control Board,"Residential, Rural and other Areas",NA,NA,93,284
55,13-01-04,Delhi,Delhi,"Nizamuddin, Delhi",Central Pollution Control Board,"Residential, Rural and other Areas",NA,NA,125.33,381
55,16-01-04,Delhi,Delhi,"Nizamuddin, Delhi",Central Pollution Control Board,"Residential, Rural and other Areas",NA,NA,171,NA
55,18-01-04,Delhi,Delhi,"Nizamuddin, Delhi",Central Pollution Control Board,"Residential, Rural and other Areas",NA,NA,208,428
55,21-01-04,Delhi,Delhi,"Nizamuddin, Delhi",Central Pollution Control Board,"Residential, Rural and other Areas",NA,NA,120,NA
55,27-01-04,Delhi,Delhi,"Nizamuddin, Delhi",Central Pollution Control Board,"Residential, Rural and other Areas",NA,NA,115.33,187
55,2/3/2004,Delhi,Delhi,"Nizamuddin, Delhi",Central Pollution Control Board,"Residential, Rural and other Areas",NA,NA,69.67,210
55,2/5/2004,Delhi,Delhi,"Nizamuddin, Delhi",Central Pollution Control Board,"Residential, Rural and other Areas",NA,NA,81,254
55,2/6/2004,Delhi,Delhi,"Nizamuddin, Delhi",Central Pollution Control Board,"Residential, Rural and other Areas",NA,NA,150,288
55,2/11/2004,Delhi,Delhi,"Nizamuddin, Delhi",Central Pollution Control Board,"Residential, Rural and other Areas",NA,NA,96.33,179
55,16-02-04,Delhi,Delhi,"Nizamuddin, Delhi",Central Pollution Control Board,"Residential, Rural and other Areas",NA,NA,101,259
55,20-02-04,Delhi,Delhi,"Nizamuddin, Delhi",Central Pollution Control Board,"Residential, Rural and other Areas",NA,NA,80,258
55,3/3/2004,Delhi,Delhi,"Nizamuddin, Delhi",Central Pollution Control Board,"Residential, Rural and other Areas",NA,NA,112.67,380
55,3/6/2004,Delhi,Delhi,"Nizamuddin, Delhi",Central Pollution Control Board,"Residential, Rural and other Areas",NA,NA,184,659
55,3/8/2004,Delhi,Delhi,"Nizamuddin, Delhi",Central Pollution Control Board,"Residential, Rural and other Areas",NA,NA,156.67,316
55,3/11/2004,Delhi,Delhi,"Nizamuddin, Delhi",Central Pollution Control Board,"Residential, Rural and other Areas",NA,NA,144.33,308
55,16-03-04,Delhi,Delhi,"Nizamuddin, Delhi",Central Pollution Control Board,"Residential, Rural and other Areas",NA,NA,113,337
55,19-03-04,Delhi,Delhi,"Nizamuddin, Delhi",Central Pollution Control Board,"Residential, Rural and other Areas",NA,NA,157,484
55,24-03-04,Delhi,Delhi,"Nizamuddin, Delhi",Central Pollution Control Board,"Residential, Rural and other Areas",NA,NA,122.67,275
55,29-03-04,Delhi,Delhi,"Nizamuddin, Delhi",Central Pollution Control Board,"Residential, Rural and other Areas",NA,NA,122.67,254
55,4/5/2004,Delhi,Delhi,"Nizamuddin, Delhi",Central Pollution Control Board,"Residential, Rural and other Areas",NA,NA,124.33,386
55,4/8/2004,Delhi,Delhi,"Nizamuddin, Delhi",Central Pollution Control Board,"Residential, Rural and other Areas",NA,NA,187.33,708
55,15-04-04,Delhi,Delhi,"Nizamuddin, Delhi",Central Pollution Control Board,"Residential, Rural and other Areas",NA,NA,196.67,540
55,20-04-04,Delhi,Delhi,"Nizamuddin, Delhi",Central Pollution Control Board,"Residential, Rural and other Areas",NA,NA,153,613
55,23-04-04,Delhi,Delhi,"Nizamuddin, Delhi",Central Pollution Control Board,"Residential, Rural and other Areas",NA,NA,93,352
55,28-04-04,Delhi,Delhi,"Nizamuddin, Delhi",Central Pollution Control Board,"Residential, Rural and other Areas",NA,NA,98,231
55,5/6/2004,Delhi,Delhi,"Nizamuddin, Delhi",Central Pollution Control Board,"Residential, Rural and other Areas",NA,NA,254.67,424
55,5/12/2004,Delhi,Delhi,"Nizamuddin, Delhi",Central Pollution Control Board,"Residential, Rural and other Areas",NA,NA,260,560
55,17-05-04,Delhi,Delhi,"Nizamuddin, Delhi",Central Pollution Control Board,"Residential, Rural and other Areas",NA,NA,178,426
55,20-05-04,Delhi,Delhi,"Nizamuddin, Delhi",Central Pollution Control Board,"Residential, Rural and other Areas",NA,NA,415.5,1008
55,25-05-04,Delhi,Delhi,"Nizamuddin, Delhi",Central Pollution Control Board,"Residential, Rural and other Areas",NA,NA,113.67,387
55,28-05-04,Delhi,Delhi,"Nizamuddin, Delhi",Central Pollution Control Board,"Residential, Rural and other Areas",NA,NA,159.33,241
55,6/8/2004,Delhi,Delhi,"Nizamuddin, Delhi",Central Pollution Control Board,"Residential, Rural and other Areas",NA,NA,112.33,369
55,6/11/2004,Delhi,Delhi,"Nizamuddin, Delhi",Central Pollution Control Board,"Residential, Rural and other Areas",NA,NA,109,154
55,16-06-04,Delhi,Delhi,"Nizamuddin, Delhi",Central Pollution Control Board,"Residential, Rural and other Areas",NA,NA,70.33,344
55,21-06-04,Delhi,Delhi,"Nizamuddin, Delhi",Central Pollution Control Board,"Residential, Rural and other Areas",NA,NA,107.33,276
55,24-06-04,Delhi,Delhi,"Nizamuddin, Delhi",Central Pollution Control Board,"Residential, Rural and other Areas",NA,NA,256.67,490
55,29-06-04,Delhi,Delhi,"Nizamuddin, Delhi",Central Pollution Control Board,"Residential, Rural and other Areas",NA,NA,79.5,178
55,7/5/2004,Delhi,Delhi,"Nizamuddin, Delhi",Central Pollution Control Board,"Residential, Rural and other Areas",NA,NA,50.33,203
55,7/8/2004,Delhi,Delhi,"Nizamuddin, Delhi",Central Pollution Control Board,"Residential, Rural and other Areas",NA,NA,51.67,406
55,13-07-04,Delhi,Delhi,"Nizamuddin, Delhi",Central Pollution Control Board,"Residential, Rural and other Areas",NA,NA,103.33,448
55,16-07-04,Delhi,Delhi,"Nizamuddin, Delhi",Central Pollution Control Board,"Residential, Rural and other Areas",NA,NA,201,465
55,21-07-04,Delhi,Delhi,"Nizamuddin, Delhi",Central Pollution Control Board,"Residential, Rural and other Areas",NA,NA,219,430
55,26-07-04,Delhi,Delhi,"Nizamuddin, Delhi",Central Pollution Control Board,"Residential, Rural and other Areas",NA,NA,65.33,362
55,29-07-04,Delhi,Delhi,"Nizamuddin, Delhi",Central Pollution Control Board,"Residential, Rural and other Areas",NA,NA,133,262
55,8/4/2004,Delhi,Delhi,"Nizamuddin, Delhi",Central Pollution Control Board,"Residential, Rural and other Areas",NA,NA,53.33,137
55,8/9/2004,Delhi,Delhi,"Nizamuddin, Delhi",Central Pollution Control Board,"Residential, Rural and other Areas",NA,NA,95,206
55,8/12/2004,Delhi,Delhi,"Nizamuddin, Delhi",Central Pollution Control Board,"Residential, Rural and other Areas",NA,NA,59,178
55,17-08-04,Delhi,Delhi,"Nizamuddin, Delhi",Central Pollution Control Board,"Residential, Rural and other Areas",NA,NA,77.67,265
55,20-08-04,Delhi,Delhi,"Nizamuddin, Delhi",Central Pollution Control Board,"Residential, Rural and other Areas",NA,NA,58.33,224
55,25-08-04,Delhi,Delhi,"Nizamuddin, Delhi",Central Pollution Control Board,"Residential, Rural and other Areas",NA,NA,37,85
55,30-08-04,Delhi,Delhi,"Nizamuddin, Delhi",Central Pollution Control Board,"Residential, Rural and other Areas",NA,NA,75.67,201
55,9/3/2004,Delhi,Delhi,"Nizamuddin, Delhi",Central Pollution Control Board,"Residential, Rural and other Areas",NA,NA,101,164
55,9/9/2004,Delhi,Delhi,"Nizamuddin, Delhi",Central Pollution Control Board,"Residential, Rural and other Areas",NA,NA,99.33,311
55,14-09-04,Delhi,Delhi,"Nizamuddin, Delhi",Central Pollution Control Board,"Residential, Rural and other Areas",NA,NA,125,245
55,17-09-04,Delhi,Delhi,"Nizamuddin, Delhi",Central Pollution Control Board,"Residential, Rural and other Areas",NA,NA,135.33,220
55,22-09-04,Delhi,Delhi,"Nizamuddin, Delhi",Central Pollution Control Board,"Residential, Rural and other Areas",NA,NA,84,205
55,27-09-04,Delhi,Delhi,"Nizamuddin, Delhi",Central Pollution Control Board,"Residential, Rural and other Areas",NA,NA,133.33,364
55,10/1/2004,Delhi,Delhi,"Nizamuddin, Delhi",Central Pollution Control Board,"Residential, Rural and other Areas",NA,NA,104,220
55,10/6/2004,Delhi,Delhi,"Nizamuddin, Delhi",Central Pollution Control Board,"Residential, Rural and other Areas",NA,NA,81,158
55,10/11/2004,Delhi,Delhi,"Nizamuddin, Delhi",Central Pollution Control Board,"Residential, Rural and other Areas",NA,NA,73,119
55,14-10-04,Delhi,Delhi,"Nizamuddin, Delhi",Central Pollution Control Board,"Residential, Rural and other Areas",NA,NA,108,262
55,19-10-04,Delhi,Delhi,"Nizamuddin, Delhi",Central Pollution Control Board,"Residential, Rural and other Areas",NA,NA,150.67,396
55,25-10-04,Delhi,Delhi,"Nizamuddin, Delhi",Central Pollution Control Board,"Residential, Rural and other Areas",NA,NA,221,445
55,28-10-04,Delhi,Delhi,"Nizamuddin, Delhi",Central Pollution Control Board,"Residential, Rural and other Areas",NA,NA,233.67,536
55,11/3/2004,Delhi,Delhi,"Nizamuddin, Delhi",Central Pollution Control Board,"Residential, Rural and other Areas",NA,NA,131.67,266
55,11/8/2004,Delhi,Delhi,"Nizamuddin, Delhi",Central Pollution Control Board,"Residential, Rural and other Areas",NA,NA,139.5,286
55,23-11-04,Delhi,Delhi,"Nizamuddin, Delhi",Central Pollution Control Board,"Residential, Rural and other Areas",NA,NA,137,479
55,29-11-04,Delhi,Delhi,"Nizamuddin, Delhi",Central Pollution Control Board,"Residential, Rural and other Areas",NA,NA,156,456
55,12/3/2004,Delhi,Delhi,"Nizamuddin, Delhi",Central Pollution Control Board,"Residential, Rural and other Areas",NA,NA,133.5,394
55,12/8/2004,Delhi,Delhi,"Nizamuddin, Delhi",Central Pollution Control Board,"Residential, Rural and other Areas",NA,NA,134.5,494
55,13-12-04,Delhi,Delhi,"Nizamuddin, Delhi",Central Pollution Control Board,"Residential, Rural and other Areas",NA,NA,110.5,363
55,16-12-04,Delhi,Delhi,"Nizamuddin, Delhi",Central Pollution Control Board,"Residential, Rural and other Areas",NA,NA,116.5,376
55,21-12-04,Delhi,Delhi,"Nizamuddin, Delhi",Central Pollution Control Board,"Residential, Rural and other Areas",NA,NA,193.5,361
55,24-12-04,Delhi,Delhi,"Nizamuddin, Delhi",Central Pollution Control Board,"Residential, Rural and other Areas",NA,NA,203,418
55,29-12-04,Delhi,Delhi,"Nizamuddin, Delhi",Central Pollution Control Board,"Residential, Rural and other Areas",NA,NA,231,547
56,1/2/2004,Delhi,Delhi,"Ashok Vihar, Delhi",Central Pollution Control Board,"Residential, Rural and other Areas",NA,NA,198.5,324
56,1/7/2004,Delhi,Delhi,"Ashok Vihar, Delhi",Central Pollution Control Board,"Residential, Rural and other Areas",NA,NA,149.67,312
56,1/12/2004,Delhi,Delhi,"Ashok Vihar, Delhi",Central Pollution Control Board,"Residential, Rural and other Areas",NA,NA,136.5,360
56,15-01-04,Delhi,Delhi,"Ashok Vihar, Delhi",Central Pollution Control Board,"Residential, Rural and other Areas",NA,NA,208.67,348
56,20-01-04,Delhi,Delhi,"Ashok Vihar, Delhi",Central Pollution Control Board,"Residential, Rural and other Areas",NA,NA,245.5,429
56,23-01-04,Delhi,Delhi,"Ashok Vihar, Delhi",Central Pollution Control Board,"Residential, Rural and other Areas",NA,NA,184,411
56,29-01-04,Delhi,Delhi,"Ashok Vihar, Delhi",Central Pollution Control Board,"Residential, Rural and other Areas",NA,NA,136.67,249
56,2/5/2004,Delhi,Delhi,"Ashok Vihar, Delhi",Central Pollution Control Board,"Residential, Rural and other Areas",NA,NA,134.33,300
56,2/10/2004,Delhi,Delhi,"Ashok Vihar, Delhi",Central Pollution Control Board,"Residential, Rural and other Areas",NA,NA,129.33,243
56,13-02-04,Delhi,Delhi,"Ashok Vihar, Delhi",Central Pollution Control Board,"Residential, Rural and other Areas",NA,NA,141,359
56,19-02-04,Delhi,Delhi,"Ashok Vihar, Delhi",Central Pollution Control Board,"Residential, Rural and other Areas",NA,NA,150,326
56,24-02-04,Delhi,Delhi,"Ashok Vihar, Delhi",Central Pollution Control Board,"Residential, Rural and other Areas",NA,NA,95.33,316
56,3/1/2004,Delhi,Delhi,"Ashok Vihar, Delhi",Central Pollution Control Board,"Residential, Rural and other Areas",NA,NA,100.33,283
56,3/5/2004,Delhi,Delhi,"Ashok Vihar, Delhi",Central Pollution Control Board,"Residential, Rural and other Areas",NA,NA,115,261
56,3/10/2004,Delhi,Delhi,"Ashok Vihar, Delhi",Central Pollution Control Board,"Residential, Rural and other Areas",NA,NA,115,262
56,15-03-04,Delhi,Delhi,"Ashok Vihar, Delhi",Central Pollution Control Board,"Residential, Rural and other Areas",NA,NA,106,NA
56,18-03-04,Delhi,Delhi,"Ashok Vihar, Delhi",Central Pollution Control Board,"Residential, Rural and other Areas",NA,NA,89.33,272
56,23-03-04,Delhi,Delhi,"Ashok Vihar, Delhi",Central Pollution Control Board,"Residential, Rural and other Areas",NA,NA,472,601
56,24-03-04,Delhi,Delhi,"Ashok Vihar, Delhi",Central Pollution Control Board,"Residential, Rural and other Areas",NA,NA,481.67,718
56,25-03-04,Delhi,Delhi,"Ashok Vihar, Delhi",Central Pollution Control Board,"Residential, Rural and other Areas",NA,NA,411.33,539
56,26-03-04,Delhi,Delhi,"Ashok Vihar, Delhi",Central Pollution Control Board,"Residential, Rural and other Areas",NA,NA,378,451
56,27-03-04,Delhi,Delhi,"Ashok Vihar, Delhi",Central Pollution Control Board,"Residential, Rural and other Areas",NA,NA,469.33,651
56,4/2/2004,Delhi,Delhi,"Ashok Vihar, Delhi",Central Pollution Control Board,"Residential, Rural and other Areas",NA,NA,112.33,401
56,4/7/2004,Delhi,Delhi,"Ashok Vihar, Delhi",Central Pollution Control Board,"Residential, Rural and other Areas",NA,NA,160.33,347
56,13-04-04,Delhi,Delhi,"Ashok Vihar, Delhi",Central Pollution Control Board,"Residential, Rural and other Areas",NA,NA,114.67,685
56,19-04-04,Delhi,Delhi,"Ashok Vihar, Delhi",Central Pollution Control Board,"Residential, Rural and other Areas",NA,NA,126.33,473
56,22-04-04,Delhi,Delhi,"Ashok Vihar, Delhi",Central Pollution Control Board,"Residential, Rural and other Areas",NA,NA,121,505
56,27-04-04,Delhi,Delhi,"Ashok Vihar, Delhi",Central Pollution Control Board,"Residential, Rural and other Areas",NA,NA,125.67,295
56,5/5/2004,Delhi,Delhi,"Ashok Vihar, Delhi",Central Pollution Control Board,"Residential, Rural and other Areas",NA,NA,111,151
56,5/11/2004,Delhi,Delhi,"Ashok Vihar, Delhi",Central Pollution Control Board,"Residential, Rural and other Areas",NA,NA,198,554
56,14-05-04,Delhi,Delhi,"Ashok Vihar, Delhi",Central Pollution Control Board,"Residential, Rural and other Areas",NA,NA,85,NA
56,19-05-04,Delhi,Delhi,"Ashok Vihar, Delhi",Central Pollution Control Board,"Residential, Rural and other Areas",NA,NA,257.33,NA
56,24-05-04,Delhi,Delhi,"Ashok Vihar, Delhi",Central Pollution Control Board,"Residential, Rural and other Areas",NA,NA,274,NA
56,27-05-04,Delhi,Delhi,"Ashok Vihar, Delhi",Central Pollution Control Board,"Residential, Rural and other Areas",NA,NA,75,NA
56,6/2/2004,Delhi,Delhi,"Ashok Vihar, Delhi",Central Pollution Control Board,"Residential, Rural and other Areas",NA,NA,58,NA
56,6/10/2004,Delhi,Delhi,"Ashok Vihar, Delhi",Central Pollution Control Board,"Residential, Rural and other Areas",NA,NA,NA,166
56,15-06-04,Delhi,Delhi,"Ashok Vihar, Delhi",Central Pollution Control Board,"Residential, Rural and other Areas",NA,NA,74,157
56,18-06-04,Delhi,Delhi,"Ashok Vihar, Delhi",Central Pollution Control Board,"Residential, Rural and other Areas",NA,NA,87,189
56,23-06-04,Delhi,Delhi,"Ashok Vihar, Delhi",Central Pollution Control Board,"Residential, Rural and other Areas",NA,NA,330,1885
56,28-06-04,Delhi,Delhi,"Ashok Vihar, Delhi",Central Pollution Control Board,"Residential, Rural and other Areas",NA,NA,104,174
56,7/2/2004,Delhi,Delhi,"Ashok Vihar, Delhi",Central Pollution Control Board,"Residential, Rural and other Areas",NA,NA,78,257
56,7/7/2004,Delhi,Delhi,"Ashok Vihar, Delhi",Central Pollution Control Board,"Residential, Rural and other Areas",NA,NA,81.5,346
56,7/12/2004,Delhi,Delhi,"Ashok Vihar, Delhi",Central Pollution Control Board,"Residential, Rural and other Areas",NA,NA,165,512
56,15-07-04,Delhi,Delhi,"Ashok Vihar, Delhi",Central Pollution Control Board,"Residential, Rural and other Areas",NA,NA,78,368
56,20-07-04,Delhi,Delhi,"Ashok Vihar, Delhi",Central Pollution Control Board,"Residential, Rural and other Areas",NA,NA,143.5,744
56,23-07-04,Delhi,Delhi,"Ashok Vihar, Delhi",Central Pollution Control Board,"Residential, Rural and other Areas",NA,NA,94,NA
56,28-07-04,Delhi,Delhi,"Ashok Vihar, Delhi",Central Pollution Control Board,"Residential, Rural and other Areas",NA,NA,77,NA
56,8/3/2004,Delhi,Delhi,"Ashok Vihar, Delhi",Central Pollution Control Board,"Residential, Rural and other Areas",NA,NA,60.33,NA
56,8/6/2004,Delhi,Delhi,"Ashok Vihar, Delhi",Central Pollution Control Board,"Residential, Rural and other Areas",NA,NA,42.67,73
56,8/11/2004,Delhi,Delhi,"Ashok Vihar, Delhi",Central Pollution Control Board,"Residential, Rural and other Areas",NA,NA,23.67,55
56,16-08-04,Delhi,Delhi,"Ashok Vihar, Delhi",Central Pollution Control Board,"Residential, Rural and other Areas",NA,NA,38,101
56,19-08-04,Delhi,Delhi,"Ashok Vihar, Delhi",Central Pollution Control Board,"Residential, Rural and other Areas",NA,NA,50,71
56,24-08-04,Delhi,Delhi,"Ashok Vihar, Delhi",Central Pollution Control Board,"Residential, Rural and other Areas",NA,NA,53,73
56,27-08-04,Delhi,Delhi,"Ashok Vihar, Delhi",Central Pollution Control Board,"Residential, Rural and other Areas",NA,NA,93.33,273
56,9/2/2004,Delhi,Delhi,"Ashok Vihar, Delhi",Central Pollution Control Board,"Residential, Rural and other Areas",NA,NA,73,314
56,9/8/2004,Delhi,Delhi,"Ashok Vihar, Delhi",Central Pollution Control Board,"Residential, Rural and other Areas",NA,NA,78,316
56,13-09-04,Delhi,Delhi,"Ashok Vihar, Delhi",Central Pollution Control Board,"Residential, Rural and other Areas",NA,NA,46.5,309
56,16-09-04,Delhi,Delhi,"Ashok Vihar, Delhi",Central Pollution Control Board,"Residential, Rural and other Areas",NA,NA,46,108
56,21-09-04,Delhi,Delhi,"Ashok Vihar, Delhi",Central Pollution Control Board,"Residential, Rural and other Areas",NA,NA,73.5,185
56,24-09-04,Delhi,Delhi,"Ashok Vihar, Delhi",Central Pollution Control Board,"Residential, Rural and other Areas",NA,NA,87,220
56,29-09-04,Delhi,Delhi,"Ashok Vihar, Delhi",Central Pollution Control Board,"Residential, Rural and other Areas",NA,NA,110,350
56,10/5/2004,Delhi,Delhi,"Ashok Vihar, Delhi",Central Pollution Control Board,"Residential, Rural and other Areas",NA,NA,56.33,128
56,10/8/2004,Delhi,Delhi,"Ashok Vihar, Delhi",Central Pollution Control Board,"Residential, Rural and other Areas",NA,NA,103,274
56,13-10-04,Delhi,Delhi,"Ashok Vihar, Delhi",Central Pollution Control Board,"Residential, Rural and other Areas",NA,NA,100,172
56,18-10-04,Delhi,Delhi,"Ashok Vihar, Delhi",Central Pollution Control Board,"Residential, Rural and other Areas",NA,NA,147.5,319
56,21-10-04,Delhi,Delhi,"Ashok Vihar, Delhi",Central Pollution Control Board,"Residential, Rural and other Areas",NA,NA,189,NA
56,27-10-04,Delhi,Delhi,"Ashok Vihar, Delhi",Central Pollution Control Board,"Residential, Rural and other Areas",NA,NA,108.33,283
56,11/2/2004,Delhi,Delhi,"Ashok Vihar, Delhi",Central Pollution Control Board,"Residential, Rural and other Areas",NA,NA,122,316
56,11/5/2004,Delhi,Delhi,"Ashok Vihar, Delhi",Central Pollution Control Board,"Residential, Rural and other Areas",NA,NA,151,344
56,17-11-04,Delhi,Delhi,"Ashok Vihar, Delhi",Central Pollution Control Board,"Residential, Rural and other Areas",NA,NA,203.67,548
56,22-11-04,Delhi,Delhi,"Ashok Vihar, Delhi",Central Pollution Control Board,"Residential, Rural and other Areas",NA,NA,164.33,428
56,25-11-04,Delhi,Delhi,"Ashok Vihar, Delhi",Central Pollution Control Board,"Residential, Rural and other Areas",NA,NA,135.33,225
56,12/2/2004,Delhi,Delhi,"Ashok Vihar, Delhi",Central Pollution Control Board,"Residential, Rural and other Areas",NA,NA,141.33,353
56,12/7/2004,Delhi,Delhi,"Ashok Vihar, Delhi",Central Pollution Control Board,"Residential, Rural and other Areas",NA,NA,104.33,332
56,12/10/2004,Delhi,Delhi,"Ashok Vihar, Delhi",Central Pollution Control Board,"Residential, Rural and other Areas",NA,NA,59.33,140
56,15-12-04,Delhi,Delhi,"Ashok Vihar, Delhi",Central Pollution Control Board,"Residential, Rural and other Areas",NA,NA,116.33,275
56,20-12-04,Delhi,Delhi,"Ashok Vihar, Delhi",Central Pollution Control Board,"Residential, Rural and other Areas",NA,NA,130.67,257
56,23-12-04,Delhi,Delhi,"Ashok Vihar, Delhi",Central Pollution Control Board,"Residential, Rural and other Areas",NA,NA,144,281
56,28-12-04,Delhi,Delhi,"Ashok Vihar, Delhi",Central Pollution Control Board,"Residential, Rural and other Areas",NA,NA,226,405
57,1/5/2004,Delhi,Delhi,"Shahzada Bagh, Delhi",Central Pollution Control Board,Industrial Area,NA,NA,184,357
57,1/8/2004,Delhi,Delhi,"Shahzada Bagh, Delhi",Central Pollution Control Board,Industrial Area,NA,NA,153.33,323
57,13-01-04,Delhi,Delhi,"Shahzada Bagh, Delhi",Central Pollution Control Board,Industrial Area,NA,NA,118,294
57,16-01-04,Delhi,Delhi,"Shahzada Bagh, Delhi",Central Pollution Control Board,Industrial Area,NA,NA,138.33,257
57,21-01-04,Delhi,Delhi,"Shahzada Bagh, Delhi",Central Pollution Control Board,Industrial Area,NA,NA,77,156
57,27-01-04,Delhi,Delhi,"Shahzada Bagh, Delhi",Central Pollution Control Board,Industrial Area,NA,NA,136,321
57,2/3/2004,Delhi,Delhi,"Shahzada Bagh, Delhi",Central Pollution Control Board,Industrial Area,NA,NA,113.33,258
57,2/6/2004,Delhi,Delhi,"Shahzada Bagh, Delhi",Central Pollution Control Board,Industrial Area,NA,NA,149.33,334
57,2/11/2004,Delhi,Delhi,"Shahzada Bagh, Delhi",Central Pollution Control Board,Industrial Area,NA,NA,111.33,288
57,16-02-04,Delhi,Delhi,"Shahzada Bagh, Delhi",Central Pollution Control Board,Industrial Area,NA,NA,138.33,330
57,20-02-04,Delhi,Delhi,"Shahzada Bagh, Delhi",Central Pollution Control Board,Industrial Area,NA,NA,117.67,301
57,25-02-04,Delhi,Delhi,"Shahzada Bagh, Delhi",Central Pollution Control Board,Industrial Area,NA,NA,126.67,268
57,3/3/2004,Delhi,Delhi,"Shahzada Bagh, Delhi",Central Pollution Control Board,Industrial Area,NA,NA,165,368
57,3/8/2004,Delhi,Delhi,"Shahzada Bagh, Delhi",Central Pollution Control Board,Industrial Area,NA,NA,122.67,380
57,3/11/2004,Delhi,Delhi,"Shahzada Bagh, Delhi",Central Pollution Control Board,Industrial Area,NA,NA,159.67,337
57,16-03-04,Delhi,Delhi,"Shahzada Bagh, Delhi",Central Pollution Control Board,Industrial Area,NA,NA,178,550
57,19-03-04,Delhi,Delhi,"Shahzada Bagh, Delhi",Central Pollution Control Board,Industrial Area,NA,NA,166,438
57,24-03-04,Delhi,Delhi,"Shahzada Bagh, Delhi",Central Pollution Control Board,Industrial Area,NA,NA,190,478
57,29-03-04,Delhi,Delhi,"Shahzada Bagh, Delhi",Central Pollution Control Board,Industrial Area,NA,NA,101,281
57,4/5/2004,Delhi,Delhi,"Shahzada Bagh, Delhi",Central Pollution Control Board,Industrial Area,NA,NA,140.67,331
57,4/8/2004,Delhi,Delhi,"Shahzada Bagh, Delhi",Central Pollution Control Board,Industrial Area,NA,NA,127.33,459
57,15-04-04,Delhi,Delhi,"Shahzada Bagh, Delhi",Central Pollution Control Board,Industrial Area,NA,NA,186.33,515
57,20-04-04,Delhi,Delhi,"Shahzada Bagh, Delhi",Central Pollution Control Board,Industrial Area,NA,NA,181.33,NA
57,23-04-04,Delhi,Delhi,"Shahzada Bagh, Delhi",Central Pollution Control Board,Industrial Area,NA,NA,135.33,NA
57,5/6/2004,Delhi,Delhi,"Shahzada Bagh, Delhi",Central Pollution Control Board,Industrial Area,NA,NA,NA,343
57,5/12/2004,Delhi,Delhi,"Shahzada Bagh, Delhi",Central Pollution Control Board,Industrial Area,NA,NA,NA,320
57,17-05-04,Delhi,Delhi,"Shahzada Bagh, Delhi",Central Pollution Control Board,Industrial Area,NA,NA,NA,354
57,20-05-04,Delhi,Delhi,"Shahzada Bagh, Delhi",Central Pollution Control Board,Industrial Area,NA,NA,NA,1204
57,25-05-04,Delhi,Delhi,"Shahzada Bagh, Delhi",Central Pollution Control Board,Industrial Area,NA,NA,74.5,343
57,28-05-04,Delhi,Delhi,"Shahzada Bagh, Delhi",Central Pollution Control Board,Industrial Area,NA,NA,142,338
57,6/3/2004,Delhi,Delhi,"Shahzada Bagh, Delhi",Central Pollution Control Board,Industrial Area,NA,NA,171.67,375
57,6/8/2004,Delhi,Delhi,"Shahzada Bagh, Delhi",Central Pollution Control Board,Industrial Area,NA,NA,83.67,349
57,6/11/2004,Delhi,Delhi,"Shahzada Bagh, Delhi",Central Pollution Control Board,Industrial Area,NA,NA,138.67,282
57,16-06-04,Delhi,Delhi,"Shahzada Bagh, Delhi",Central Pollution Control Board,Industrial Area,NA,NA,108.67,281
57,21-06-04,Delhi,Delhi,"Shahzada Bagh, Delhi",Central Pollution Control Board,Industrial Area,NA,NA,63,185
57,24-06-04,Delhi,Delhi,"Shahzada Bagh, Delhi",Central Pollution Control Board,Industrial Area,NA,NA,35.5,410
57,29-06-04,Delhi,Delhi,"Shahzada Bagh, Delhi",Central Pollution Control Board,Industrial Area,NA,NA,116.5,135
57,7/5/2004,Delhi,Delhi,"Shahzada Bagh, Delhi",Central Pollution Control Board,Industrial Area,NA,NA,58.5,NA
57,7/8/2004,Delhi,Delhi,"Shahzada Bagh, Delhi",Central Pollution Control Board,Industrial Area,NA,NA,127,NA
57,13-07-04,Delhi,Delhi,"Shahzada Bagh, Delhi",Central Pollution Control Board,Industrial Area,NA,NA,125.5,NA
57,16-07-04,Delhi,Delhi,"Shahzada Bagh, Delhi",Central Pollution Control Board,Industrial Area,NA,NA,80.5,NA
57,21-07-04,Delhi,Delhi,"Shahzada Bagh, Delhi",Central Pollution Control Board,Industrial Area,NA,NA,139.5,NA
57,26-07-04,Delhi,Delhi,"Shahzada Bagh, Delhi",Central Pollution Control Board,Industrial Area,NA,NA,197.5,NA
57,29-07-04,Delhi,Delhi,"Shahzada Bagh, Delhi",Central Pollution Control Board,Industrial Area,NA,NA,144,NA
57,8/4/2004,Delhi,Delhi,"Shahzada Bagh, Delhi",Central Pollution Control Board,Industrial Area,NA,NA,72,NA
57,8/9/2004,Delhi,Delhi,"Shahzada Bagh, Delhi",Central Pollution Control Board,Industrial Area,NA,NA,249.33,NA
57,8/12/2004,Delhi,Delhi,"Shahzada Bagh, Delhi",Central Pollution Control Board,Industrial Area,NA,NA,89,NA
57,17-08-04,Delhi,Delhi,"Shahzada Bagh, Delhi",Central Pollution Control Board,Industrial Area,NA,NA,88.5,NA
57,25-08-04,Delhi,Delhi,"Shahzada Bagh, Delhi",Central Pollution Control Board,Industrial Area,NA,NA,45,89
57,30-08-04,Delhi,Delhi,"Shahzada Bagh, Delhi",Central Pollution Control Board,Industrial Area,NA,NA,97.67,234
57,9/3/2004,Delhi,Delhi,"Shahzada Bagh, Delhi",Central Pollution Control Board,Industrial Area,NA,NA,130,251
57,9/9/2004,Delhi,Delhi,"Shahzada Bagh, Delhi",Central Pollution Control Board,Industrial Area,NA,NA,112.5,268
57,14-09-04,Delhi,Delhi,"Shahzada Bagh, Delhi",Central Pollution Control Board,Industrial Area,NA,NA,109.5,361
57,17-09-04,Delhi,Delhi,"Shahzada Bagh, Delhi",Central Pollution Control Board,Industrial Area,NA,NA,62,187
57,22-09-04,Delhi,Delhi,"Shahzada Bagh, Delhi",Central Pollution Control Board,Industrial Area,NA,NA,93,316
57,27-09-04,Delhi,Delhi,"Shahzada Bagh, Delhi",Central Pollution Control Board,Industrial Area,NA,NA,115,304
57,10/1/2004,Delhi,Delhi,"Shahzada Bagh, Delhi",Central Pollution Control Board,Industrial Area,NA,NA,100,280
57,10/6/2004,Delhi,Delhi,"Shahzada Bagh, Delhi",Central Pollution Control Board,Industrial Area,NA,NA,121.67,233
57,10/11/2004,Delhi,Delhi,"Shahzada Bagh, Delhi",Central Pollution Control Board,Industrial Area,NA,NA,42.67,116
57,14-10-04,Delhi,Delhi,"Shahzada Bagh, Delhi",Central Pollution Control Board,Industrial Area,NA,NA,88.67,283
57,19-10-04,Delhi,Delhi,"Shahzada Bagh, Delhi",Central Pollution Control Board,Industrial Area,NA,NA,126.5,432
57,25-10-04,Delhi,Delhi,"Shahzada Bagh, Delhi",Central Pollution Control Board,Industrial Area,NA,NA,286,497
57,28-10-04,Delhi,Delhi,"Shahzada Bagh, Delhi",Central Pollution Control Board,Industrial Area,NA,NA,164.33,300
57,11/3/2004,Delhi,Delhi,"Shahzada Bagh, Delhi",Central Pollution Control Board,Industrial Area,NA,NA,145.67,NA
57,11/8/2004,Delhi,Delhi,"Shahzada Bagh, Delhi",Central Pollution Control Board,Industrial Area,NA,NA,216.33,NA
57,18-11-04,Delhi,Delhi,"Shahzada Bagh, Delhi",Central Pollution Control Board,Industrial Area,NA,NA,303.33,552
57,23-11-04,Delhi,Delhi,"Shahzada Bagh, Delhi",Central Pollution Control Board,Industrial Area,NA,NA,151.67,301
57,29-11-04,Delhi,Delhi,"Shahzada Bagh, Delhi",Central Pollution Control Board,Industrial Area,NA,NA,239,NA
57,12/3/2004,Delhi,Delhi,"Shahzada Bagh, Delhi",Central Pollution Control Board,Industrial Area,NA,NA,243,NA
57,12/8/2004,Delhi,Delhi,"Shahzada Bagh, Delhi",Central Pollution Control Board,Industrial Area,NA,NA,229,NA
57,13-12-04,Delhi,Delhi,"Shahzada Bagh, Delhi",Central Pollution Control Board,Industrial Area,NA,NA,100.33,NA
57,16-12-04,Delhi,Delhi,"Shahzada Bagh, Delhi",Central Pollution Control Board,Industrial Area,NA,NA,291.67,NA
57,21-12-04,Delhi,Delhi,"Shahzada Bagh, Delhi",Central Pollution Control Board,Industrial Area,NA,NA,174,NA
57,24-12-04,Delhi,Delhi,"Shahzada Bagh, Delhi",Central Pollution Control Board,Industrial Area,NA,NA,290,NA
57,29-12-04,Delhi,Delhi,"Shahzada Bagh, Delhi",Central Pollution Control Board,Industrial Area,NA,NA,267,NA
58,1/1/2004,Delhi,Delhi,"Shahadra, Delhi",Central Pollution Control Board,Industrial Area,NA,NA,297.33,NA
58,1/6/2004,Delhi,Delhi,"Shahadra, Delhi",Central Pollution Control Board,Industrial Area,NA,NA,176.67,359
58,1/9/2004,Delhi,Delhi,"Shahadra, Delhi",Central Pollution Control Board,Industrial Area,NA,NA,116.33,317
58,14-01-04,Delhi,Delhi,"Shahadra, Delhi",Central Pollution Control Board,Industrial Area,NA,NA,237.67,470
58,19-01-04,Delhi,Delhi,"Shahadra, Delhi",Central Pollution Control Board,Industrial Area,NA,NA,112,316
58,22-01-04,Delhi,Delhi,"Shahadra, Delhi",Central Pollution Control Board,Industrial Area,NA,NA,74.33,187
58,28-01-04,Delhi,Delhi,"Shahadra, Delhi",Central Pollution Control Board,Industrial Area,NA,NA,116,297
58,2/4/2004,Delhi,Delhi,"Shahadra, Delhi",Central Pollution Control Board,Industrial Area,NA,NA,93,253
58,2/9/2004,Delhi,Delhi,"Shahadra, Delhi",Central Pollution Control Board,Industrial Area,NA,NA,146,458
58,2/12/2004,Delhi,Delhi,"Shahadra, Delhi",Central Pollution Control Board,Industrial Area,NA,NA,108.67,270
58,17-02-04,Delhi,Delhi,"Shahadra, Delhi",Central Pollution Control Board,Industrial Area,NA,NA,161.67,178
58,23-02-04,Delhi,Delhi,"Shahadra, Delhi",Central Pollution Control Board,Industrial Area,NA,NA,110.33,NA
58,26-02-04,Delhi,Delhi,"Shahadra, Delhi",Central Pollution Control Board,Industrial Area,NA,NA,206,NA
58,3/4/2004,Delhi,Delhi,"Shahadra, Delhi",Central Pollution Control Board,Industrial Area,NA,NA,126.67,NA
58,3/9/2004,Delhi,Delhi,"Shahadra, Delhi",Central Pollution Control Board,Industrial Area,NA,NA,118.67,311
58,3/12/2004,Delhi,Delhi,"Shahadra, Delhi",Central Pollution Control Board,Industrial Area,NA,NA,102,313
58,17-03-04,Delhi,Delhi,"Shahadra, Delhi",Central Pollution Control Board,Industrial Area,NA,NA,113.33,326
58,22-03-04,Delhi,Delhi,"Shahadra, Delhi",Central Pollution Control Board,Industrial Area,NA,NA,115,407
58,25-03-04,Delhi,Delhi,"Shahadra, Delhi",Central Pollution Control Board,Industrial Area,NA,NA,187.67,490
58,4/1/2004,Delhi,Delhi,"Shahadra, Delhi",Central Pollution Control Board,Industrial Area,NA,NA,119.33,376
58,4/6/2004,Delhi,Delhi,"Shahadra, Delhi",Central Pollution Control Board,Industrial Area,NA,NA,97,343
58,4/12/2004,Delhi,Delhi,"Shahadra, Delhi",Central Pollution Control Board,Industrial Area,NA,NA,144.67,454
58,16-04-04,Delhi,Delhi,"Shahadra, Delhi",Central Pollution Control Board,Industrial Area,NA,NA,98.67,392
58,21-04-04,Delhi,Delhi,"Shahadra, Delhi",Central Pollution Control Board,Industrial Area,NA,NA,251.67,683
58,26-04-04,Delhi,Delhi,"Shahadra, Delhi",Central Pollution Control Board,Industrial Area,NA,NA,112.67,276
58,29-04-04,Delhi,Delhi,"Shahadra, Delhi",Central Pollution Control Board,Industrial Area,NA,NA,113.33,446
58,5/7/2004,Delhi,Delhi,"Shahadra, Delhi",Central Pollution Control Board,Industrial Area,NA,NA,146.33,543
58,13-05-04,Delhi,Delhi,"Shahadra, Delhi",Central Pollution Control Board,Industrial Area,NA,NA,184.67,554
58,18-05-04,Delhi,Delhi,"Shahadra, Delhi",Central Pollution Control Board,Industrial Area,NA,NA,176.33,389
58,21-05-04,Delhi,Delhi,"Shahadra, Delhi",Central Pollution Control Board,Industrial Area,NA,NA,239,787
58,26-05-04,Delhi,Delhi,"Shahadra, Delhi",Central Pollution Control Board,Industrial Area,NA,NA,79,262
58,6/4/2004,Delhi,Delhi,"Shahadra, Delhi",Central Pollution Control Board,Industrial Area,NA,NA,105,375
58,6/9/2004,Delhi,Delhi,"Shahadra, Delhi",Central Pollution Control Board,Industrial Area,NA,NA,84.67,247
58,14-06-04,Delhi,Delhi,"Shahadra, Delhi",Central Pollution Control Board,Industrial Area,NA,NA,66.67,215
58,17-06-04,Delhi,Delhi,"Shahadra, Delhi",Central Pollution Control Board,Industrial Area,NA,NA,80.33,188
58,22-06-04,Delhi,Delhi,"Shahadra, Delhi",Central Pollution Control Board,Industrial Area,NA,NA,94,507
58,25-06-04,Delhi,Delhi,"Shahadra, Delhi",Central Pollution Control Board,Industrial Area,NA,NA,87.67,400
58,7/1/2004,Delhi,Delhi,"Shahadra, Delhi",Central Pollution Control Board,Industrial Area,NA,NA,128.67,421
58,7/6/2004,Delhi,Delhi,"Shahadra, Delhi",Central Pollution Control Board,Industrial Area,NA,NA,54.67,247
58,14-07-04,Delhi,Delhi,"Shahadra, Delhi",Central Pollution Control Board,Industrial Area,NA,NA,105.67,631
58,19-07-04,Delhi,Delhi,"Shahadra, Delhi",Central Pollution Control Board,Industrial Area,NA,NA,317.67,956
58,22-07-04,Delhi,Delhi,"Shahadra, Delhi",Central Pollution Control Board,Industrial Area,NA,NA,170,571
58,27-07-04,Delhi,Delhi,"Shahadra, Delhi",Central Pollution Control Board,Industrial Area,NA,NA,110.67,262
58,8/2/2004,Delhi,Delhi,"Shahadra, Delhi",Central Pollution Control Board,Industrial Area,NA,NA,59,187
58,8/5/2004,Delhi,Delhi,"Shahadra, Delhi",Central Pollution Control Board,Industrial Area,NA,NA,74.67,NA
58,8/10/2004,Delhi,Delhi,"Shahadra, Delhi",Central Pollution Control Board,Industrial Area,NA,NA,114.67,157
58,13-08-04,Delhi,Delhi,"Shahadra, Delhi",Central Pollution Control Board,Industrial Area,NA,NA,33,114
58,18-08-04,Delhi,Delhi,"Shahadra, Delhi",Central Pollution Control Board,Industrial Area,NA,NA,44.67,161
58,23-08-04,Delhi,Delhi,"Shahadra, Delhi",Central Pollution Control Board,Industrial Area,NA,NA,47.5,297
58,26-08-04,Delhi,Delhi,"Shahadra, Delhi",Central Pollution Control Board,Industrial Area,NA,NA,61.33,250
58,9/1/2004,Delhi,Delhi,"Shahadra, Delhi",Central Pollution Control Board,Industrial Area,NA,NA,103.67,NA
58,9/6/2004,Delhi,Delhi,"Shahadra, Delhi",Central Pollution Control Board,Industrial Area,NA,NA,50.67,166
58,9/7/2004,Delhi,Delhi,"Shahadra, Delhi",Central Pollution Control Board,Industrial Area,NA,NA,168,589
58,9/10/2004,Delhi,Delhi,"Shahadra, Delhi",Central Pollution Control Board,Industrial Area,NA,NA,78.33,330
58,15-09-04,Delhi,Delhi,"Shahadra, Delhi",Central Pollution Control Board,Industrial Area,NA,NA,32,55
58,20-09-04,Delhi,Delhi,"Shahadra, Delhi",Central Pollution Control Board,Industrial Area,NA,NA,72.33,176
58,23-09-04,Delhi,Delhi,"Shahadra, Delhi",Central Pollution Control Board,Industrial Area,NA,NA,78.67,122
58,28-09-04,Delhi,Delhi,"Shahadra, Delhi",Central Pollution Control Board,Industrial Area,NA,NA,107.5,222
58,10/4/2004,Delhi,Delhi,"Shahadra, Delhi",Central Pollution Control Board,Industrial Area,NA,NA,52,96
58,10/7/2004,Delhi,Delhi,"Shahadra, Delhi",Central Pollution Control Board,Industrial Area,NA,NA,77,194
58,10/12/2004,Delhi,Delhi,"Shahadra, Delhi",Central Pollution Control Board,Industrial Area,NA,NA,41,166
58,15-10-04,Delhi,Delhi,"Shahadra, Delhi",Central Pollution Control Board,Industrial Area,NA,NA,92.67,230
58,20-10-04,Delhi,Delhi,"Shahadra, Delhi",Central Pollution Control Board,Industrial Area,NA,NA,126,424
58,26-10-04,Delhi,Delhi,"Shahadra, Delhi",Central Pollution Control Board,Industrial Area,NA,NA,153,304
58,11/1/2004,Delhi,Delhi,"Shahadra, Delhi",Central Pollution Control Board,Industrial Area,NA,NA,148.33,291
58,11/4/2004,Delhi,Delhi,"Shahadra, Delhi",Central Pollution Control Board,Industrial Area,NA,NA,192.67,378
58,11/9/2004,Delhi,Delhi,"Shahadra, Delhi",Central Pollution Control Board,Industrial Area,NA,NA,201.67,437
58,16-11-04,Delhi,Delhi,"Shahadra, Delhi",Central Pollution Control Board,Industrial Area,NA,NA,153,369
58,19-11-04,Delhi,Delhi,"Shahadra, Delhi",Central Pollution Control Board,Industrial Area,NA,NA,204.67,358
58,24-11-04,Delhi,Delhi,"Shahadra, Delhi",Central Pollution Control Board,Industrial Area,NA,NA,141,393
58,12/1/2004,Delhi,Delhi,"Shahadra, Delhi",Central Pollution Control Board,Industrial Area,NA,NA,138.33,433
58,12/6/2004,Delhi,Delhi,"Shahadra, Delhi",Central Pollution Control Board,Industrial Area,NA,NA,141,428
58,12/9/2004,Delhi,Delhi,"Shahadra, Delhi",Central Pollution Control Board,Industrial Area,NA,NA,143.5,502
58,14-12-04,Delhi,Delhi,"Shahadra, Delhi",Central Pollution Control Board,Industrial Area,NA,NA,246.67,408
58,17-12-04,Delhi,Delhi,"Shahadra, Delhi",Central Pollution Control Board,Industrial Area,NA,NA,190.33,377
58,22-12-04,Delhi,Delhi,"Shahadra, Delhi",Central Pollution Control Board,Industrial Area,NA,NA,245.5,507
58,27-12-04,Delhi,Delhi,"Shahadra, Delhi",Central Pollution Control Board,Industrial Area,NA,NA,281.5,478
58,30-12-04,Delhi,Delhi,"Shahadra, Delhi",Central Pollution Control Board,Industrial Area,NA,NA,208,501
59,1/1/2004,Delhi,Delhi,"Janakpuri, Delhi",Central Pollution Control Board,"Residential, Rural and other Areas",NA,NA,179.33,398
59,1/6/2004,Delhi,Delhi,"Janakpuri, Delhi",Central Pollution Control Board,"Residential, Rural and other Areas",NA,NA,106,208
59,1/9/2004,Delhi,Delhi,"Janakpuri, Delhi",Central Pollution Control Board,"Residential, Rural and other Areas",NA,NA,90.67,265
59,14-01-04,Delhi,Delhi,"Janakpuri, Delhi",Central Pollution Control Board,"Residential, Rural and other Areas",NA,NA,76.33,176
59,19-01-04,Delhi,Delhi,"Janakpuri, Delhi",Central Pollution Control Board,"Residential, Rural and other Areas",NA,NA,121.67,266
59,22-01-04,Delhi,Delhi,"Janakpuri, Delhi",Central Pollution Control Board,"Residential, Rural and other Areas",NA,NA,63,213
59,28-01-04,Delhi,Delhi,"Janakpuri, Delhi",Central Pollution Control Board,"Residential, Rural and other Areas",NA,NA,142,348
59,2/4/2004,Delhi,Delhi,"Janakpuri, Delhi",Central Pollution Control Board,"Residential, Rural and other Areas",NA,NA,82.67,289
59,2/9/2004,Delhi,Delhi,"Janakpuri, Delhi",Central Pollution Control Board,"Residential, Rural and other Areas",NA,NA,85,348
59,2/12/2004,Delhi,Delhi,"Janakpuri, Delhi",Central Pollution Control Board,"Residential, Rural and other Areas",NA,NA,59.33,152
59,17-02-04,Delhi,Delhi,"Janakpuri, Delhi",Central Pollution Control Board,"Residential, Rural and other Areas",NA,NA,107.33,312
59,23-02-04,Delhi,Delhi,"Janakpuri, Delhi",Central Pollution Control Board,"Residential, Rural and other Areas",NA,NA,71.67,369
59,26-02-04,Delhi,Delhi,"Janakpuri, Delhi",Central Pollution Control Board,"Residential, Rural and other Areas",NA,NA,112.67,344
59,3/4/2004,Delhi,Delhi,"Janakpuri, Delhi",Central Pollution Control Board,"Residential, Rural and other Areas",NA,NA,140,406
59,3/9/2004,Delhi,Delhi,"Janakpuri, Delhi",Central Pollution Control Board,"Residential, Rural and other Areas",NA,NA,131.67,261
59,3/12/2004,Delhi,Delhi,"Janakpuri, Delhi",Central Pollution Control Board,"Residential, Rural and other Areas",NA,NA,209.67,359
59,17-03-04,Delhi,Delhi,"Janakpuri, Delhi",Central Pollution Control Board,"Residential, Rural and other Areas",NA,NA,201.67,397
59,22-03-04,Delhi,Delhi,"Janakpuri, Delhi",Central Pollution Control Board,"Residential, Rural and other Areas",NA,NA,242,519
59,25-03-04,Delhi,Delhi,"Janakpuri, Delhi",Central Pollution Control Board,"Residential, Rural and other Areas",NA,NA,182.5,280
59,4/1/2004,Delhi,Delhi,"Janakpuri, Delhi",Central Pollution Control Board,"Residential, Rural and other Areas",NA,NA,287.33,502
59,4/12/2004,Delhi,Delhi,"Janakpuri, Delhi",Central Pollution Control Board,"Residential, Rural and other Areas",NA,NA,221,505
59,16-04-04,Delhi,Delhi,"Janakpuri, Delhi",Central Pollution Control Board,"Residential, Rural and other Areas",NA,NA,211.67,347
59,21-04-04,Delhi,Delhi,"Janakpuri, Delhi",Central Pollution Control Board,"Residential, Rural and other Areas",NA,NA,224,673
59,26-04-04,Delhi,Delhi,"Janakpuri, Delhi",Central Pollution Control Board,"Residential, Rural and other Areas",NA,NA,199,405
59,29-04-04,Delhi,Delhi,"Janakpuri, Delhi",Central Pollution Control Board,"Residential, Rural and other Areas",NA,NA,282.67,542
59,13-05-04,Delhi,Delhi,"Janakpuri, Delhi",Central Pollution Control Board,"Residential, Rural and other Areas",NA,NA,174.33,410
59,18-05-04,Delhi,Delhi,"Janakpuri, Delhi",Central Pollution Control Board,"Residential, Rural and other Areas",NA,NA,56,328
59,6/4/2004,Delhi,Delhi,"Janakpuri, Delhi",Central Pollution Control Board,"Residential, Rural and other Areas",NA,NA,320.67,564
59,7/1/2004,Delhi,Delhi,"Janakpuri, Delhi",Central Pollution Control Board,"Residential, Rural and other Areas",NA,NA,217.33,528
59,7/5/2004,Delhi,Delhi,"Janakpuri, Delhi",Central Pollution Control Board,"Residential, Rural and other Areas",NA,NA,124,291
59,7/6/2004,Delhi,Delhi,"Janakpuri, Delhi",Central Pollution Control Board,"Residential, Rural and other Areas",NA,NA,115,282
59,7/9/2004,Delhi,Delhi,"Janakpuri, Delhi",Central Pollution Control Board,"Residential, Rural and other Areas",NA,NA,173,424
59,14-07-04,Delhi,Delhi,"Janakpuri, Delhi",Central Pollution Control Board,"Residential, Rural and other Areas",NA,NA,194.67,385
59,19-07-04,Delhi,Delhi,"Janakpuri, Delhi",Central Pollution Control Board,"Residential, Rural and other Areas",NA,NA,193,451
59,22-07-04,Delhi,Delhi,"Janakpuri, Delhi",Central Pollution Control Board,"Residential, Rural and other Areas",NA,NA,234.33,436
59,27-07-04,Delhi,Delhi,"Janakpuri, Delhi",Central Pollution Control Board,"Residential, Rural and other Areas",NA,NA,248,542
59,8/1/2004,Delhi,Delhi,"Janakpuri, Delhi",Central Pollution Control Board,"Residential, Rural and other Areas",NA,NA,41,77
59,8/2/2004,Delhi,Delhi,"Janakpuri, Delhi",Central Pollution Control Board,"Residential, Rural and other Areas",NA,NA,89,235
59,8/5/2004,Delhi,Delhi,"Janakpuri, Delhi",Central Pollution Control Board,"Residential, Rural and other Areas",NA,NA,48,118
59,13-08-04,Delhi,Delhi,"Janakpuri, Delhi",Central Pollution Control Board,"Residential, Rural and other Areas",NA,NA,35.5,135
59,18-08-04,Delhi,Delhi,"Janakpuri, Delhi",Central Pollution Control Board,"Residential, Rural and other Areas",NA,NA,17,91
59,23-08-04,Delhi,Delhi,"Janakpuri, Delhi",Central Pollution Control Board,"Residential, Rural and other Areas",NA,NA,32,68
59,26-08-04,Delhi,Delhi,"Janakpuri, Delhi",Central Pollution Control Board,"Residential, Rural and other Areas",NA,NA,48.5,190
59,9/1/2004,Delhi,Delhi,"Janakpuri, Delhi",Central Pollution Control Board,"Residential, Rural and other Areas",NA,NA,170.33,287
59,9/6/2004,Delhi,Delhi,"Janakpuri, Delhi",Central Pollution Control Board,"Residential, Rural and other Areas",NA,NA,120,315
59,9/10/2004,Delhi,Delhi,"Janakpuri, Delhi",Central Pollution Control Board,"Residential, Rural and other Areas",NA,NA,60.67,234
59,15-09-04,Delhi,Delhi,"Janakpuri, Delhi",Central Pollution Control Board,"Residential, Rural and other Areas",NA,NA,91,202
59,20-09-04,Delhi,Delhi,"Janakpuri, Delhi",Central Pollution Control Board,"Residential, Rural and other Areas",NA,NA,61,140
59,23-09-04,Delhi,Delhi,"Janakpuri, Delhi",Central Pollution Control Board,"Residential, Rural and other Areas",NA,NA,90.5,356
59,28-09-04,Delhi,Delhi,"Janakpuri, Delhi",Central Pollution Control Board,"Residential, Rural and other Areas",NA,NA,106,246
59,10/4/2004,Delhi,Delhi,"Janakpuri, Delhi",Central Pollution Control Board,"Residential, Rural and other Areas",NA,NA,78,239
59,10/7/2004,Delhi,Delhi,"Janakpuri, Delhi",Central Pollution Control Board,"Residential, Rural and other Areas",NA,NA,80,223
59,10/12/2004,Delhi,Delhi,"Janakpuri, Delhi",Central Pollution Control Board,"Residential, Rural and other Areas",NA,NA,86.67,221
59,15-10-04,Delhi,Delhi,"Janakpuri, Delhi",Central Pollution Control Board,"Residential, Rural and other Areas",NA,NA,171,312
59,20-10-04,Delhi,Delhi,"Janakpuri, Delhi",Central Pollution Control Board,"Residential, Rural and other Areas",NA,NA,157,336
59,26-10-04,Delhi,Delhi,"Janakpuri, Delhi",Central Pollution Control Board,"Residential, Rural and other Areas",NA,NA,119,298
59,11/1/2004,Delhi,Delhi,"Janakpuri, Delhi",Central Pollution Control Board,"Residential, Rural and other Areas",NA,NA,133,407
59,11/4/2004,Delhi,Delhi,"Janakpuri, Delhi",Central Pollution Control Board,"Residential, Rural and other Areas",NA,NA,52.5,297
59,11/9/2004,Delhi,Delhi,"Janakpuri, Delhi",Central Pollution Control Board,"Residential, Rural and other Areas",NA,NA,154,387
59,16-11-04,Delhi,Delhi,"Janakpuri, Delhi",Central Pollution Control Board,"Residential, Rural and other Areas",NA,NA,103.5,472
59,19-11-04,Delhi,Delhi,"Janakpuri, Delhi",Central Pollution Control Board,"Residential, Rural and other Areas",NA,NA,146,288
59,24-11-04,Delhi,Delhi,"Janakpuri, Delhi",Central Pollution Control Board,"Residential, Rural and other Areas",NA,NA,162.5,413
59,12/1/2004,Delhi,Delhi,"Janakpuri, Delhi",Central Pollution Control Board,"Residential, Rural and other Areas",NA,NA,115,308
59,12/6/2004,Delhi,Delhi,"Janakpuri, Delhi",Central Pollution Control Board,"Residential, Rural and other Areas",NA,NA,NA,224
59,12/9/2004,Delhi,Delhi,"Janakpuri, Delhi",Central Pollution Control Board,"Residential, Rural and other Areas",NA,NA,268.5,325
59,14-12-04,Delhi,Delhi,"Janakpuri, Delhi",Central Pollution Control Board,"Residential, Rural and other Areas",NA,NA,135.5,182
59,17-12-04,Delhi,Delhi,"Janakpuri, Delhi",Central Pollution Control Board,"Residential, Rural and other Areas",NA,NA,182.67,501
59,22-12-04,Delhi,Delhi,"Janakpuri, Delhi",Central Pollution Control Board,"Residential, Rural and other Areas",NA,NA,132.33,320
59,30-12-04,Delhi,Delhi,"Janakpuri, Delhi",Central Pollution Control Board,"Residential, Rural and other Areas",NA,NA,95.5,125
60,1/2/2004,Delhi,Delhi,"Siri Fort, Delhi",Central Pollution Control Board,"Residential, Rural and other Areas",NA,NA,167.33,369
60,1/7/2004,Delhi,Delhi,"Siri Fort, Delhi",Central Pollution Control Board,"Residential, Rural and other Areas",NA,NA,90.67,206
60,1/12/2004,Delhi,Delhi,"Siri Fort, Delhi",Central Pollution Control Board,"Residential, Rural and other Areas",NA,NA,106.67,238
60,15-01-04,Delhi,Delhi,"Siri Fort, Delhi",Central Pollution Control Board,"Residential, Rural and other Areas",NA,NA,104,246
60,20-01-04,Delhi,Delhi,"Siri Fort, Delhi",Central Pollution Control Board,"Residential, Rural and other Areas",NA,NA,101,223
60,23-01-04,Delhi,Delhi,"Siri Fort, Delhi",Central Pollution Control Board,"Residential, Rural and other Areas",NA,NA,72,141
60,29-01-04,Delhi,Delhi,"Siri Fort, Delhi",Central Pollution Control Board,"Residential, Rural and other Areas",NA,NA,96.67,264
60,2/5/2004,Delhi,Delhi,"Siri Fort, Delhi",Central Pollution Control Board,"Residential, Rural and other Areas",NA,NA,65.33,218
60,2/10/2004,Delhi,Delhi,"Siri Fort, Delhi",Central Pollution Control Board,"Residential, Rural and other Areas",NA,NA,81,218
60,13-02-04,Delhi,Delhi,"Siri Fort, Delhi",Central Pollution Control Board,"Residential, Rural and other Areas",NA,NA,87.67,252
60,19-02-04,Delhi,Delhi,"Siri Fort, Delhi",Central Pollution Control Board,"Residential, Rural and other Areas",NA,NA,120,276
60,24-02-04,Delhi,Delhi,"Siri Fort, Delhi",Central Pollution Control Board,"Residential, Rural and other Areas",NA,NA,140,239
60,3/1/2004,Delhi,Delhi,"Siri Fort, Delhi",Central Pollution Control Board,"Residential, Rural and other Areas",NA,NA,191.33,399
60,3/10/2004,Delhi,Delhi,"Siri Fort, Delhi",Central Pollution Control Board,"Residential, Rural and other Areas",NA,NA,99.33,320
60,15-03-04,Delhi,Delhi,"Siri Fort, Delhi",Central Pollution Control Board,"Residential, Rural and other Areas",NA,NA,179.67,468
60,18-03-04,Delhi,Delhi,"Siri Fort, Delhi",Central Pollution Control Board,"Residential, Rural and other Areas",NA,NA,115,375
60,23-03-04,Delhi,Delhi,"Siri Fort, Delhi",Central Pollution Control Board,"Residential, Rural and other Areas",NA,NA,139.5,332
60,26-03-04,Delhi,Delhi,"Siri Fort, Delhi",Central Pollution Control Board,"Residential, Rural and other Areas",NA,NA,107.67,456
60,4/2/2004,Delhi,Delhi,"Siri Fort, Delhi",Central Pollution Control Board,"Residential, Rural and other Areas",NA,NA,122.67,303
60,4/7/2004,Delhi,Delhi,"Siri Fort, Delhi",Central Pollution Control Board,"Residential, Rural and other Areas",NA,NA,130.33,465
60,13-04-04,Delhi,Delhi,"Siri Fort, Delhi",Central Pollution Control Board,"Residential, Rural and other Areas",NA,NA,105.33,481
60,19-04-04,Delhi,Delhi,"Siri Fort, Delhi",Central Pollution Control Board,"Residential, Rural and other Areas",NA,NA,NA,320
60,22-04-04,Delhi,Delhi,"Siri Fort, Delhi",Central Pollution Control Board,"Residential, Rural and other Areas",NA,NA,NA,572
60,27-04-04,Delhi,Delhi,"Siri Fort, Delhi",Central Pollution Control Board,"Residential, Rural and other Areas",NA,NA,NA,238
60,5/3/2004,Delhi,Delhi,"Siri Fort, Delhi",Central Pollution Control Board,"Residential, Rural and other Areas",NA,NA,119,204
60,5/5/2004,Delhi,Delhi,"Siri Fort, Delhi",Central Pollution Control Board,"Residential, Rural and other Areas",NA,NA,NA,265
60,5/11/2004,Delhi,Delhi,"Siri Fort, Delhi",Central Pollution Control Board,"Residential, Rural and other Areas",NA,NA,NA,272
60,14-05-04,Delhi,Delhi,"Siri Fort, Delhi",Central Pollution Control Board,"Residential, Rural and other Areas",NA,NA,NA,371
60,19-05-04,Delhi,Delhi,"Siri Fort, Delhi",Central Pollution Control Board,"Residential, Rural and other Areas",NA,NA,NA,837
60,24-05-04,Delhi,Delhi,"Siri Fort, Delhi",Central Pollution Control Board,"Residential, Rural and other Areas",NA,NA,156.5,516
60,27-05-04,Delhi,Delhi,"Siri Fort, Delhi",Central Pollution Control Board,"Residential, Rural and other Areas",NA,NA,119,304
60,6/2/2004,Delhi,Delhi,"Siri Fort, Delhi",Central Pollution Control Board,"Residential, Rural and other Areas",NA,NA,65.67,366
60,6/7/2004,Delhi,Delhi,"Siri Fort, Delhi",Central Pollution Control Board,"Residential, Rural and other Areas",NA,NA,129.33,223
60,6/10/2004,Delhi,Delhi,"Siri Fort, Delhi",Central Pollution Control Board,"Residential, Rural and other Areas",NA,NA,60.67,208
60,15-06-04,Delhi,Delhi,"Siri Fort, Delhi",Central Pollution Control Board,"Residential, Rural and other Areas",NA,NA,138.33,413
60,18-06-04,Delhi,Delhi,"Siri Fort, Delhi",Central Pollution Control Board,"Residential, Rural and other Areas",NA,NA,45.5,162
60,23-06-04,Delhi,Delhi,"Siri Fort, Delhi",Central Pollution Control Board,"Residential, Rural and other Areas",NA,NA,147,706
60,28-06-04,Delhi,Delhi,"Siri Fort, Delhi",Central Pollution Control Board,"Residential, Rural and other Areas",NA,NA,131,425
60,7/2/2004,Delhi,Delhi,"Siri Fort, Delhi",Central Pollution Control Board,"Residential, Rural and other Areas",NA,NA,67.33,269
60,7/7/2004,Delhi,Delhi,"Siri Fort, Delhi",Central Pollution Control Board,"Residential, Rural and other Areas",NA,NA,106,560
60,7/12/2004,Delhi,Delhi,"Siri Fort, Delhi",Central Pollution Control Board,"Residential, Rural and other Areas",NA,NA,160.67,624
60,15-07-04,Delhi,Delhi,"Siri Fort, Delhi",Central Pollution Control Board,"Residential, Rural and other Areas",NA,NA,181,382
60,20-07-04,Delhi,Delhi,"Siri Fort, Delhi",Central Pollution Control Board,"Residential, Rural and other Areas",NA,NA,216.67,707
60,23-07-04,Delhi,Delhi,"Siri Fort, Delhi",Central Pollution Control Board,"Residential, Rural and other Areas",NA,NA,127.33,361
60,28-07-04,Delhi,Delhi,"Siri Fort, Delhi",Central Pollution Control Board,"Residential, Rural and other Areas",NA,NA,113.33,276
60,8/3/2004,Delhi,Delhi,"Siri Fort, Delhi",Central Pollution Control Board,"Residential, Rural and other Areas",NA,NA,48.33,172
60,8/6/2004,Delhi,Delhi,"Siri Fort, Delhi",Central Pollution Control Board,"Residential, Rural and other Areas",NA,NA,56.33,140
60,8/11/2004,Delhi,Delhi,"Siri Fort, Delhi",Central Pollution Control Board,"Residential, Rural and other Areas",NA,NA,70,143
60,16-08-04,Delhi,Delhi,"Siri Fort, Delhi",Central Pollution Control Board,"Residential, Rural and other Areas",NA,NA,35,81
60,19-08-04,Delhi,Delhi,"Siri Fort, Delhi",Central Pollution Control Board,"Residential, Rural and other Areas",NA,NA,37,132
60,24-08-04,Delhi,Delhi,"Siri Fort, Delhi",Central Pollution Control Board,"Residential, Rural and other Areas",NA,NA,38.33,125
60,27-08-04,Delhi,Delhi,"Siri Fort, Delhi",Central Pollution Control Board,"Residential, Rural and other Areas",NA,NA,68.33,222
60,9/2/2004,Delhi,Delhi,"Siri Fort, Delhi",Central Pollution Control Board,"Residential, Rural and other Areas",NA,NA,70,337
60,9/8/2004,Delhi,Delhi,"Siri Fort, Delhi",Central Pollution Control Board,"Residential, Rural and other Areas",NA,NA,143,462
60,13-09-04,Delhi,Delhi,"Siri Fort, Delhi",Central Pollution Control Board,"Residential, Rural and other Areas",NA,NA,87.67,254
60,16-09-04,Delhi,Delhi,"Siri Fort, Delhi",Central Pollution Control Board,"Residential, Rural and other Areas",NA,NA,58.67,182
60,21-09-04,Delhi,Delhi,"Siri Fort, Delhi",Central Pollution Control Board,"Residential, Rural and other Areas",NA,NA,64,151
60,24-09-04,Delhi,Delhi,"Siri Fort, Delhi",Central Pollution Control Board,"Residential, Rural and other Areas",NA,NA,127,417
60,29-09-04,Delhi,Delhi,"Siri Fort, Delhi",Central Pollution Control Board,"Residential, Rural and other Areas",NA,NA,188,399
60,10/5/2004,Delhi,Delhi,"Siri Fort, Delhi",Central Pollution Control Board,"Residential, Rural and other Areas",NA,NA,78.67,263
60,10/8/2004,Delhi,Delhi,"Siri Fort, Delhi",Central Pollution Control Board,"Residential, Rural and other Areas",NA,NA,116.33,386
60,13-10-04,Delhi,Delhi,"Siri Fort, Delhi",Central Pollution Control Board,"Residential, Rural and other Areas",NA,NA,100.67,221
60,18-10-04,Delhi,Delhi,"Siri Fort, Delhi",Central Pollution Control Board,"Residential, Rural and other Areas",NA,NA,114,397
60,21-10-04,Delhi,Delhi,"Siri Fort, Delhi",Central Pollution Control Board,"Residential, Rural and other Areas",NA,NA,135.33,402
60,27-10-04,Delhi,Delhi,"Siri Fort, Delhi",Central Pollution Control Board,"Residential, Rural and other Areas",NA,NA,151,458
60,11/2/2004,Delhi,Delhi,"Siri Fort, Delhi",Central Pollution Control Board,"Residential, Rural and other Areas",NA,NA,118,292
60,11/5/2004,Delhi,Delhi,"Siri Fort, Delhi",Central Pollution Control Board,"Residential, Rural and other Areas",NA,NA,163,536
60,11/10/2004,Delhi,Delhi,"Siri Fort, Delhi",Central Pollution Control Board,"Residential, Rural and other Areas",NA,NA,200.5,814
60,17-11-04,Delhi,Delhi,"Siri Fort, Delhi",Central Pollution Control Board,"Residential, Rural and other Areas",NA,NA,382,NA
60,22-11-04,Delhi,Delhi,"Siri Fort, Delhi",Central Pollution Control Board,"Residential, Rural and other Areas",NA,NA,222.5,NA
60,25-11-04,Delhi,Delhi,"Siri Fort, Delhi",Central Pollution Control Board,"Residential, Rural and other Areas",NA,NA,181,NA
60,12/2/2004,Delhi,Delhi,"Siri Fort, Delhi",Central Pollution Control Board,"Residential, Rural and other Areas",NA,NA,211,NA
60,12/7/2004,Delhi,Delhi,"Siri Fort, Delhi",Central Pollution Control Board,"Residential, Rural and other Areas",NA,NA,252,NA
60,12/10/2004,Delhi,Delhi,"Siri Fort, Delhi",Central Pollution Control Board,"Residential, Rural and other Areas",NA,NA,168.5,NA
60,15-12-04,Delhi,Delhi,"Siri Fort, Delhi",Central Pollution Control Board,"Residential, Rural and other Areas",NA,NA,212,NA
60,20-12-04,Delhi,Delhi,"Siri Fort, Delhi",Central Pollution Control Board,"Residential, Rural and other Areas",NA,NA,170,NA
60,23-12-04,Delhi,Delhi,"Siri Fort, Delhi",Central Pollution Control Board,"Residential, Rural and other Areas",NA,NA,217.5,NA
60,28-12-04,Delhi,Delhi,"Siri Fort, Delhi",Central Pollution Control Board,"Residential, Rural and other Areas",NA,NA,277,NA
