Sampling Date,State,City/Town/Village/Area,Location of Monitoring Station,Type of Location,SO2,NO2,RSPM/PM10,SPM
1/2/2008,Delhi,Delhi,Mayapuri Indl. Area,Industrial Areas,25.4,96.9,374,663
1/3/2008,Delhi,Delhi,Mayapuri Indl. Area,Industrial Areas,20.3,115.4,406,673
1/8/2008,Delhi,Delhi,Mayapuri Indl. Area,Industrial Areas,32.4,115,323,607
1/9/2008,Delhi,Delhi,Mayapuri Indl. Area,Industrial Areas,16.2,114.4,267,469
15/1/2008,Delhi,Delhi,Mayapuri Indl. Area,Industrial Areas,28.2,80.3,267,484
16/1/2008,Delhi,Delhi,Mayapuri Indl. Area,Industrial Areas,34.9,91.7,287,519
22/1/2008,Delhi,Delhi,Mayapuri Indl. Area,Industrial Areas,22.4,86.3,282,507
23/1/2008,Delhi,Delhi,Mayapuri Indl. Area,Industrial Areas,23.6,105.9,175,380
2/5/2008,Delhi,Delhi,Mayapuri Indl. Area,Industrial Areas,16.1,68.8,328,601
2/6/2008,Delhi,Delhi,Mayapuri Indl. Area,Industrial Areas,26.9,110.7,275,520
2/12/2008,Delhi,Delhi,Mayapuri Indl. Area,Industrial Areas,21.3,62.6,208,450
13/2/2008,Delhi,Delhi,Mayapuri Indl. Area,Industrial Areas,18,80.5,216,510
23/2/2008,Delhi,Delhi,Mayapuri Indl. Area,Industrial Areas,26.4,85.7,272,707
24/2/2008,Delhi,Delhi,Mayapuri Indl. Area,Industrial Areas,25.8,56.1,264,695
25/2/2008,Delhi,Delhi,Mayapuri Indl. Area,Industrial Areas,13.8,50.4,213,595
26/2/2008,Delhi,Delhi,Mayapuri Indl. Area,Industrial Areas,22.1,73.9,304,574
3/4/2008,Delhi,Delhi,Mayapuri Indl. Area,Industrial Areas,24,129.8,344,751
3/5/2008,Delhi,Delhi,Mayapuri Indl. Area,Industrial Areas,23.8,109.3,349,652
3/11/2008,Delhi,Delhi,Mayapuri Indl. Area,Industrial Areas,20.9,47.3,205,528
3/12/2008,Delhi,Delhi,Mayapuri Indl. Area,Industrial Areas,21.1,58.2,249,548
25/3/2008,Delhi,Delhi,Mayapuri Indl. Area,Industrial Areas,22.7,81.7,359,592
26/3/2008,Delhi,Delhi,Mayapuri Indl. Area,Industrial Areas,24.3,58,282,502
28/3/2008,Delhi,Delhi,Mayapuri Indl. Area,Industrial Areas,23.4,82.3,236,659
29/3/2008,Delhi,Delhi,Mayapuri Indl. Area,Industrial Areas,32,104.2,243,538
4/12/2008,Delhi,Delhi,Mayapuri Indl. Area,Industrial Areas,19.9,89.6,288,449
13/4/2008,Delhi,Delhi,Mayapuri Indl. Area,Industrial Areas,19.8,93.3,292,471
14/4/2008,Delhi,Delhi,Mayapuri Indl. Area,Industrial Areas,24.6,71.1,266,436
17/4/2008,Delhi,Delhi,Mayapuri Indl. Area,Industrial Areas,23.3,91.1,240,451
18/4/2008,Delhi,Delhi,Mayapuri Indl. Area,Industrial Areas,23.6,85.4,251,509
23/4/2008,Delhi,Delhi,Mayapuri Indl. Area,Industrial Areas,24.2,71.1,391,678
24/4/2008,Delhi,Delhi,Mayapuri Indl. Area,Industrial Areas,30.8,88.4,270,515
25/4/2008,Delhi,Delhi,Mayapuri Indl. Area,Industrial Areas,31.3,105.3,240,528
5/1/2008,Delhi,Delhi,Mayapuri Indl. Area,Industrial Areas,12,48.2,633,1096
5/2/2008,Delhi,Delhi,Mayapuri Indl. Area,Industrial Areas,11.1,74.1,506,760
5/3/2008,Delhi,Delhi,Mayapuri Indl. Area,Industrial Areas,7.2,66.9,509,847
5/7/2008,Delhi,Delhi,Mayapuri Indl. Area,Industrial Areas,5.6,87.9,363,634
5/8/2008,Delhi,Delhi,Mayapuri Indl. Area,Industrial Areas,2.5,36.8,348,782
20/5/2008,Delhi,Delhi,Mayapuri Indl. Area,Industrial Areas,10.8,79.8,121,186
21/5/2008,Delhi,Delhi,Mayapuri Indl. Area,Industrial Areas,5,80.6,77,127
22/5/2008,Delhi,Delhi,Mayapuri Indl. Area,Industrial Areas,4,76.2,77,131
6/3/2008,Delhi,Delhi,Mayapuri Indl. Area,Industrial Areas,NA,91.5,235,377
6/4/2008,Delhi,Delhi,Mayapuri Indl. Area,Industrial Areas,NA,74.9,208,541
6/5/2008,Delhi,Delhi,Mayapuri Indl. Area,Industrial Areas,NA,75.8,198,415
6/10/2008,Delhi,Delhi,Mayapuri Indl. Area,Industrial Areas,3.8,55.3,115,286
6/11/2008,Delhi,Delhi,Mayapuri Indl. Area,Industrial Areas,4.5,77.6,140,371
6/12/2008,Delhi,Delhi,Mayapuri Indl. Area,Industrial Areas,15.4,85.2,130,301
17/6/2008,Delhi,Delhi,Mayapuri Indl. Area,Industrial Areas,13.5,64.5,99,188
18/6/2008,Delhi,Delhi,Mayapuri Indl. Area,Industrial Areas,6.2,49.7,131,254
7/1/2008,Delhi,Delhi,Mayapuri Indl. Area,Industrial Areas,3.6,50,164,233
7/2/2008,Delhi,Delhi,Mayapuri Indl. Area,Industrial Areas,3,52.8,225,403
7/3/2008,Delhi,Delhi,Mayapuri Indl. Area,Industrial Areas,2.6,30.4,239,478
22/7/2008,Delhi,Delhi,Mayapuri Indl. Area,Industrial Areas,NA,54.4,194,448
23/7/2008,Delhi,Delhi,Mayapuri Indl. Area,Industrial Areas,3.2,45.8,142,395
24/7/2008,Delhi,Delhi,Mayapuri Indl. Area,Industrial Areas,4.9,74.7,176,437
29/7/2008,Delhi,Delhi,Mayapuri Indl. Area,Industrial Areas,3.3,49.3,188,303
30/7/2008,Delhi,Delhi,Mayapuri Indl. Area,Industrial Areas,NA,56.2,110,220
8/12/2008,Delhi,Delhi,Mayapuri Indl. Area,Industrial Areas,NA,25,62,141
13/8/2008,Delhi,Delhi,Mayapuri Indl. Area,Industrial Areas,NA,34.2,49,73
19/8/2008,Delhi,Delhi,Mayapuri Indl. Area,Industrial Areas,3.9,26.1,143,424
20/8/2008,Delhi,Delhi,Mayapuri Indl. Area,Industrial Areas,8.5,31.3,107,356
21/8/2008,Delhi,Delhi,Mayapuri Indl. Area,Industrial Areas,10,58.2,107,379
26/8/2008,Delhi,Delhi,Mayapuri Indl. Area,Industrial Areas,3.2,59.8,123,410
27/8/2008,Delhi,Delhi,Mayapuri Indl. Area,Industrial Areas,4.4,37.3,140,482
28/8/2008,Delhi,Delhi,Mayapuri Indl. Area,Industrial Areas,2.7,20.1,121,383
9/9/2008,Delhi,Delhi,Mayapuri Indl. Area,Industrial Areas,11.2,47.8,185,382
9/10/2008,Delhi,Delhi,Mayapuri Indl. Area,Industrial Areas,15.8,56.7,195,440
9/11/2008,Delhi,Delhi,Mayapuri Indl. Area,Industrial Areas,3.4,67.3,140,292
16/9/2008,Delhi,Delhi,Mayapuri Indl. Area,Industrial Areas,16.6,68.3,144,333
17/9/2008,Delhi,Delhi,Mayapuri Indl. Area,Industrial Areas,9.1,56.9,77,160
23/9/2008,Delhi,Delhi,Mayapuri Indl. Area,Industrial Areas,3.5,49.9,199,443
24/9/2008,Delhi,Delhi,Mayapuri Indl. Area,Industrial Areas,2.9,43.4,280,480
25/9/2008,Delhi,Delhi,Mayapuri Indl. Area,Industrial Areas,4,45.7,281,537
10/3/2008,Delhi,Delhi,Mayapuri Indl. Area,Industrial Areas,3.9,58,207,451
10/4/2008,Delhi,Delhi,Mayapuri Indl. Area,Industrial Areas,10.3,49.4,171,401
10/10/2008,Delhi,Delhi,Mayapuri Indl. Area,Industrial Areas,7.9,73.5,294,549
10/11/2008,Delhi,Delhi,Mayapuri Indl. Area,Industrial Areas,5.1,87.8,323,600
21/10/2008,Delhi,Delhi,Mayapuri Indl. Area,Industrial Areas,14.1,118.3,419,911
22/10/2008,Delhi,Delhi,Mayapuri Indl. Area,Industrial Areas,9.4,101.3,390,760
23/10/2008,Delhi,Delhi,Mayapuri Indl. Area,Industrial Areas,11.6,125.7,395,882
24/10/2008,Delhi,Delhi,Mayapuri Indl. Area,Industrial Areas,13.7,138.7,388,742
11/4/2008,Delhi,Delhi,Mayapuri Indl. Area,Industrial Areas,NA,94.1,497,939
11/5/2008,Delhi,Delhi,Mayapuri Indl. Area,Industrial Areas,11.4,102.9,451,847
11/6/2008,Delhi,Delhi,Mayapuri Indl. Area,Industrial Areas,3.4,99.4,465,853
18/11/2008,Delhi,Delhi,Mayapuri Indl. Area,Industrial Areas,11.1,91.1,399,755
19/11/2008,Delhi,Delhi,Mayapuri Indl. Area,Industrial Areas,10.2,91.1,261,619
20/11/2008,Delhi,Delhi,Mayapuri Indl. Area,Industrial Areas,14,44.1,193,388
22/11/2008,Delhi,Delhi,Mayapuri Indl. Area,Industrial Areas,4.8,73,231,567
23/11/2008,Delhi,Delhi,Mayapuri Indl. Area,Industrial Areas,6.4,63.8,269,586
12/2/2008,Delhi,Delhi,Mayapuri Indl. Area,Industrial Areas,3.5,117.3,478,970
12/3/2008,Delhi,Delhi,Mayapuri Indl. Area,Industrial Areas,13.7,107,474,921
12/9/2008,Delhi,Delhi,Mayapuri Indl. Area,Industrial Areas,9.2,94.6,463,818
12/10/2008,Delhi,Delhi,Mayapuri Indl. Area,Industrial Areas,5.7,68.5,286,551
23/12/2008,Delhi,Delhi,Mayapuri Indl. Area,Industrial Areas,15.2,65.8,307,695
24/12/2008,Delhi,Delhi,Mayapuri Indl. Area,Industrial Areas,7.9,91,440,819
27/12/2008,Delhi,Delhi,Mayapuri Indl. Area,Industrial Areas,7.9,90.5,371,741
28/12/2008,Delhi,Delhi,Mayapuri Indl. Area,Industrial Areas,21.4,83.6,439,755
1/3/2008,Delhi,Delhi,Shahdara,Industrial Areas,4.8,52.2,194,607
1/8/2008,Delhi,Delhi,Shahdara,Industrial Areas,4.7,75.5,162,612
1/11/2008,Delhi,Delhi,Shahdara,Industrial Areas,4,45.8,59,249
16/1/2008,Delhi,Delhi,Shahdara,Industrial Areas,4.2,53,92,361
21/1/2008,Delhi,Delhi,Shahdara,Industrial Areas,4,46.7,143,290
24/1/2008,Delhi,Delhi,Shahdara,Industrial Areas,5,70,225,319
29/1/2008,Delhi,Delhi,Shahdara,Industrial Areas,4.5,48.8,227,408
2/4/2008,Delhi,Delhi,Shahdara,Industrial Areas,4.2,52.7,172,433
2/7/2008,Delhi,Delhi,Shahdara,Industrial Areas,4.8,58,177,429
2/12/2008,Delhi,Delhi,Shahdara,Industrial Areas,4.8,70.7,236,643
15/2/2008,Delhi,Delhi,Shahdara,Industrial Areas,4.2,63.3,225,436
20/2/2008,Delhi,Delhi,Shahdara,Industrial Areas,5.2,62.8,387,424
25/2/2008,Delhi,Delhi,Shahdara,Industrial Areas,4.7,79.2,327,867
28/2/2008,Delhi,Delhi,Shahdara,Industrial Areas,4.5,70.3,208,468
3/5/2008,Delhi,Delhi,Shahdara,Industrial Areas,5.5,82.3,373,688
3/11/2008,Delhi,Delhi,Shahdara,Industrial Areas,4.2,62.8,184,482
14/3/2008,Delhi,Delhi,Shahdara,Industrial Areas,4,73,255,500
19/3/2008,Delhi,Delhi,Shahdara,Industrial Areas,4,85.3,196,569
25/3/2008,Delhi,Delhi,Shahdara,Industrial Areas,4,60,238,455
28/3/2008,Delhi,Delhi,Shahdara,Industrial Areas,6,46,333,725
4/3/2008,Delhi,Delhi,Shahdara,Industrial Areas,4,50.2,132,255
4/8/2008,Delhi,Delhi,Shahdara,Industrial Areas,4,56.7,197,316
4/11/2008,Delhi,Delhi,Shahdara,Industrial Areas,4,61.3,143,435
17/4/2008,Delhi,Delhi,Shahdara,Industrial Areas,4,53,195,276
23/4/2008,Delhi,Delhi,Shahdara,Industrial Areas,4.3,65.7,222,498
28/4/2008,Delhi,Delhi,Shahdara,Industrial Areas,4,60.7,347,611
5/2/2008,Delhi,Delhi,Shahdara,Industrial Areas,4.5,69.7,269,733
5/7/2008,Delhi,Delhi,Shahdara,Industrial Areas,4.7,69.7,277,610
5/12/2008,Delhi,Delhi,Shahdara,Industrial Areas,4.3,74,199,503
15/5/2008,Delhi,Delhi,Shahdara,Industrial Areas,4.5,57,NA,411
21/5/2008,Delhi,Delhi,Shahdara,Industrial Areas,4,72.2,131,343
26/5/2008,Delhi,Delhi,Shahdara,Industrial Areas,4.2,61,218,487
29/5/2008,Delhi,Delhi,Shahdara,Industrial Areas,4.2,55.5,251,551
6/4/2008,Delhi,Delhi,Shahdara,Industrial Areas,4.3,56,166,596
6/9/2008,Delhi,Delhi,Shahdara,Industrial Areas,4.2,54.7,132,421
6/12/2008,Delhi,Delhi,Shahdara,Industrial Areas,4.2,54.8,221,460
17/6/2008,Delhi,Delhi,Shahdara,Industrial Areas,4,36.8,NA,193
20/6/2008,Delhi,Delhi,Shahdara,Industrial Areas,4.2,42.2,202,471
25/6/2008,Delhi,Delhi,Shahdara,Industrial Areas,4,46.5,118,459
7/3/2008,Delhi,Delhi,Shahdara,Industrial Areas,4.7,36.2,155,364
7/8/2008,Delhi,Delhi,Shahdara,Industrial Areas,4,37.8,120,223
7/11/2008,Delhi,Delhi,Shahdara,Industrial Areas,4,38,123,278
16/7/2008,Delhi,Delhi,Shahdara,Industrial Areas,4,38,89,261
21/7/2008,Delhi,Delhi,Shahdara,Industrial Areas,4,33.2,98,224
24/7/2008,Delhi,Delhi,Shahdara,Industrial Areas,4.2,38,108,246
29/7/2008,Delhi,Delhi,Shahdara,Industrial Areas,4,34.3,118,184
8/4/2008,Delhi,Delhi,Shahdara,Industrial Areas,4,37.3,99,193
8/7/2008,Delhi,Delhi,Shahdara,Industrial Areas,4,35.5,109,296
8/12/2008,Delhi,Delhi,Shahdara,Industrial Areas,4,40.3,113,265
18/8/2008,Delhi,Delhi,Shahdara,Industrial Areas,4,41.5,105,263
21/8/2008,Delhi,Delhi,Shahdara,Industrial Areas,4,37.8,93,211
26/8/2008,Delhi,Delhi,Shahdara,Industrial Areas,4,44.2,176,340
9/4/2008,Delhi,Delhi,Shahdara,Industrial Areas,4,45.3,157,322
9/9/2008,Delhi,Delhi,Shahdara,Industrial Areas,4.3,38.7,120,329
9/12/2008,Delhi,Delhi,Shahdara,Industrial Areas,4,45.5,124,272
17/9/2008,Delhi,Delhi,Shahdara,Industrial Areas,4,37.8,84,260
22/9/2008,Delhi,Delhi,Shahdara,Industrial Areas,4,36.2,95,262
25/9/2008,Delhi,Delhi,Shahdara,Industrial Areas,4.2,41.2,124,296
10/1/2008,Delhi,Delhi,Shahdara,Industrial Areas,4.2,60.3,140,485
16/10/2008,Delhi,Delhi,Shahdara,Industrial Areas,4,53,178,378
21/10/2008,Delhi,Delhi,Shahdara,Industrial Areas,4.2,56,222,455
24/10/2008,Delhi,Delhi,Shahdara,Industrial Areas,4,64.7,354,557
30/10/2008,Delhi,Delhi,Shahdara,Industrial Areas,4,60.7,551,989
11/5/2008,Delhi,Delhi,Shahdara,Industrial Areas,4,51.7,308,537
11/10/2008,Delhi,Delhi,Shahdara,Industrial Areas,15.7,108.8,470,912
14/11/2008,Delhi,Delhi,Shahdara,Industrial Areas,15.8,108.5,337,754
19/11/2008,Delhi,Delhi,Shahdara,Industrial Areas,15,110,343,709
24/11/2008,Delhi,Delhi,Shahdara,Industrial Areas,6.3,81.2,300,579
27/11/2008,Delhi,Delhi,Shahdara,Industrial Areas,14.3,104.3,283,632
12/3/2008,Delhi,Delhi,Shahdara,Industrial Areas,6.2,81.5,394,861
12/8/2008,Delhi,Delhi,Shahdara,Industrial Areas,4.8,77.7,337,746
12/12/2008,Delhi,Delhi,Shahdara,Industrial Areas,4.7,59,211,419
17/12/2008,Delhi,Delhi,Shahdara,Industrial Areas,4.5,68,305,528
22/12/2008,Delhi,Delhi,Shahdara,Industrial Areas,4.3,60.8,181,374
26/12/2008,Delhi,Delhi,Shahdara,Industrial Areas,6.2,78.7,354,830
1/2/2008,Delhi,Delhi,Shahzada Bagh,Industrial Areas,4,42.3,309,496
1/7/2008,Delhi,Delhi,Shahzada Bagh,Industrial Areas,4,56,377,743
1/10/2008,Delhi,Delhi,Shahzada Bagh,Industrial Areas,4,42,178,418
18/1/2008,Delhi,Delhi,Shahzada Bagh,Industrial Areas,NA,40.8,216,569
23/1/2008,Delhi,Delhi,Shahzada Bagh,Industrial Areas,4,41.8,127,337
28/1/2008,Delhi,Delhi,Shahzada Bagh,Industrial Areas,4.2,39.3,195,359
2/1/2008,Delhi,Delhi,Shahzada Bagh,Industrial Areas,5,37.8,200,544
2/6/2008,Delhi,Delhi,Shahzada Bagh,Industrial Areas,4.7,41.8,216,370
2/11/2008,Delhi,Delhi,Shahzada Bagh,Industrial Areas,10.2,48.3,125,370
14/2/2008,Delhi,Delhi,Shahzada Bagh,Industrial Areas,8.8,53.3,171,454
19/2/2008,Delhi,Delhi,Shahzada Bagh,Industrial Areas,4.5,38.2,143,449
22/2/2008,Delhi,Delhi,Shahzada Bagh,Industrial Areas,4.2,45.2,147,604
27/2/2008,Delhi,Delhi,Shahzada Bagh,Industrial Areas,6.3,41.8,205,484
3/4/2008,Delhi,Delhi,Shahzada Bagh,Industrial Areas,6,35.7,523,787
3/10/2008,Delhi,Delhi,Shahzada Bagh,Industrial Areas,6.5,33.7,166,604
13/3/2008,Delhi,Delhi,Shahzada Bagh,Industrial Areas,4.7,31.8,192,529
18/3/2008,Delhi,Delhi,Shahzada Bagh,Industrial Areas,5.3,36.7,174,668
24/3/2008,Delhi,Delhi,Shahzada Bagh,Industrial Areas,5.3,43,140,385
27/3/2008,Delhi,Delhi,Shahzada Bagh,Industrial Areas,4.2,41.8,156,593
4/2/2008,Delhi,Delhi,Shahzada Bagh,Industrial Areas,4.3,35.2,122,297
4/7/2008,Delhi,Delhi,Shahzada Bagh,Industrial Areas,4.7,34,138,231
4/10/2008,Delhi,Delhi,Shahzada Bagh,Industrial Areas,4,36.8,119,327
16/4/2008,Delhi,Delhi,Shahzada Bagh,Industrial Areas,4.3,44,69,256
22/4/2008,Delhi,Delhi,Shahzada Bagh,Industrial Areas,4.2,42,105,315
25/4/2008,Delhi,Delhi,Shahzada Bagh,Industrial Areas,4.3,39,130,290
5/1/2008,Delhi,Delhi,Shahzada Bagh,Industrial Areas,4.3,40.3,457,NA
5/6/2008,Delhi,Delhi,Shahzada Bagh,Industrial Areas,6.3,37.8,NA,483
5/9/2008,Delhi,Delhi,Shahzada Bagh,Industrial Areas,7.3,37.5,NA,426
19/5/2008,Delhi,Delhi,Shahzada Bagh,Industrial Areas,NA,NA,150,NA
23/5/2008,Delhi,Delhi,Shahzada Bagh,Industrial Areas,NA,NA,150,NA
28/5/2008,Delhi,Delhi,Shahzada Bagh,Industrial Areas,4.2,30.5,110,315
6/3/2008,Delhi,Delhi,Shahzada Bagh,Industrial Areas,4.2,33,146,296
6/6/2008,Delhi,Delhi,Shahzada Bagh,Industrial Areas,4,34,152,299
6/11/2008,Delhi,Delhi,Shahzada Bagh,Industrial Areas,6.2,31.2,125,293
19/6/2008,Delhi,Delhi,Shahzada Bagh,Industrial Areas,5,33.6,136,306
24/6/2008,Delhi,Delhi,Shahzada Bagh,Industrial Areas,6,40.2,224,414
27/6/2008,Delhi,Delhi,Shahzada Bagh,Industrial Areas,NA,NA,134,NA
7/2/2008,Delhi,Delhi,Shahzada Bagh,Industrial Areas,NA,NA,141,NA
7/7/2008,Delhi,Delhi,Shahzada Bagh,Industrial Areas,NA,NA,136,NA
7/10/2008,Delhi,Delhi,Shahzada Bagh,Industrial Areas,4,35.2,129,267
15/7/2008,Delhi,Delhi,Shahzada Bagh,Industrial Areas,4,34.2,114,290
18/7/2008,Delhi,Delhi,Shahzada Bagh,Industrial Areas,4,36.7,115,291
23/7/2008,Delhi,Delhi,Shahzada Bagh,Industrial Areas,4.2,39.7,117,305
28/7/2008,Delhi,Delhi,Shahzada Bagh,Industrial Areas,4,36,122,302
8/1/2008,Delhi,Delhi,Shahzada Bagh,Industrial Areas,4.3,36,142,319
8/6/2008,Delhi,Delhi,Shahzada Bagh,Industrial Areas,4,35.5,124,330
8/11/2008,Delhi,Delhi,Shahzada Bagh,Industrial Areas,4,33.8,114,294
20/8/2008,Delhi,Delhi,Shahzada Bagh,Industrial Areas,4,38.8,129,312
25/8/2008,Delhi,Delhi,Shahzada Bagh,Industrial Areas,4,41.8,126,298
28/8/2008,Delhi,Delhi,Shahzada Bagh,Industrial Areas,6.5,55.7,280,443
9/3/2008,Delhi,Delhi,Shahzada Bagh,Industrial Areas,4,40.2,146,315
9/8/2008,Delhi,Delhi,Shahzada Bagh,Industrial Areas,4.2,44.7,127,292
9/11/2008,Delhi,Delhi,Shahzada Bagh,Industrial Areas,4.2,44.3,150,329
16/9/2008,Delhi,Delhi,Shahzada Bagh,Industrial Areas,4,46.7,126,302
19/9/2008,Delhi,Delhi,Shahzada Bagh,Industrial Areas,4.5,43.2,71,262
29/9/2008,Delhi,Delhi,Shahzada Bagh,Industrial Areas,4,41.3,81,261
10/6/2008,Delhi,Delhi,Shahzada Bagh,Industrial Areas,4,50.2,175,349
10/10/2008,Delhi,Delhi,Shahzada Bagh,Industrial Areas,4.3,56.8,205,432
15/10/2008,Delhi,Delhi,Shahzada Bagh,Industrial Areas,4.5,50.7,201,525
20/10/2008,Delhi,Delhi,Shahzada Bagh,Industrial Areas,4,54.8,188,438
23/10/2008,Delhi,Delhi,Shahzada Bagh,Industrial Areas,4.7,55.2,384,828
11/4/2008,Delhi,Delhi,Shahzada Bagh,Industrial Areas,4,61.7,312,507
11/7/2008,Delhi,Delhi,Shahzada Bagh,Industrial Areas,11.5,98.2,376,812
11/12/2008,Delhi,Delhi,Shahzada Bagh,Industrial Areas,13.2,108.5,508,871
18/11/2008,Delhi,Delhi,Shahzada Bagh,Industrial Areas,15.5,114.7,552,995
21/11/2008,Delhi,Delhi,Shahzada Bagh,Industrial Areas,6.3,70.5,296,585
26/11/2008,Delhi,Delhi,Shahzada Bagh,Industrial Areas,13.3,112.3,433,888
12/2/2008,Delhi,Delhi,Shahzada Bagh,Industrial Areas,12,108.8,450,832
12/5/2008,Delhi,Delhi,Shahzada Bagh,Industrial Areas,9.8,101.2,374,800
12/11/2008,Delhi,Delhi,Shahzada Bagh,Industrial Areas,6,59.2,215,473
16/12/2008,Delhi,Delhi,Shahzada Bagh,Industrial Areas,5.3,72.8,339,708
19/12/2008,Delhi,Delhi,Shahzada Bagh,Industrial Areas,13.8,72.2,260,783
24/12/2008,Delhi,Delhi,Shahzada Bagh,Industrial Areas,6.2,66,328,521
30/12/2008,Delhi,Delhi,Shahzada Bagh,Industrial Areas,6.3,66.5,135,422
1/2/2008,Delhi,Delhi,Janakpuri,Residential and others,4.3,63.8,319,464
1/7/2008,Delhi,Delhi,Janakpuri,Residential and others,4.3,60.3,387,962
1/10/2008,Delhi,Delhi,Janakpuri,Residential and others,4.2,64.2,260,425
15/1/2008,Delhi,Delhi,Janakpuri,Residential and others,4,49.7,192,284
18/1/2008,Delhi,Delhi,Janakpuri,Residential and others,4,44.3,159,325
23/1/2008,Delhi,Delhi,Janakpuri,Residential and others,4,43.7,105,234
28/1/2008,Delhi,Delhi,Janakpuri,Residential and others,4,42.5,117,185
2/1/2008,Delhi,Delhi,Janakpuri,Residential and others,4.5,57.7,160,303
2/6/2008,Delhi,Delhi,Janakpuri,Residential and others,4.8,62.5,239,461
2/11/2008,Delhi,Delhi,Janakpuri,Residential and others,4,56.3,127,279
14/2/2008,Delhi,Delhi,Janakpuri,Residential and others,4.2,62,214,364
22/2/2008,Delhi,Delhi,Janakpuri,Residential and others,4.3,64.7,245,444
27/2/2008,Delhi,Delhi,Janakpuri,Residential and others,4.2,57.7,193,315
3/4/2008,Delhi,Delhi,Janakpuri,Residential and others,4.2,74.3,257,558
3/10/2008,Delhi,Delhi,Janakpuri,Residential and others,4,54.3,185,430
13/3/2008,Delhi,Delhi,Janakpuri,Residential and others,4,62.2,247,510
18/3/2008,Delhi,Delhi,Janakpuri,Residential and others,4,56.7,271,343
24/3/2008,Delhi,Delhi,Janakpuri,Residential and others,4,59.7,197,392
27/3/2008,Delhi,Delhi,Janakpuri,Residential and others,4.7,43.3,290,519
4/2/2008,Delhi,Delhi,Janakpuri,Residential and others,5.5,35,193,429
4/7/2008,Delhi,Delhi,Janakpuri,Residential and others,4,46.7,96,182
4/10/2008,Delhi,Delhi,Janakpuri,Residential and others,4,49.5,173,400
16/4/2008,Delhi,Delhi,Janakpuri,Residential and others,4,50.5,154,535
22/4/2008,Delhi,Delhi,Janakpuri,Residential and others,4,55.3,286,431
25/4/2008,Delhi,Delhi,Janakpuri,Residential and others,4.3,64.2,237,451
5/1/2008,Delhi,Delhi,Janakpuri,Residential and others,4.7,72,322,699
5/6/2008,Delhi,Delhi,Janakpuri,Residential and others,4.5,67.3,382,355
5/9/2008,Delhi,Delhi,Janakpuri,Residential and others,4.7,72.2,256,524
14/5/2008,Delhi,Delhi,Janakpuri,Residential and others,4.5,66.5,132,213
19/5/2008,Delhi,Delhi,Janakpuri,Residential and others,4.8,62.8,117,298
23/5/2008,Delhi,Delhi,Janakpuri,Residential and others,4.2,62,115,352
28/5/2008,Delhi,Delhi,Janakpuri,Residential and others,4,54.5,239,609
6/3/2008,Delhi,Delhi,Janakpuri,Residential and others,4.2,54,137,406
6/6/2008,Delhi,Delhi,Janakpuri,Residential and others,4.2,55.2,200,485
6/11/2008,Delhi,Delhi,Janakpuri,Residential and others,4.7,48.5,133,343
16/6/2008,Delhi,Delhi,Janakpuri,Residential and others,4,44.7,70,121
19/6/2008,Delhi,Delhi,Janakpuri,Residential and others,4,48.3,154,486
24/6/2008,Delhi,Delhi,Janakpuri,Residential and others,4.5,44.5,178,240
27/6/2008,Delhi,Delhi,Janakpuri,Residential and others,4.2,57.3,193,344
7/3/2008,Delhi,Delhi,Janakpuri,Residential and others,4,48.5,92,407
7/8/2008,Delhi,Delhi,Janakpuri,Residential and others,4,43,72,138
7/11/2008,Delhi,Delhi,Janakpuri,Residential and others,4,41.5,135,389
16/7/2008,Delhi,Delhi,Janakpuri,Residential and others,4,41.7,78,224
21/7/2008,Delhi,Delhi,Janakpuri,Residential and others,4.2,39.2,76,238
24/7/2008,Delhi,Delhi,Janakpuri,Residential and others,4.2,42.8,106,342
29/7/2008,Delhi,Delhi,Janakpuri,Residential and others,4,39.2,118,217
8/7/2008,Delhi,Delhi,Janakpuri,Residential and others,5.5,55,143,266
8/12/2008,Delhi,Delhi,Janakpuri,Residential and others,4,40.3,123,212
18/8/2008,Delhi,Delhi,Janakpuri,Residential and others,4,48.7,125,294
21/8/2008,Delhi,Delhi,Janakpuri,Residential and others,4,42,170,338
26/8/2008,Delhi,Delhi,Janakpuri,Residential and others,4.8,47.8,142,482
9/1/2008,Delhi,Delhi,Janakpuri,Residential and others,5,45.3,371,493
9/4/2008,Delhi,Delhi,Janakpuri,Residential and others,5.2,47.8,206,429
9/9/2008,Delhi,Delhi,Janakpuri,Residential and others,4.8,46.8,96,228
9/12/2008,Delhi,Delhi,Janakpuri,Residential and others,6.3,51,74,185
17/9/2008,Delhi,Delhi,Janakpuri,Residential and others,6.2,47.3,NA,193
22/9/2008,Delhi,Delhi,Janakpuri,Residential and others,5.3,47.5,NA,199
25/9/2008,Delhi,Delhi,Janakpuri,Residential and others,5.5,48.2,110,372
10/1/2008,Delhi,Delhi,Janakpuri,Residential and others,5,50.5,307,589
10/7/2008,Delhi,Delhi,Janakpuri,Residential and others,4.2,50.8,286,478
13/10/2008,Delhi,Delhi,Janakpuri,Residential and others,5.7,51.2,444,570
16/10/2008,Delhi,Delhi,Janakpuri,Residential and others,4.2,50.2,323,592
21/10/2008,Delhi,Delhi,Janakpuri,Residential and others,5,54,530,640
24/10/2008,Delhi,Delhi,Janakpuri,Residential and others,5,56.5,511,700
30/10/2008,Delhi,Delhi,Janakpuri,Residential and others,5.3,54.2,256,439
11/5/2008,Delhi,Delhi,Janakpuri,Residential and others,6.2,48,263,578
11/10/2008,Delhi,Delhi,Janakpuri,Residential and others,5,55.3,485,678
14/11/2008,Delhi,Delhi,Janakpuri,Residential and others,4.2,57.3,292,592
19/11/2008,Delhi,Delhi,Janakpuri,Residential and others,4.2,62.8,316,581
24/11/2008,Delhi,Delhi,Janakpuri,Residential and others,4,56,378,616
27/11/2008,Delhi,Delhi,Janakpuri,Residential and others,4.2,55,332,563
12/3/2008,Delhi,Delhi,Janakpuri,Residential and others,4.8,50.8,263,348
12/8/2008,Delhi,Delhi,Janakpuri,Residential and others,4.8,51.5,201,333
12/12/2008,Delhi,Delhi,Janakpuri,Residential and others,4,46,146,232
17/12/2008,Delhi,Delhi,Janakpuri,Residential and others,5.2,61.5,339,508
22/12/2008,Delhi,Delhi,Janakpuri,Residential and others,6.8,51,291,468
26/12/2008,Delhi,Delhi,Janakpuri,Residential and others,7.3,53.7,290,556
18/3/2008,Delhi,Delhi,N.Y. School,Residential and others,17,102.4,289,562
19/3/2008,Delhi,Delhi,N.Y. School,Residential and others,12.4,86.8,305,563
25/3/2008,Delhi,Delhi,N.Y. School,Residential and others,15.3,100,208,438
26/3/2008,Delhi,Delhi,N.Y. School,Residential and others,11.2,71.3,213,385
28/3/2008,Delhi,Delhi,N.Y. School,Residential and others,17,98,302,578
29/3/2008,Delhi,Delhi,N.Y. School,Residential and others,15.1,91.9,286,384
4/7/2008,Delhi,Delhi,N.Y. School,Residential and others,NA,65.9,87,240
4/8/2008,Delhi,Delhi,N.Y. School,Residential and others,6.5,69.3,124,286
4/9/2008,Delhi,Delhi,N.Y. School,Residential and others,11.2,57.1,127,314
4/12/2008,Delhi,Delhi,N.Y. School,Residential and others,12,107.3,215,381
13/4/2008,Delhi,Delhi,N.Y. School,Residential and others,13.6,104,216,311
17/4/2008,Delhi,Delhi,N.Y. School,Residential and others,9.2,86.2,133,298
18/4/2008,Delhi,Delhi,N.Y. School,Residential and others,11.6,77.5,185,373
19/4/2008,Delhi,Delhi,N.Y. School,Residential and others,10.7,72.7,199,399
5/1/2008,Delhi,Delhi,N.Y. School,Residential and others,2.5,56.6,620,1021
5/2/2008,Delhi,Delhi,N.Y. School,Residential and others,3.6,76.1,397,575
5/3/2008,Delhi,Delhi,N.Y. School,Residential and others,4.7,71.3,391,733
13/5/2008,Delhi,Delhi,N.Y. School,Residential and others,4.1,110.4,240,512
14/5/2008,Delhi,Delhi,N.Y. School,Residential and others,2.8,81,275,489
15/5/2008,Delhi,Delhi,N.Y. School,Residential and others,3.6,78.5,217,667
20/5/2008,Delhi,Delhi,N.Y. School,Residential and others,2.7,71.5,73,121
21/5/2008,Delhi,Delhi,N.Y. School,Residential and others,4.7,84.3,63,138
6/3/2008,Delhi,Delhi,N.Y. School,Residential and others,NA,94.2,130,283
6/4/2008,Delhi,Delhi,N.Y. School,Residential and others,NA,80.2,140,312
6/5/2008,Delhi,Delhi,N.Y. School,Residential and others,NA,67.6,124,297
17/6/2008,Delhi,Delhi,N.Y. School,Residential and others,3.7,43.2,61,109
18/6/2008,Delhi,Delhi,N.Y. School,Residential and others,2.5,38.2,38,116
19/6/2008,Delhi,Delhi,N.Y. School,Residential and others,4.5,38.7,35,105
24/6/2008,Delhi,Delhi,N.Y. School,Residential and others,3.7,67.5,77,187
25/6/2008,Delhi,Delhi,N.Y. School,Residential and others,NA,63.2,100,252
7/8/2008,Delhi,Delhi,N.Y. School,Residential and others,NA,52,72,116
7/9/2008,Delhi,Delhi,N.Y. School,Residential and others,9.1,50.7,96,148
7/10/2008,Delhi,Delhi,N.Y. School,Residential and others,NA,40.9,66,119
15/7/2008,Delhi,Delhi,N.Y. School,Residential and others,NA,36.4,58,331
16/7/2008,Delhi,Delhi,N.Y. School,Residential and others,NA,35.4,90,378
17/7/2008,Delhi,Delhi,N.Y. School,Residential and others,NA,30.5,95,331
29/7/2008,Delhi,Delhi,N.Y. School,Residential and others,6,44.1,57,123
30/7/2008,Delhi,Delhi,N.Y. School,Residential and others,2.8,53.4,63,132
8/3/2008,Delhi,Delhi,N.Y. School,Residential and others,NA,25.7,37,70
8/5/2008,Delhi,Delhi,N.Y. School,Residential and others,NA,62.1,54,129
8/6/2008,Delhi,Delhi,N.Y. School,Residential and others,NA,54.4,31,67
8/7/2008,Delhi,Delhi,N.Y. School,Residential and others,NA,42.7,18,62
8/12/2008,Delhi,Delhi,N.Y. School,Residential and others,NA,32.2,36,88
13/8/2008,Delhi,Delhi,N.Y. School,Residential and others,NA,25.7,37,70
21/8/2008,Delhi,Delhi,N.Y. School,Residential and others,NA,68,101,301
22/8/2008,Delhi,Delhi,N.Y. School,Residential and others,3,82.5,116,271
23/8/2008,Delhi,Delhi,N.Y. School,Residential and others,NA,70.8,79,185
9/2/2008,Delhi,Delhi,N.Y. School,Residential and others,NA,61.1,83,240
9/3/2008,Delhi,Delhi,N.Y. School,Residential and others,2.8,56.3,72,257
9/4/2008,Delhi,Delhi,N.Y. School,Residential and others,NA,59.1,114,244
16/9/2008,Delhi,Delhi,N.Y. School,Residential and others,9,64.5,160,223
17/9/2008,Delhi,Delhi,N.Y. School,Residential and others,2.5,51.8,79,136
23/9/2008,Delhi,Delhi,N.Y. School,Residential and others,NA,68.9,76,235
24/9/2008,Delhi,Delhi,N.Y. School,Residential and others,NA,69.4,117,290
25/9/2008,Delhi,Delhi,N.Y. School,Residential and others,NA,63.2,115,311
10/3/2008,Delhi,Delhi,N.Y. School,Residential and others,NA,44.4,206,335
10/4/2008,Delhi,Delhi,N.Y. School,Residential and others,5.3,39.3,184,274
10/10/2008,Delhi,Delhi,N.Y. School,Residential and others,NA,87,157,390
10/11/2008,Delhi,Delhi,N.Y. School,Residential and others,2.7,96.3,180,411
14/10/2008,Delhi,Delhi,N.Y. School,Residential and others,NA,82.3,226,449
15/10/2008,Delhi,Delhi,N.Y. School,Residential and others,4,71.9,207,362
16/10/2008,Delhi,Delhi,N.Y. School,Residential and others,5.2,95.3,178,397
17/10/2008,Delhi,Delhi,N.Y. School,Residential and others,NA,87.9,193,358
11/11/2008,Delhi,Delhi,N.Y. School,Residential and others,6.6,77,410,698
11/12/2008,Delhi,Delhi,N.Y. School,Residential and others,9.7,84.7,415,665
13/11/2008,Delhi,Delhi,N.Y. School,Residential and others,7.8,95.6,329,508
22/11/2008,Delhi,Delhi,N.Y. School,Residential and others,NA,76.7,168,418
23/11/2008,Delhi,Delhi,N.Y. School,Residential and others,NA,80.9,164,422
25/11/2008,Delhi,Delhi,N.Y. School,Residential and others,4.1,85.2,389,680
26/11/2008,Delhi,Delhi,N.Y. School,Residential and others,NA,92.1,467,767
27/11/2008,Delhi,Delhi,N.Y. School,Residential and others,4,90.2,364,636
12/2/2008,Delhi,Delhi,N.Y. School,Residential and others,8.3,101.3,322,647
12/3/2008,Delhi,Delhi,N.Y. School,Residential and others,2.6,107.7,344,602
16/12/2008,Delhi,Delhi,N.Y. School,Residential and others,5.1,68.5,224,402
17/12/2008,Delhi,Delhi,N.Y. School,Residential and others,5.6,70.7,258,456
18/12/2008,Delhi,Delhi,N.Y. School,Residential and others,2.9,56.1,160,438
23/12/2008,Delhi,Delhi,N.Y. School,Residential and others,2.7,57.8,162,348
24/12/2008,Delhi,Delhi,N.Y. School,Residential and others,4.2,65.6,308,469
25/12/2008,Delhi,Delhi,N.Y. School,Residential and others,4.2,57.3,373,594
1/1/2008,Delhi,Delhi,Nizamuddin,Residential and others,4,36.5,131,388
1/4/2008,Delhi,Delhi,Nizamuddin,Residential and others,4,40.7,164,458
1/9/2008,Delhi,Delhi,Nizamuddin,Residential and others,4,41,95,441
14/1/2008,Delhi,Delhi,Nizamuddin,Residential and others,4,44.3,96,556
22/1/2008,Delhi,Delhi,Nizamuddin,Residential and others,4,34.3,69,401
25/1/2008,Delhi,Delhi,Nizamuddin,Residential and others,4.3,39,89,462
30/1/2008,Delhi,Delhi,Nizamuddin,Residential and others,NA,NA,49,NA
3/7/2008,Delhi,Delhi,Nizamuddin,Residential and others,4.5,31.2,NA,435
3/12/2008,Delhi,Delhi,Nizamuddin,Residential and others,5.3,27.8,NA,395
17/3/2008,Delhi,Delhi,Nizamuddin,Residential and others,5.7,27.2,NA,454
20/3/2008,Delhi,Delhi,Nizamuddin,Residential and others,5.3,26.7,NA,370
26/3/2008,Delhi,Delhi,Nizamuddin,Residential and others,5.7,31.5,NA,339
4/1/2008,Delhi,Delhi,Nizamuddin,Residential and others,4.5,39.8,NA,278
4/4/2008,Delhi,Delhi,Nizamuddin,Residential and others,4,31.3,NA,349
4/9/2008,Delhi,Delhi,Nizamuddin,Residential and others,4,32,NA,168
15/4/2008,Delhi,Delhi,Nizamuddin,Residential and others,4.2,36.2,NA,197
21/4/2008,Delhi,Delhi,Nizamuddin,Residential and others,4.3,33.8,NA,223
24/4/2008,Delhi,Delhi,Nizamuddin,Residential and others,4.2,36.7,NA,203
29/4/2008,Delhi,Delhi,Nizamuddin,Residential and others,4.7,32.3,NA,263
5/5/2008,Delhi,Delhi,Nizamuddin,Residential and others,4.2,33.8,NA,507
5/8/2008,Delhi,Delhi,Nizamuddin,Residential and others,6.3,35.5,NA,455
13/5/2008,Delhi,Delhi,Nizamuddin,Residential and others,6.3,38.5,NA,394
16/5/2008,Delhi,Delhi,Nizamuddin,Residential and others,5.8,37,NA,426
27/5/2008,Delhi,Delhi,Nizamuddin,Residential and others,5.5,38.2,NA,283
6/2/2008,Delhi,Delhi,Nizamuddin,Residential and others,5,34.7,104,279
6/5/2008,Delhi,Delhi,Nizamuddin,Residential and others,5.2,35.3,107,290
6/10/2008,Delhi,Delhi,Nizamuddin,Residential and others,6.3,32,86,267
18/6/2008,Delhi,Delhi,Nizamuddin,Residential and others,6,31,85,260
23/6/2008,Delhi,Delhi,Nizamuddin,Residential and others,4,31.2,91,255
26/6/2008,Delhi,Delhi,Nizamuddin,Residential and others,4,39.5,88,372
7/1/2008,Delhi,Delhi,Nizamuddin,Residential and others,4.5,31.5,54,190
7/4/2008,Delhi,Delhi,Nizamuddin,Residential and others,4,52,51,621
7/9/2008,Delhi,Delhi,Nizamuddin,Residential and others,5.8,26.3,NA,NA
17/7/2008,Delhi,Delhi,Nizamuddin,Residential and others,4.5,40.5,NA,224
22/7/2008,Delhi,Delhi,Nizamuddin,Residential and others,4.7,34.7,NA,237
25/7/2008,Delhi,Delhi,Nizamuddin,Residential and others,4.5,45.3,NA,307
30/7/2008,Delhi,Delhi,Nizamuddin,Residential and others,5,37.3,NA,149
8/5/2008,Delhi,Delhi,Nizamuddin,Residential and others,4.2,46.4,NA,312
13/8/2008,Delhi,Delhi,Nizamuddin,Residential and others,4,41.2,76,227
19/8/2008,Delhi,Delhi,Nizamuddin,Residential and others,4,54.3,80,461
22/8/2008,Delhi,Delhi,Nizamuddin,Residential and others,4,45.2,117,401
27/8/2008,Delhi,Delhi,Nizamuddin,Residential and others,4.7,45.2,105,314
9/2/2008,Delhi,Delhi,Nizamuddin,Residential and others,4.5,44.2,119,362
9/5/2008,Delhi,Delhi,Nizamuddin,Residential and others,4.8,43.3,165,465
9/10/2008,Delhi,Delhi,Nizamuddin,Residential and others,5.3,45.5,217,335
15/9/2008,Delhi,Delhi,Nizamuddin,Residential and others,6,50.7,223,373
18/9/2008,Delhi,Delhi,Nizamuddin,Residential and others,5.8,44,116,182
23/9/2008,Delhi,Delhi,Nizamuddin,Residential and others,4.8,47.5,83,253
26/9/2008,Delhi,Delhi,Nizamuddin,Residential and others,5,48.8,104,363
10/3/2008,Delhi,Delhi,Nizamuddin,Residential and others,5.5,46.5,252,636
10/8/2008,Delhi,Delhi,Nizamuddin,Residential and others,5.8,47.5,508,651
14/10/2008,Delhi,Delhi,Nizamuddin,Residential and others,4.3,48.5,341,575
17/10/2008,Delhi,Delhi,Nizamuddin,Residential and others,4.2,48.8,475,832
22/10/2008,Delhi,Delhi,Nizamuddin,Residential and others,5.2,53,290,476
11/3/2008,Delhi,Delhi,Nizamuddin,Residential and others,4,52.7,404,665
11/6/2008,Delhi,Delhi,Nizamuddin,Residential and others,4.5,48.5,590,713
11/11/2008,Delhi,Delhi,Nizamuddin,Residential and others,4,46.8,293,682
17/11/2008,Delhi,Delhi,Nizamuddin,Residential and others,4.5,55.3,502,597
20/11/2008,Delhi,Delhi,Nizamuddin,Residential and others,4.2,54.2,319,508
25/11/2008,Delhi,Delhi,Nizamuddin,Residential and others,4.2,52.5,258,480
12/1/2008,Delhi,Delhi,Nizamuddin,Residential and others,5.8,48.5,255,435
12/4/2008,Delhi,Delhi,Nizamuddin,Residential and others,4.8,60.8,240,462
12/10/2008,Delhi,Delhi,Nizamuddin,Residential and others,5.5,52.2,223,441
15/12/2008,Delhi,Delhi,Nizamuddin,Residential and others,4.2,51.5,207,527
18/12/2008,Delhi,Delhi,Nizamuddin,Residential and others,4.2,58,210,515
23/12/2008,Delhi,Delhi,Nizamuddin,Residential and others,8.2,49.3,385,694
29/12/2008,Delhi,Delhi,Nizamuddin,Residential and others,8.5,57.3,304,539
1/3/2008,Delhi,Delhi,Pritampura,Residential and others,4,38.2,276,489
1/8/2008,Delhi,Delhi,Pritampura,Residential and others,4,38.8,132,388
1/11/2008,Delhi,Delhi,Pritampura,Residential and others,4,36.5,117,267
21/1/2008,Delhi,Delhi,Pritampura,Residential and others,4,35.3,118,272
24/1/2008,Delhi,Delhi,Pritampura,Residential and others,4.3,30,NA,262
29/1/2008,Delhi,Delhi,Pritampura,Residential and others,4.2,32.8,131,297
2/4/2008,Delhi,Delhi,Pritampura,Residential and others,4,30.2,131,395
2/7/2008,Delhi,Delhi,Pritampura,Residential and others,5.2,31.8,157,481
2/12/2008,Delhi,Delhi,Pritampura,Residential and others,4.7,39.2,115,296
15/2/2008,Delhi,Delhi,Pritampura,Residential and others,5.3,35.2,133,292
20/2/2008,Delhi,Delhi,Pritampura,Residential and others,4.8,31.8,128,269
25/2/2008,Delhi,Delhi,Pritampura,Residential and others,4,35.5,161,471
28/2/2008,Delhi,Delhi,Pritampura,Residential and others,4.7,33.3,132,317
3/5/2008,Delhi,Delhi,Pritampura,Residential and others,4.3,36.2,190,396
3/11/2008,Delhi,Delhi,Pritampura,Residential and others,4,25,126,388
14/3/2008,Delhi,Delhi,Pritampura,Residential and others,4.7,34.3,111,296
19/3/2008,Delhi,Delhi,Pritampura,Residential and others,4,43.3,163,635
25/3/2008,Delhi,Delhi,Pritampura,Residential and others,4.2,33.8,121,319
28/3/2008,Delhi,Delhi,Pritampura,Residential and others,4,32.7,119,412
4/3/2008,Delhi,Delhi,Pritampura,Residential and others,4,34,57,181
4/8/2008,Delhi,Delhi,Pritampura,Residential and others,4,38.7,133,305
4/11/2008,Delhi,Delhi,Pritampura,Residential and others,4.3,38.3,121,401
17/4/2008,Delhi,Delhi,Pritampura,Residential and others,5.3,33.7,149,331
23/4/2008,Delhi,Delhi,Pritampura,Residential and others,4.3,40.7,257,460
28/4/2008,Delhi,Delhi,Pritampura,Residential and others,4,37.7,293,463
5/2/2008,Delhi,Delhi,Pritampura,Residential and others,4.5,34.2,350,620
5/7/2008,Delhi,Delhi,Pritampura,Residential and others,5.2,35,251,372
5/12/2008,Delhi,Delhi,Pritampura,Residential and others,6,39.2,232,462
15/5/2008,Delhi,Delhi,Pritampura,Residential and others,5.5,38.8,158,358
29/5/2008,Delhi,Delhi,Pritampura,Residential and others,NA,NA,115,NA
6/4/2008,Delhi,Delhi,Pritampura,Residential and others,NA,NA,119,NA
6/9/2008,Delhi,Delhi,Pritampura,Residential and others,NA,NA,116,NA
6/12/2008,Delhi,Delhi,Pritampura,Residential and others,6.2,32.5,92,246
17/6/2008,Delhi,Delhi,Pritampura,Residential and others,5,28.5,74,238
20/6/2008,Delhi,Delhi,Pritampura,Residential and others,4,30.2,89,236
25/6/2008,Delhi,Delhi,Pritampura,Residential and others,4,29,84,232
7/1/2008,Delhi,Delhi,Pritampura,Residential and others,4,30.3,73,181
7/4/2008,Delhi,Delhi,Pritampura,Residential and others,4.3,30,171,332
7/9/2008,Delhi,Delhi,Pritampura,Residential and others,4.2,31.7,113,188
14/7/2008,Delhi,Delhi,Pritampura,Residential and others,4,34.2,138,279
17/7/2008,Delhi,Delhi,Pritampura,Residential and others,4.3,31.5,90,244
22/7/2008,Delhi,Delhi,Pritampura,Residential and others,4.3,33,107,267
25/7/2008,Delhi,Delhi,Pritampura,Residential and others,6.3,42.2,90,260
30/7/2008,Delhi,Delhi,Pritampura,Residential and others,4,31.3,93,257
8/5/2008,Delhi,Delhi,Pritampura,Residential and others,4,25.8,91,248
13/8/2008,Delhi,Delhi,Pritampura,Residential and others,4,23.3,77,211
19/8/2008,Delhi,Delhi,Pritampura,Residential and others,4,33,108,250
22/8/2008,Delhi,Delhi,Pritampura,Residential and others,4,35.7,126,265
27/8/2008,Delhi,Delhi,Pritampura,Residential and others,4,30.5,84,238
9/2/2008,Delhi,Delhi,Pritampura,Residential and others,4,30.2,68,188
9/5/2008,Delhi,Delhi,Pritampura,Residential and others,4,39,151,350
9/10/2008,Delhi,Delhi,Pritampura,Residential and others,NA,NA,136,NA
15/9/2008,Delhi,Delhi,Pritampura,Residential and others,NA,NA,122,NA
18/9/2008,Delhi,Delhi,Pritampura,Residential and others,NA,NA,72,NA
23/9/2008,Delhi,Delhi,Pritampura,Residential and others,NA,NA,80,NA
26/9/2008,Delhi,Delhi,Pritampura,Residential and others,4,39.2,79,223
10/3/2008,Delhi,Delhi,Pritampura,Residential and others,4,38.3,187,369
10/8/2008,Delhi,Delhi,Pritampura,Residential and others,4,32,151,286
14/10/2008,Delhi,Delhi,Pritampura,Residential and others,4,38.8,164,335
17/10/2008,Delhi,Delhi,Pritampura,Residential and others,4,38.2,132,301
22/10/2008,Delhi,Delhi,Pritampura,Residential and others,4,32.7,149,313
27/10/2008,Delhi,Delhi,Pritampura,Residential and others,4,40,410,813
29/10/2008,Delhi,Delhi,Pritampura,Residential and others,4.3,41.2,434,820
11/3/2008,Delhi,Delhi,Pritampura,Residential and others,4,38,251,530
11/6/2008,Delhi,Delhi,Pritampura,Residential and others,4,37,191,424
11/11/2008,Delhi,Delhi,Pritampura,Residential and others,8.5,87.8,283,719
17/11/2008,Delhi,Delhi,Pritampura,Residential and others,8.5,83.5,273,636
20/11/2008,Delhi,Delhi,Pritampura,Residential and others,4,36.5,170,414
25/11/2008,Delhi,Delhi,Pritampura,Residential and others,4,48.3,192,389
12/1/2008,Delhi,Delhi,Pritampura,Residential and others,8.2,81.3,398,775
12/4/2008,Delhi,Delhi,Pritampura,Residential and others,5.3,69.7,210,448
12/10/2008,Delhi,Delhi,Pritampura,Residential and others,4,25.5,110,251
15/12/2008,Delhi,Delhi,Pritampura,Residential and others,4.2,40.5,165,432
18/12/2008,Delhi,Delhi,Pritampura,Residential and others,4,39.3,206,412
23/12/2008,Delhi,Delhi,Pritampura,Residential and others,4.2,45.5,216,461
29/12/2008,Delhi,Delhi,Pritampura,Residential and others,6.2,51.3,315,627
1/1/2008,Delhi,Delhi,Siri Fort,Residential and others,4.5,54.3,354,524
1/4/2008,Delhi,Delhi,Siri Fort,Residential and others,4.8,56.8,213,357
1/9/2008,Delhi,Delhi,Siri Fort,Residential and others,4,45,269,405
14/1/2008,Delhi,Delhi,Siri Fort,Residential and others,4.3,53.3,245,501
17/1/2008,Delhi,Delhi,Siri Fort,Residential and others,4.3,56,161,397
22/1/2008,Delhi,Delhi,Siri Fort,Residential and others,4.3,53.2,218,415
25/1/2008,Delhi,Delhi,Siri Fort,Residential and others,4,45.5,159,306
30/1/2008,Delhi,Delhi,Siri Fort,Residential and others,4,51.2,263,415
2/5/2008,Delhi,Delhi,Siri Fort,Residential and others,4,48.3,195,291
2/8/2008,Delhi,Delhi,Siri Fort,Residential and others,4.2,49.2,196,378
13/2/2008,Delhi,Delhi,Siri Fort,Residential and others,4,46.8,196,332
18/2/2008,Delhi,Delhi,Siri Fort,Residential and others,4,35.8,145,321
21/2/2008,Delhi,Delhi,Siri Fort,Residential and others,4,43,134,331
26/2/2008,Delhi,Delhi,Siri Fort,Residential and others,4.2,61.5,208,492
3/3/2008,Delhi,Delhi,Siri Fort,Residential and others,4.2,61,294,456
3/7/2008,Delhi,Delhi,Siri Fort,Residential and others,4,36.5,126,251
3/12/2008,Delhi,Delhi,Siri Fort,Residential and others,4,47.7,195,422
17/3/2008,Delhi,Delhi,Siri Fort,Residential and others,4,52,191,403
20/3/2008,Delhi,Delhi,Siri Fort,Residential and others,4,46.5,246,572
26/3/2008,Delhi,Delhi,Siri Fort,Residential and others,4.5,27.2,184,329
4/1/2008,Delhi,Delhi,Siri Fort,Residential and others,4.2,44.3,133,333
4/4/2008,Delhi,Delhi,Siri Fort,Residential and others,4,37.6,91,197
4/9/2008,Delhi,Delhi,Siri Fort,Residential and others,4,40.7,156,251
15/4/2008,Delhi,Delhi,Siri Fort,Residential and others,4,51.2,215,496
21/4/2008,Delhi,Delhi,Siri Fort,Residential and others,4,63.8,201,433
24/4/2008,Delhi,Delhi,Siri Fort,Residential and others,4,60.8,230,608
29/4/2008,Delhi,Delhi,Siri Fort,Residential and others,4,59.3,358,630
5/5/2008,Delhi,Delhi,Siri Fort,Residential and others,4.2,60.8,303,587
5/8/2008,Delhi,Delhi,Siri Fort,Residential and others,4.3,67.8,356,634
13/5/2008,Delhi,Delhi,Siri Fort,Residential and others,4.2,54.3,241,449
16/5/2008,Delhi,Delhi,Siri Fort,Residential and others,4.8,68,445,NA
27/5/2008,Delhi,Delhi,Siri Fort,Residential and others,4,46.3,149,307
6/2/2008,Delhi,Delhi,Siri Fort,Residential and others,4,60.5,111,277
6/5/2008,Delhi,Delhi,Siri Fort,Residential and others,4.3,52.3,190,346
6/10/2008,Delhi,Delhi,Siri Fort,Residential and others,4,45.2,73,179
18/6/2008,Delhi,Delhi,Siri Fort,Residential and others,4,43.2,79,159
23/6/2008,Delhi,Delhi,Siri Fort,Residential and others,4.3,47.7,202,494
26/6/2008,Delhi,Delhi,Siri Fort,Residential and others,4,48.2,110,271
7/2/2008,Delhi,Delhi,Siri Fort,Residential and others,4,49.7,100,259
7/7/2008,Delhi,Delhi,Siri Fort,Residential and others,4,43.2,51,130
7/10/2008,Delhi,Delhi,Siri Fort,Residential and others,4.3,42.5,51,140
15/7/2008,Delhi,Delhi,Siri Fort,Residential and others,4,41.5,111,248
18/7/2008,Delhi,Delhi,Siri Fort,Residential and others,4.2,48.2,202,325
23/7/2008,Delhi,Delhi,Siri Fort,Residential and others,4,40.5,192,333
28/7/2008,Delhi,Delhi,Siri Fort,Residential and others,4.7,46.2,88,148
8/1/2008,Delhi,Delhi,Siri Fort,Residential and others,4.5,42.7,112,211
8/11/2008,Delhi,Delhi,Siri Fort,Residential and others,4.7,42.7,127,148
20/8/2008,Delhi,Delhi,Siri Fort,Residential and others,4.5,44.5,143,237
25/8/2008,Delhi,Delhi,Siri Fort,Residential and others,4.5,42.3,116,274
28/8/2008,Delhi,Delhi,Siri Fort,Residential and others,5.2,44.5,175,307
9/3/2008,Delhi,Delhi,Siri Fort,Residential and others,5.3,46.7,293,499
9/8/2008,Delhi,Delhi,Siri Fort,Residential and others,6.5,50.3,168,360
9/11/2008,Delhi,Delhi,Siri Fort,Residential and others,6.3,46.8,100,271
16/9/2008,Delhi,Delhi,Siri Fort,Residential and others,5.8,43.3,165,263
24/9/2008,Delhi,Delhi,Siri Fort,Residential and others,6,55.3,66,306
29/9/2008,Delhi,Delhi,Siri Fort,Residential and others,4.8,44.3,166,425
10/6/2008,Delhi,Delhi,Siri Fort,Residential and others,5.8,53.3,163,566
10/10/2008,Delhi,Delhi,Siri Fort,Residential and others,6.4,44,444,621
15/10/2008,Delhi,Delhi,Siri Fort,Residential and others,4.2,46.2,327,674
20/10/2008,Delhi,Delhi,Siri Fort,Residential and others,4.5,46.8,421,613
23/10/2008,Delhi,Delhi,Siri Fort,Residential and others,4,46.7,413,620
29/10/2008,Delhi,Delhi,Siri Fort,Residential and others,4.7,46.8,293,449
11/4/2008,Delhi,Delhi,Siri Fort,Residential and others,4.5,48.8,NA,NA
11/7/2008,Delhi,Delhi,Siri Fort,Residential and others,4.7,53.2,301,511
11/12/2008,Delhi,Delhi,Siri Fort,Residential and others,4.3,53,199,454
18/11/2008,Delhi,Delhi,Siri Fort,Residential and others,4.3,59.5,294,570
21/11/2008,Delhi,Delhi,Siri Fort,Residential and others,4.3,52.3,365,555
26/11/2008,Delhi,Delhi,Siri Fort,Residential and others,5.3,52,268,519
12/2/2008,Delhi,Delhi,Siri Fort,Residential and others,5,46.4,382,695
12/5/2008,Delhi,Delhi,Siri Fort,Residential and others,5.8,51.2,315,478
12/11/2008,Delhi,Delhi,Siri Fort,Residential and others,4.5,54.5,226,371
16/12/2008,Delhi,Delhi,Siri Fort,Residential and others,4,51.2,275,410
19/12/2008,Delhi,Delhi,Siri Fort,Residential and others,6.2,50.7,477,689
24/12/2008,Delhi,Delhi,Siri Fort,Residential and others,8.5,50.8,213,396
30/12/2008,Delhi,Delhi,Siri Fort,Residential and others,8.3,51.5,246,411
1/2/2008,Delhi,Delhi,Town Hall,Residential and others,20.8,112,413,642
1/3/2008,Delhi,Delhi,Town Hall,Residential and others,21.1,121.4,444,821
1/8/2008,Delhi,Delhi,Town Hall,Residential and others,30.5,77.9,289,532
1/9/2008,Delhi,Delhi,Town Hall,Residential and others,26.4,88.2,192,387
1/10/2008,Delhi,Delhi,Town Hall,Residential and others,9.5,88.1,225,491
15/1/2008,Delhi,Delhi,Town Hall,Residential and others,12.1,83.5,273,489
16/1/2008,Delhi,Delhi,Town Hall,Residential and others,18.9,85.4,266,486
17/1/2008,Delhi,Delhi,Town Hall,Residential and others,18.8,86.2,305,597
2/5/2008,Delhi,Delhi,Town Hall,Residential and others,18,96.3,277,442
2/6/2008,Delhi,Delhi,Town Hall,Residential and others,23.9,97.7,321,619
2/7/2008,Delhi,Delhi,Town Hall,Residential and others,19.3,88,245,472
2/12/2008,Delhi,Delhi,Town Hall,Residential and others,12.7,72.1,196,462
13/2/2008,Delhi,Delhi,Town Hall,Residential and others,16.2,78.5,254,465
14/2/2008,Delhi,Delhi,Town Hall,Residential and others,27.5,105.1,459,773
19/2/2008,Delhi,Delhi,Town Hall,Residential and others,16.8,113.3,386,666
20/2/2008,Delhi,Delhi,Town Hall,Residential and others,28.4,112.7,406,732
3/4/2008,Delhi,Delhi,Town Hall,Residential and others,24.2,138.4,295,677
3/5/2008,Delhi,Delhi,Town Hall,Residential and others,12.3,126.7,293,575
3/6/2008,Delhi,Delhi,Town Hall,Residential and others,22,89.9,272,513
3/11/2008,Delhi,Delhi,Town Hall,Residential and others,12.3,76.3,181,424
3/12/2008,Delhi,Delhi,Town Hall,Residential and others,16,88.3,237,514
13/3/2008,Delhi,Delhi,Town Hall,Residential and others,19.2,97.9,244,491
18/3/2008,Delhi,Delhi,Town Hall,Residential and others,22.9,82.5,374,777
19/3/2008,Delhi,Delhi,Town Hall,Residential and others,18.1,72.7,385,738
4/7/2008,Delhi,Delhi,Town Hall,Residential and others,13.6,81.5,226,457
4/8/2008,Delhi,Delhi,Town Hall,Residential and others,13.5,71.4,190,408
4/9/2008,Delhi,Delhi,Town Hall,Residential and others,11.9,61.8,199,389
15/4/2008,Delhi,Delhi,Town Hall,Residential and others,17.8,98.4,315,638
16/4/2008,Delhi,Delhi,Town Hall,Residential and others,20.9,76.8,323,542
23/4/2008,Delhi,Delhi,Town Hall,Residential and others,28.2,97.6,402,753
24/4/2008,Delhi,Delhi,Town Hall,Residential and others,25.6,99.5,288,558
25/4/2008,Delhi,Delhi,Town Hall,Residential and others,23.9,75,224,534
5/7/2008,Delhi,Delhi,Town Hall,Residential and others,7.4,83,339,736
5/8/2008,Delhi,Delhi,Town Hall,Residential and others,NA,42.9,472,734
13/5/2008,Delhi,Delhi,Town Hall,Residential and others,14.5,100.2,325,649
14/5/2008,Delhi,Delhi,Town Hall,Residential and others,4.9,105.2,249,569
15/5/2008,Delhi,Delhi,Town Hall,Residential and others,3.9,87.6,453,889
27/5/2008,Delhi,Delhi,Town Hall,Residential and others,4.7,77.1,240,622
28/5/2008,Delhi,Delhi,Town Hall,Residential and others,4.4,88.5,300,674
29/5/2008,Delhi,Delhi,Town Hall,Residential and others,4.4,58.9,238,467
6/10/2008,Delhi,Delhi,Town Hall,Residential and others,5,62.2,141,277
6/11/2008,Delhi,Delhi,Town Hall,Residential and others,11,81.7,162,314
6/12/2008,Delhi,Delhi,Town Hall,Residential and others,5.5,78.6,116,260
24/6/2008,Delhi,Delhi,Town Hall,Residential and others,6.6,68.7,96,265
25/6/2008,Delhi,Delhi,Town Hall,Residential and others,NA,72.2,134,299
26/6/2008,Delhi,Delhi,Town Hall,Residential and others,2.8,73.4,165,293
27/6/2008,Delhi,Delhi,Town Hall,Residential and others,12.1,65.3,96,192
28/6/2008,Delhi,Delhi,Town Hall,Residential and others,4.8,66.5,94,199
7/1/2008,Delhi,Delhi,Town Hall,Residential and others,4.5,38.5,110,247
7/2/2008,Delhi,Delhi,Town Hall,Residential and others,3,56.8,174,361
7/3/2008,Delhi,Delhi,Town Hall,Residential and others,NA,34.6,133,405
15/7/2008,Delhi,Delhi,Town Hall,Residential and others,NA,39.3,234,432
16/7/2008,Delhi,Delhi,Town Hall,Residential and others,NA,40.1,180,515
17/7/2008,Delhi,Delhi,Town Hall,Residential and others,NA,40.5,148,441
22/7/2008,Delhi,Delhi,Town Hall,Residential and others,NA,50.7,191,365
23/7/2008,Delhi,Delhi,Town Hall,Residential and others,NA,40.7,146,375
8/5/2008,Delhi,Delhi,Town Hall,Residential and others,2.5,39.3,126,242
8/6/2008,Delhi,Delhi,Town Hall,Residential and others,NA,33.8,54,90
8/7/2008,Delhi,Delhi,Town Hall,Residential and others,NA,33.8,96,140
19/8/2008,Delhi,Delhi,Town Hall,Residential and others,NA,31.6,98,303
26/8/2008,Delhi,Delhi,Town Hall,Residential and others,NA,53.9,187,313
27/8/2008,Delhi,Delhi,Town Hall,Residential and others,NA,45.4,231,392
28/8/2008,Delhi,Delhi,Town Hall,Residential and others,NA,31.6,202,301
29/8/2008,Delhi,Delhi,Town Hall,Residential and others,NA,27.6,200,312
9/2/2008,Delhi,Delhi,Town Hall,Residential and others,NA,53.3,98,307
9/3/2008,Delhi,Delhi,Town Hall,Residential and others,4.4,66.6,161,321
9/4/2008,Delhi,Delhi,Town Hall,Residential and others,5.6,59.3,202,330
9/9/2008,Delhi,Delhi,Town Hall,Residential and others,NA,51.9,101,282
9/10/2008,Delhi,Delhi,Town Hall,Residential and others,NA,60.2,174,365
9/11/2008,Delhi,Delhi,Town Hall,Residential and others,4,50.3,139,241
16/9/2008,Delhi,Delhi,Town Hall,Residential and others,3.6,61.7,128,356
17/9/2008,Delhi,Delhi,Town Hall,Residential and others,2.4,43.9,79,161
14/10/2008,Delhi,Delhi,Town Hall,Residential and others,2.6,69.5,411,612
15/10/2008,Delhi,Delhi,Town Hall,Residential and others,4.2,66.3,397,502
16/10/2008,Delhi,Delhi,Town Hall,Residential and others,7.8,77.8,342,627
21/10/2008,Delhi,Delhi,Town Hall,Residential and others,4.6,119.5,501,789
22/10/2008,Delhi,Delhi,Town Hall,Residential and others,8.6,123.9,526,726
23/10/2008,Delhi,Delhi,Town Hall,Residential and others,8.4,86.3,495,810
29/10/2008,Delhi,Delhi,Town Hall,Residential and others,6.8,75.9,256,787
30/10/2008,Delhi,Delhi,Town Hall,Residential and others,8,65.4,320,768
11/4/2008,Delhi,Delhi,Town Hall,Residential and others,10.1,106.7,415,593
11/5/2008,Delhi,Delhi,Town Hall,Residential and others,6.7,110.5,453,635
11/6/2008,Delhi,Delhi,Town Hall,Residential and others,22.9,91,630,900
11/11/2008,Delhi,Delhi,Town Hall,Residential and others,6.1,95.3,593,812
11/12/2008,Delhi,Delhi,Town Hall,Residential and others,19.1,84.6,525,657
13/11/2008,Delhi,Delhi,Town Hall,Residential and others,15.7,81.4,400,487
18/11/2008,Delhi,Delhi,Town Hall,Residential and others,13.8,83.2,428,692
19/11/2008,Delhi,Delhi,Town Hall,Residential and others,13.5,72,326,498
12/2/2008,Delhi,Delhi,Town Hall,Residential and others,8.5,108.5,522,808
12/3/2008,Delhi,Delhi,Town Hall,Residential and others,3.6,107.1,482,660
12/4/2008,Delhi,Delhi,Town Hall,Residential and others,7.5,113.8,509,755
12/10/2008,Delhi,Delhi,Town Hall,Residential and others,9.4,88.6,336,553
12/11/2008,Delhi,Delhi,Town Hall,Residential and others,7.7,81,257,414
16/12/2008,Delhi,Delhi,Town Hall,Residential and others,7.3,87.7,361,510
17/12/2008,Delhi,Delhi,Town Hall,Residential and others,3.9,93.5,292,433
18/12/2008,Delhi,Delhi,Town Hall,Residential and others,3.5,72,288,597
