Sampling Date,State,City/Town/Village/Area,Location of Monitoring Station,Type of Location,SO2,NO2,RSPM/PM10,SPM
1/4/2005,Delhi,Delhi,Mayapuri Indl. Area,Industrial Areas,10.9,62.9,203,384
1/5/2005,Delhi,Delhi,Mayapuri Indl. Area,Industrial Areas,25.1,64.1,381,601
14-01-05,Delhi,Delhi,Mayapuri Indl. Area,Industrial Areas,15.9,58.1,217,479
15-01-05,Delhi,Delhi,Mayapuri Indl. Area,Industrial Areas,17.5,77.8,246,558
18-01-05,Delhi,Delhi,Mayapuri Indl. Area,Industrial Areas,8.5,70,306,574
19-01-05,Delhi,Delhi,Mayapuri Indl. Area,Industrial Areas,17.7,68.6,285,543
21-01-05,Delhi,Delhi,Mayapuri Indl. Area,Industrial Areas,19.7,36.8,259,463
22-01-05,Delhi,Delhi,Mayapuri Indl. Area,Industrial Areas,16.1,18.6,150,236
2/4/2005,Delhi,Delhi,Mayapuri Indl. Area,Industrial Areas,16.4,78.8,203,378
2/5/2005,Delhi,Delhi,Mayapuri Indl. Area,Industrial Areas,16.8,62.9,175,349
2/8/2005,Delhi,Delhi,Mayapuri Indl. Area,Industrial Areas,13.5,51.7,120,196
2/9/2005,Delhi,Delhi,Mayapuri Indl. Area,Industrial Areas,16.1,61.6,220,410
18-02-05,Delhi,Delhi,Mayapuri Indl. Area,Industrial Areas,18.7,42.6,144,438
19-02-05,Delhi,Delhi,Mayapuri Indl. Area,Industrial Areas,10.4,26.9,98,310
25-02-05,Delhi,Delhi,Mayapuri Indl. Area,Industrial Areas,15.1,23.1,142,381
26-02-05,Delhi,Delhi,Mayapuri Indl. Area,Industrial Areas,13.1,23.3,179,371
3/1/2005,Delhi,Delhi,Mayapuri Indl. Area,Industrial Areas,18.7,40.5,166,387
3/2/2005,Delhi,Delhi,Mayapuri Indl. Area,Industrial Areas,13,28.2,120,355
15-03-05,Delhi,Delhi,Mayapuri Indl. Area,Industrial Areas,14.8,25.3,223,451
16-03-05,Delhi,Delhi,Mayapuri Indl. Area,Industrial Areas,16.7,28.6,194,399
21-03-05,Delhi,Delhi,Mayapuri Indl. Area,Industrial Areas,16.8,51.1,130,259
22-03-05,Delhi,Delhi,Mayapuri Indl. Area,Industrial Areas,15.3,64.3,139,360
29-03-05,Delhi,Delhi,Mayapuri Indl. Area,Industrial Areas,16,45.9,169,549
30-03-05,Delhi,Delhi,Mayapuri Indl. Area,Industrial Areas,18.3,20,150,387
4/8/2005,Delhi,Delhi,Mayapuri Indl. Area,Industrial Areas,24.7,37.7,395,NA
4/9/2005,Delhi,Delhi,Mayapuri Indl. Area,Industrial Areas,20.2,42.2,338,903
15-04-05,Delhi,Delhi,Mayapuri Indl. Area,Industrial Areas,21.8,58.3,220,592
16-04-05,Delhi,Delhi,Mayapuri Indl. Area,Industrial Areas,19,41.5,218,600
22-04-05,Delhi,Delhi,Mayapuri Indl. Area,Industrial Areas,23.8,77.3,210,732
23-04-05,Delhi,Delhi,Mayapuri Indl. Area,Industrial Areas,18.3,37,194,686
28-04-05,Delhi,Delhi,Mayapuri Indl. Area,Industrial Areas,2.5,56.5,177,473
29-04-05,Delhi,Delhi,Mayapuri Indl. Area,Industrial Areas,4.3,45.2,124,460
5/11/2005,Delhi,Delhi,Mayapuri Indl. Area,Industrial Areas,9.4,20.7,201,501
5/12/2005,Delhi,Delhi,Mayapuri Indl. Area,Industrial Areas,14,38,215,578
13-05-05,Delhi,Delhi,Mayapuri Indl. Area,Industrial Areas,15,17.4,377,549
14-05-05,Delhi,Delhi,Mayapuri Indl. Area,Industrial Areas,12,55.8,242,518
20-05-05,Delhi,Delhi,Mayapuri Indl. Area,Industrial Areas,12.1,94.5,268,606
21-05-05,Delhi,Delhi,Mayapuri Indl. Area,Industrial Areas,13.5,57.1,339,691
27-05-05,Delhi,Delhi,Mayapuri Indl. Area,Industrial Areas,2.5,56.6,238,512
28-05-05,Delhi,Delhi,Mayapuri Indl. Area,Industrial Areas,2.4,62.6,231,616
6/1/2005,Delhi,Delhi,Mayapuri Indl. Area,Industrial Areas,17.2,33.5,244,621
6/2/2005,Delhi,Delhi,Mayapuri Indl. Area,Industrial Areas,15.2,36.5,331,811
6/10/2005,Delhi,Delhi,Mayapuri Indl. Area,Industrial Areas,16.5,49.8,374,952
6/11/2005,Delhi,Delhi,Mayapuri Indl. Area,Industrial Areas,11.8,36.8,466,NA
21-06-05,Delhi,Delhi,Mayapuri Indl. Area,Industrial Areas,6.2,37.7,196,601
22-06-05,Delhi,Delhi,Mayapuri Indl. Area,Industrial Areas,4.7,23.5,169,603
24-06-05,Delhi,Delhi,Mayapuri Indl. Area,Industrial Areas,7,35.8,113,274
25-06-05,Delhi,Delhi,Mayapuri Indl. Area,Industrial Areas,5.3,43,NA,258
7/8/2005,Delhi,Delhi,Mayapuri Indl. Area,Industrial Areas,10.1,40.9,164,368
7/9/2005,Delhi,Delhi,Mayapuri Indl. Area,Industrial Areas,10.7,37.6,138,361
15-07-05,Delhi,Delhi,Mayapuri Indl. Area,Industrial Areas,6.2,39,48,133
16-07-05,Delhi,Delhi,Mayapuri Indl. Area,Industrial Areas,15.7,29.5,45,149
19-07-05,Delhi,Delhi,Mayapuri Indl. Area,Industrial Areas,7.3,26.9,156,502
20-07-05,Delhi,Delhi,Mayapuri Indl. Area,Industrial Areas,7.7,33.2,171,665
26-07-05,Delhi,Delhi,Mayapuri Indl. Area,Industrial Areas,6.1,35.5,89,264
27-07-05,Delhi,Delhi,Mayapuri Indl. Area,Industrial Areas,NA,28.6,62,147
8/2/2005,Delhi,Delhi,Mayapuri Indl. Area,Industrial Areas,3.5,33.5,64,208
8/3/2005,Delhi,Delhi,Mayapuri Indl. Area,Industrial Areas,NA,35.3,68,171
8/9/2005,Delhi,Delhi,Mayapuri Indl. Area,Industrial Areas,5.8,25.8,93,429
8/10/2005,Delhi,Delhi,Mayapuri Indl. Area,Industrial Areas,8.7,21.6,145,492
22-08-05,Delhi,Delhi,Mayapuri Indl. Area,Industrial Areas,13.3,24.1,105,445
23-08-05,Delhi,Delhi,Mayapuri Indl. Area,Industrial Areas,12.6,30.4,85,460
26-08-05,Delhi,Delhi,Mayapuri Indl. Area,Industrial Areas,5.7,19.8,88,431
27-08-05,Delhi,Delhi,Mayapuri Indl. Area,Industrial Areas,2.8,24,59,381
9/6/2005,Delhi,Delhi,Mayapuri Indl. Area,Industrial Areas,2.6,34.1,59,162
9/7/2005,Delhi,Delhi,Mayapuri Indl. Area,Industrial Areas,NA,34.9,51,169
13-09-05,Delhi,Delhi,Mayapuri Indl. Area,Industrial Areas,3.4,34,59,133
14-09-05,Delhi,Delhi,Mayapuri Indl. Area,Industrial Areas,5.7,24.1,75,149
20-09-05,Delhi,Delhi,Mayapuri Indl. Area,Industrial Areas,12.6,37.1,147,302
21-09-05,Delhi,Delhi,Mayapuri Indl. Area,Industrial Areas,5.6,21.1,87,174
27-09-05,Delhi,Delhi,Mayapuri Indl. Area,Industrial Areas,11.8,24.4,121,454
28-09-05,Delhi,Delhi,Mayapuri Indl. Area,Industrial Areas,16,23.9,142,526
10/4/2005,Delhi,Delhi,Mayapuri Indl. Area,Industrial Areas,28.5,50.8,237,681
10/5/2005,Delhi,Delhi,Mayapuri Indl. Area,Industrial Areas,19.1,49.6,248,797
14-10-05,Delhi,Delhi,Mayapuri Indl. Area,Industrial Areas,25.3,63.7,324,695
15-10-05,Delhi,Delhi,Mayapuri Indl. Area,Industrial Areas,16.6,65.5,231,500
18-10-05,Delhi,Delhi,Mayapuri Indl. Area,Industrial Areas,22.8,88.5,310,647
19-10-05,Delhi,Delhi,Mayapuri Indl. Area,Industrial Areas,14.7,72,214,503
28-10-05,Delhi,Delhi,Mayapuri Indl. Area,Industrial Areas,19.8,64.5,322,780
29-10-05,Delhi,Delhi,Mayapuri Indl. Area,Industrial Areas,16.5,49,320,754
11/3/2005,Delhi,Delhi,Mayapuri Indl. Area,Industrial Areas,23.1,50.9,259,439
11/4/2005,Delhi,Delhi,Mayapuri Indl. Area,Industrial Areas,21.8,57.5,335,607
11/8/2005,Delhi,Delhi,Mayapuri Indl. Area,Industrial Areas,17.8,44.1,466,910
11/9/2005,Delhi,Delhi,Mayapuri Indl. Area,Industrial Areas,19.5,39.5,437,772
25-11-05,Delhi,Delhi,Mayapuri Indl. Area,Industrial Areas,17.5,102.1,364,859
26-11-05,Delhi,Delhi,Mayapuri Indl. Area,Industrial Areas,20.2,97.1,312,645
28-11-05,Delhi,Delhi,Mayapuri Indl. Area,Industrial Areas,23.5,87.8,340,788
29-11-05,Delhi,Delhi,Mayapuri Indl. Area,Industrial Areas,19.2,45.6,314,746
12/9/2005,Delhi,Delhi,Mayapuri Indl. Area,Industrial Areas,20.9,92,530,912
12/10/2005,Delhi,Delhi,Mayapuri Indl. Area,Industrial Areas,23.1,80.7,425,925
13-12-05,Delhi,Delhi,Mayapuri Indl. Area,Industrial Areas,9.5,65.1,458,743
14-12-05,Delhi,Delhi,Mayapuri Indl. Area,Industrial Areas,12.7,69.6,529,896
20-12-05,Delhi,Delhi,Mayapuri Indl. Area,Industrial Areas,11.2,106.2,664,1104
21-12-05,Delhi,Delhi,Mayapuri Indl. Area,Industrial Areas,17.5,110.4,602,1068
27-12-05,Delhi,Delhi,Mayapuri Indl. Area,Industrial Areas,20.2,98,543,717
28-12-05,Delhi,Delhi,Mayapuri Indl. Area,Industrial Areas,22,95.5,711,1036
1/5/2005,Delhi,Delhi,Shahdara,Industrial Areas,11,36,165,261
1/10/2005,Delhi,Delhi,Shahdara,Industrial Areas,8,31,152,234
13-01-05,Delhi,Delhi,Shahdara,Industrial Areas,9,33,121,258
18-01-05,Delhi,Delhi,Shahdara,Industrial Areas,8,33,113,191
24-01-05,Delhi,Delhi,Shahdara,Industrial Areas,8,29,64,135
28-01-05,Delhi,Delhi,Shahdara,Industrial Areas,9,30,73,145
2/3/2005,Delhi,Delhi,Shahdara,Industrial Areas,11,36,135,249
2/8/2005,Delhi,Delhi,Shahdara,Industrial Areas,9,27,80,173
2/11/2005,Delhi,Delhi,Shahdara,Industrial Areas,11,35,128,270
16-02-05,Delhi,Delhi,Shahdara,Industrial Areas,11,28,142,207
21-02-05,Delhi,Delhi,Shahdara,Industrial Areas,9,32,181,232
24-02-05,Delhi,Delhi,Shahdara,Industrial Areas,10,40,148,217
3/2/2005,Delhi,Delhi,Shahdara,Industrial Areas,7,25,71,195
3/7/2005,Delhi,Delhi,Shahdara,Industrial Areas,10,34,137,298
3/11/2005,Delhi,Delhi,Shahdara,Industrial Areas,7,24,61,197
16-03-05,Delhi,Delhi,Shahdara,Industrial Areas,8,34,169,295
21-03-05,Delhi,Delhi,Shahdara,Industrial Areas,10,40,142,284
24-03-05,Delhi,Delhi,Shahdara,Industrial Areas,7,24,162,219
30-03-05,Delhi,Delhi,Shahdara,Industrial Areas,7,27,NA,NA
4/5/2005,Delhi,Delhi,Shahdara,Industrial Areas,7,24,167,263
4/8/2005,Delhi,Delhi,Shahdara,Industrial Areas,19,53,567,981
13-04-05,Delhi,Delhi,Shahdara,Industrial Areas,10,40,281,339
19-04-05,Delhi,Delhi,Shahdara,Industrial Areas,10,35,162,307
21-04-05,Delhi,Delhi,Shahdara,Industrial Areas,9,37,162,321
27-04-05,Delhi,Delhi,Shahdara,Industrial Areas,6,31,181,340
5/3/2005,Delhi,Delhi,Shahdara,Industrial Areas,4,25,48,183
5/6/2005,Delhi,Delhi,Shahdara,Industrial Areas,8,35,123,294
5/11/2005,Delhi,Delhi,Shahdara,Industrial Areas,7,21,99,185
16-05-05,Delhi,Delhi,Shahdara,Industrial Areas,9,38,317,488
19-05-05,Delhi,Delhi,Shahdara,Industrial Areas,8,30,215,307
25-05-05,Delhi,Delhi,Shahdara,Industrial Areas,6,26,113,221
30-05-05,Delhi,Delhi,Shahdara,Industrial Areas,7,32,135,245
6/3/2005,Delhi,Delhi,Shahdara,Industrial Areas,6,31,188,437
6/8/2005,Delhi,Delhi,Shahdara,Industrial Areas,8,32,169,269
13-06-05,Delhi,Delhi,Shahdara,Industrial Areas,9,43,NA,255
16-06-05,Delhi,Delhi,Shahdara,Industrial Areas,10,37,151,352
21-06-05,Delhi,Delhi,Shahdara,Industrial Areas,7,31,80,273
24-06-05,Delhi,Delhi,Shahdara,Industrial Areas,10,41,77,232
29-06-05,Delhi,Delhi,Shahdara,Industrial Areas,11,40,147,294
7/5/2005,Delhi,Delhi,Shahdara,Industrial Areas,5,18,85,140
7/8/2005,Delhi,Delhi,Shahdara,Industrial Areas,7,25,111,226
13-07-05,Delhi,Delhi,Shahdara,Industrial Areas,5,20,58,97
18-07-05,Delhi,Delhi,Shahdara,Industrial Areas,9,35,103,226
21-07-05,Delhi,Delhi,Shahdara,Industrial Areas,13,49,183,673
26-07-05,Delhi,Delhi,Shahdara,Industrial Areas,7,33,63,195
8/1/2005,Delhi,Delhi,Shahdara,Industrial Areas,6,30,54,181
8/4/2005,Delhi,Delhi,Shahdara,Industrial Areas,8,29,77,238
8/9/2005,Delhi,Delhi,Shahdara,Industrial Areas,8,29,74,230
8/12/2005,Delhi,Delhi,Shahdara,Industrial Areas,9,35,115,311
18-08-05,Delhi,Delhi,Shahdara,Industrial Areas,11,35,75,274
23-08-05,Delhi,Delhi,Shahdara,Industrial Areas,7,31,71,217
26-08-05,Delhi,Delhi,Shahdara,Industrial Areas,8,39,144,308
9/1/2005,Delhi,Delhi,Shahdara,Industrial Areas,10,41,97,319
9/6/2005,Delhi,Delhi,Shahdara,Industrial Areas,9,37,102,215
9/9/2005,Delhi,Delhi,Shahdara,Industrial Areas,8,30,87,244
14-09-05,Delhi,Delhi,Shahdara,Industrial Areas,8,26,61,178
19-09-05,Delhi,Delhi,Shahdara,Industrial Areas,7,30,71,175
22-09-05,Delhi,Delhi,Shahdara,Industrial Areas,9,34,61,164
27-09-05,Delhi,Delhi,Shahdara,Industrial Areas,6,28,62,183
10/3/2005,Delhi,Delhi,Shahdara,Industrial Areas,12,45,66,294
10/6/2005,Delhi,Delhi,Shahdara,Industrial Areas,12,42,126,357
13-10-05,Delhi,Delhi,Shahdara,Industrial Areas,13,49,111,311
18-10-05,Delhi,Delhi,Shahdara,Industrial Areas,9,41,122,300
21-10-05,Delhi,Delhi,Shahdara,Industrial Areas,12,51,134,373
26-10-05,Delhi,Delhi,Shahdara,Industrial Areas,17,55,259,543
1/4/2005,Delhi,Delhi,Shahzada Bagh,Industrial Areas,8,37,126,267
1/7/2005,Delhi,Delhi,Shahzada Bagh,Industrial Areas,8,40,154,295
1/12/2005,Delhi,Delhi,Shahzada Bagh,Industrial Areas,9,46,106,236
17-01-05,Delhi,Delhi,Shahzada Bagh,Industrial Areas,9,44,161,394
20-01-05,Delhi,Delhi,Shahzada Bagh,Industrial Areas,7,37,102,206
27-01-05,Delhi,Delhi,Shahzada Bagh,Industrial Areas,6,33,110,307
2/2/2005,Delhi,Delhi,Shahzada Bagh,Industrial Areas,7,35,106,251
2/7/2005,Delhi,Delhi,Shahzada Bagh,Industrial Areas,4,22,95,175
2/10/2005,Delhi,Delhi,Shahzada Bagh,Industrial Areas,5,29,85,191
15-02-05,Delhi,Delhi,Shahzada Bagh,Industrial Areas,5,25,71,153
18-02-05,Delhi,Delhi,Shahzada Bagh,Industrial Areas,7,36,137,251
23-02-05,Delhi,Delhi,Shahzada Bagh,Industrial Areas,8,44,110,202
3/1/2005,Delhi,Delhi,Shahzada Bagh,Industrial Areas,9,48,103,229
3/4/2005,Delhi,Delhi,Shahzada Bagh,Industrial Areas,9,47,107,277
3/10/2005,Delhi,Delhi,Shahzada Bagh,Industrial Areas,9,49,65,199
18-03-05,Delhi,Delhi,Shahzada Bagh,Industrial Areas,9,45,84,342
23-03-05,Delhi,Delhi,Shahzada Bagh,Industrial Areas,7,42,102,273
29-03-05,Delhi,Delhi,Shahzada Bagh,Industrial Areas,7,39,138,247
4/4/2005,Delhi,Delhi,Shahzada Bagh,Industrial Areas,9,59,103,249
4/7/2005,Delhi,Delhi,Shahzada Bagh,Industrial Areas,11,68,199,NA
4/12/2005,Delhi,Delhi,Shahzada Bagh,Industrial Areas,9,61,178,NA
19-04-05,Delhi,Delhi,Shahzada Bagh,Industrial Areas,8,48,77,NA
26-04-05,Delhi,Delhi,Shahzada Bagh,Industrial Areas,9,60,113,249
5/2/2005,Delhi,Delhi,Shahzada Bagh,Industrial Areas,10,63,65,262
5/5/2005,Delhi,Delhi,Shahzada Bagh,Industrial Areas,10,67,111,291
5/10/2005,Delhi,Delhi,Shahzada Bagh,Industrial Areas,10,67,105,273
13-05-05,Delhi,Delhi,Shahzada Bagh,Industrial Areas,12,72,157,570
18-05-05,Delhi,Delhi,Shahzada Bagh,Industrial Areas,10,58,274,404
24-05-05,Delhi,Delhi,Shahzada Bagh,Industrial Areas,9,56,120,322
27-05-05,Delhi,Delhi,Shahzada Bagh,Industrial Areas,9,53,121,257
6/2/2005,Delhi,Delhi,Shahzada Bagh,Industrial Areas,10,59,119,323
6/7/2005,Delhi,Delhi,Shahzada Bagh,Industrial Areas,11,70,108,352
6/10/2005,Delhi,Delhi,Shahzada Bagh,Industrial Areas,11,68,158,455
15-06-05,Delhi,Delhi,Shahzada Bagh,Industrial Areas,11,65,80,271
20-06-05,Delhi,Delhi,Shahzada Bagh,Industrial Areas,8,51,130,275
23-06-05,Delhi,Delhi,Shahzada Bagh,Industrial Areas,9,51,119,508
28-06-05,Delhi,Delhi,Shahzada Bagh,Industrial Areas,8,51,88,241
7/4/2005,Delhi,Delhi,Shahzada Bagh,Industrial Areas,8,44,93,250
7/7/2005,Delhi,Delhi,Shahzada Bagh,Industrial Areas,7,35,71,140
7/12/2005,Delhi,Delhi,Shahzada Bagh,Industrial Areas,7,35,80,166
15-07-05,Delhi,Delhi,Shahzada Bagh,Industrial Areas,9,39,59,NA
20-07-05,Delhi,Delhi,Shahzada Bagh,Industrial Areas,8,37,114,NA
25-07-05,Delhi,Delhi,Shahzada Bagh,Industrial Areas,7,35,130,NA
28-07-05,Delhi,Delhi,Shahzada Bagh,Industrial Areas,7,36,96,NA
8/3/2005,Delhi,Delhi,Shahzada Bagh,Industrial Areas,7,32,89,NA
8/8/2005,Delhi,Delhi,Shahzada Bagh,Industrial Areas,6,33,69,NA
8/11/2005,Delhi,Delhi,Shahzada Bagh,Industrial Areas,6,34,139,NA
17-08-05,Delhi,Delhi,Shahzada Bagh,Industrial Areas,5,30,86,NA
22-08-05,Delhi,Delhi,Shahzada Bagh,Industrial Areas,6,39,78,NA
25-08-05,Delhi,Delhi,Shahzada Bagh,Industrial Areas,7,42,87,305
30-08-05,Delhi,Delhi,Shahzada Bagh,Industrial Areas,8,46,97,234
9/5/2005,Delhi,Delhi,Shahzada Bagh,Industrial Areas,7,41,63,233
9/8/2005,Delhi,Delhi,Shahzada Bagh,Industrial Areas,7,39,74,183
13-09-05,Delhi,Delhi,Shahzada Bagh,Industrial Areas,5,27,41,139
21-09-05,Delhi,Delhi,Shahzada Bagh,Industrial Areas,5,30,96,201
29-09-05,Delhi,Delhi,Shahzada Bagh,Industrial Areas,6,35,117,268
10/5/2005,Delhi,Delhi,Shahzada Bagh,Industrial Areas,7,39,110,448
17-10-05,Delhi,Delhi,Shahzada Bagh,Industrial Areas,8,46,90,255
20-10-05,Delhi,Delhi,Shahzada Bagh,Industrial Areas,8,47,160,306
25-10-05,Delhi,Delhi,Shahzada Bagh,Industrial Areas,11,66,204,512
1/3/2005,Delhi,Delhi,Ashok Vihar,Residential and others,8,42,90,218
1/6/2005,Delhi,Delhi,Ashok Vihar,Residential and others,9,54,99,213
1/11/2005,Delhi,Delhi,Ashok Vihar,Residential and others,8,47,90,287
14-01-05,Delhi,Delhi,Ashok Vihar,Residential and others,8,47,62,223
25-01-05,Delhi,Delhi,Ashok Vihar,Residential and others,6,32,96,233
2/1/2005,Delhi,Delhi,Ashok Vihar,Residential and others,5,36,108,280
2/4/2005,Delhi,Delhi,Ashok Vihar,Residential and others,6,40,122,348
2/9/2005,Delhi,Delhi,Ashok Vihar,Residential and others,6,42,99,267
14-02-05,Delhi,Delhi,Ashok Vihar,Residential and others,5,38,74,239
17-02-05,Delhi,Delhi,Ashok Vihar,Residential and others,5,37,74,215
22-02-05,Delhi,Delhi,Ashok Vihar,Residential and others,4,33,97,234
25-02-05,Delhi,Delhi,Ashok Vihar,Residential and others,5,37,61,178
3/3/2005,Delhi,Delhi,Ashok Vihar,Residential and others,8,54,89,312
3/9/2005,Delhi,Delhi,Ashok Vihar,Residential and others,6,41,29,53
17-03-05,Delhi,Delhi,Ashok Vihar,Residential and others,7,44,59,208
22-03-05,Delhi,Delhi,Ashok Vihar,Residential and others,6,38,65,161
28-03-05,Delhi,Delhi,Ashok Vihar,Residential and others,6,49,66,245
4/1/2005,Delhi,Delhi,Ashok Vihar,Residential and others,9,61,61,165
4/6/2005,Delhi,Delhi,Ashok Vihar,Residential and others,10,65,86,349
4/11/2005,Delhi,Delhi,Ashok Vihar,Residential and others,10,72,134,388
15-04-05,Delhi,Delhi,Ashok Vihar,Residential and others,10,71,77,292
20-04-05,Delhi,Delhi,Ashok Vihar,Residential and others,10,66,60,235
25-04-05,Delhi,Delhi,Ashok Vihar,Residential and others,11,75,73,245
28-04-05,Delhi,Delhi,Ashok Vihar,Residential and others,10,71,82,290
5/4/2005,Delhi,Delhi,Ashok Vihar,Residential and others,8,50,81,275
5/9/2005,Delhi,Delhi,Ashok Vihar,Residential and others,8,59,NA,248
5/12/2005,Delhi,Delhi,Ashok Vihar,Residential and others,10,70,NA,267
17-05-05,Delhi,Delhi,Ashok Vihar,Residential and others,8,56,NA,375
20-05-05,Delhi,Delhi,Ashok Vihar,Residential and others,8,55,NA,296
26-05-05,Delhi,Delhi,Ashok Vihar,Residential and others,8,58,82,319
6/1/2005,Delhi,Delhi,Ashok Vihar,Residential and others,10,63,137,319
6/6/2005,Delhi,Delhi,Ashok Vihar,Residential and others,11,69,55,364
6/9/2005,Delhi,Delhi,Ashok Vihar,Residential and others,10,62,NA,404
14-06-05,Delhi,Delhi,Ashok Vihar,Residential and others,9,57,NA,338
17-06-05,Delhi,Delhi,Ashok Vihar,Residential and others,8,50,NA,279
22-06-05,Delhi,Delhi,Ashok Vihar,Residential and others,8,50,NA,517
27-06-05,Delhi,Delhi,Ashok Vihar,Residential and others,8,49,NA,265
7/1/2005,Delhi,Delhi,Ashok Vihar,Residential and others,8,44,65,NA
7/11/2005,Delhi,Delhi,Ashok Vihar,Residential and others,5,27,75,NA
19-07-05,Delhi,Delhi,Ashok Vihar,Residential and others,8,47,89,292
22-07-05,Delhi,Delhi,Ashok Vihar,Residential and others,7,43,135,594
27-07-05,Delhi,Delhi,Ashok Vihar,Residential and others,7,40,113,197
8/2/2005,Delhi,Delhi,Ashok Vihar,Residential and others,6,36,59,136
8/5/2005,Delhi,Delhi,Ashok Vihar,Residential and others,8,47,46,170
8/10/2005,Delhi,Delhi,Ashok Vihar,Residential and others,10,56,104,231
16-08-05,Delhi,Delhi,Ashok Vihar,Residential and others,7,41,44,142
19-08-05,Delhi,Delhi,Ashok Vihar,Residential and others,7,41,94,146
24-08-05,Delhi,Delhi,Ashok Vihar,Residential and others,8,48,103,288
29-08-05,Delhi,Delhi,Ashok Vihar,Residential and others,8,52,128,383
9/2/2005,Delhi,Delhi,Ashok Vihar,Residential and others,7,36,72,211
9/7/2005,Delhi,Delhi,Ashok Vihar,Residential and others,6,32,50,172
15-09-05,Delhi,Delhi,Ashok Vihar,Residential and others,5,22,36,62
20-09-05,Delhi,Delhi,Ashok Vihar,Residential and others,8,43,71,152
23-09-05,Delhi,Delhi,Ashok Vihar,Residential and others,6,33,54,127
10/4/2005,Delhi,Delhi,Ashok Vihar,Residential and others,8,41,96,397
10/7/2005,Delhi,Delhi,Ashok Vihar,Residential and others,8,45,110,370
14-10-05,Delhi,Delhi,Ashok Vihar,Residential and others,9,50,121,270
19-10-05,Delhi,Delhi,Ashok Vihar,Residential and others,9,50,159,427
24-10-05,Delhi,Delhi,Ashok Vihar,Residential and others,10,59,254,653
27-10-05,Delhi,Delhi,Ashok Vihar,Residential and others,10,63,246,557
7/1/2005,Delhi,Delhi,BSZ Marg,Residential and others,8,74,126,346
7/2/2005,Delhi,Delhi,BSZ Marg,Residential and others,8,77,212,344
7/3/2005,Delhi,Delhi,BSZ Marg,Residential and others,6,48,243,371
7/4/2005,Delhi,Delhi,BSZ Marg,Residential and others,8,62,204,302
7/5/2005,Delhi,Delhi,BSZ Marg,Residential and others,5,45,118,225
7/7/2005,Delhi,Delhi,BSZ Marg,Residential and others,7,60,57,187
7/8/2005,Delhi,Delhi,BSZ Marg,Residential and others,7,58,111,378
7/9/2005,Delhi,Delhi,BSZ Marg,Residential and others,8,61,113,390
7/10/2005,Delhi,Delhi,BSZ Marg,Residential and others,7,78,103,399
7/11/2005,Delhi,Delhi,BSZ Marg,Residential and others,5,57,106,286
7/12/2005,Delhi,Delhi,BSZ Marg,Residential and others,6,53,81,164
13-07-05,Delhi,Delhi,BSZ Marg,Residential and others,9,69,78,206
14-07-05,Delhi,Delhi,BSZ Marg,Residential and others,10,75,73,250
15-07-05,Delhi,Delhi,BSZ Marg,Residential and others,8,81,114,288
16-07-05,Delhi,Delhi,BSZ Marg,Residential and others,7,80,61,242
17-07-05,Delhi,Delhi,BSZ Marg,Residential and others,9,65,72,222
18-07-05,Delhi,Delhi,BSZ Marg,Residential and others,8,89,110,342
19-07-05,Delhi,Delhi,BSZ Marg,Residential and others,7,67,81,353
20-07-05,Delhi,Delhi,BSZ Marg,Residential and others,6,66,105,431
21-07-05,Delhi,Delhi,BSZ Marg,Residential and others,6,58,185,924
22-07-05,Delhi,Delhi,BSZ Marg,Residential and others,5,57,145,745
23-07-05,Delhi,Delhi,BSZ Marg,Residential and others,5,61,118,457
24-07-05,Delhi,Delhi,BSZ Marg,Residential and others,7,62,98,347
25-07-05,Delhi,Delhi,BSZ Marg,Residential and others,7,66,114,300
26-07-05,Delhi,Delhi,BSZ Marg,Residential and others,11,62,92,314
27-07-05,Delhi,Delhi,BSZ Marg,Residential and others,8,66,123,297
28-07-05,Delhi,Delhi,BSZ Marg,Residential and others,8,64,138,362
29-07-05,Delhi,Delhi,BSZ Marg,Residential and others,7,71,79,292
30-07-05,Delhi,Delhi,BSZ Marg,Residential and others,6,66,109,328
31-07-05,Delhi,Delhi,BSZ Marg,Residential and others,5,62,160,277
8/1/2005,Delhi,Delhi,BSZ Marg,Residential and others,7,68,119,339
8/2/2005,Delhi,Delhi,BSZ Marg,Residential and others,8,70,148,282
8/3/2005,Delhi,Delhi,BSZ Marg,Residential and others,10,84,211,334
8/4/2005,Delhi,Delhi,BSZ Marg,Residential and others,9,86,233,434
8/5/2005,Delhi,Delhi,BSZ Marg,Residential and others,7,83,237,428
8/6/2005,Delhi,Delhi,BSZ Marg,Residential and others,6,81,156,302
8/7/2005,Delhi,Delhi,BSZ Marg,Residential and others,7,72,102,439
8/8/2005,Delhi,Delhi,BSZ Marg,Residential and others,8,77,136,283
8/9/2005,Delhi,Delhi,BSZ Marg,Residential and others,8,89,148,300
8/10/2005,Delhi,Delhi,BSZ Marg,Residential and others,6,78,201,351
8/11/2005,Delhi,Delhi,BSZ Marg,Residential and others,6,93,165,506
8/12/2005,Delhi,Delhi,BSZ Marg,Residential and others,5,83,156,483
13-08-05,Delhi,Delhi,BSZ Marg,Residential and others,5,72,155,463
14-08-05,Delhi,Delhi,BSZ Marg,Residential and others,5,80,217,489
15-08-05,Delhi,Delhi,BSZ Marg,Residential and others,5,74,135,400
16-08-05,Delhi,Delhi,BSZ Marg,Residential and others,9,86,149,290
17-08-05,Delhi,Delhi,BSZ Marg,Residential and others,7,73,144,316
18-08-05,Delhi,Delhi,BSZ Marg,Residential and others,7,77,115,390
19-08-05,Delhi,Delhi,BSZ Marg,Residential and others,9,77,163,368
20-08-05,Delhi,Delhi,BSZ Marg,Residential and others,9,86,101,220
21-08-05,Delhi,Delhi,BSZ Marg,Residential and others,9,67,92,389
22-08-05,Delhi,Delhi,BSZ Marg,Residential and others,9,81,153,364
23-08-05,Delhi,Delhi,BSZ Marg,Residential and others,7,59,137,350
24-08-05,Delhi,Delhi,BSZ Marg,Residential and others,7,60,276,385
25-08-05,Delhi,Delhi,BSZ Marg,Residential and others,7,71,235,567
26-08-05,Delhi,Delhi,BSZ Marg,Residential and others,7,60,197,439
27-08-05,Delhi,Delhi,BSZ Marg,Residential and others,7,64,276,410
28-08-05,Delhi,Delhi,BSZ Marg,Residential and others,6,52,192,493
29-08-05,Delhi,Delhi,BSZ Marg,Residential and others,6,55,176,387
30-08-05,Delhi,Delhi,BSZ Marg,Residential and others,6,49,148,406
31-08-05,Delhi,Delhi,BSZ Marg,Residential and others,6,56,180,449
9/1/2005,Delhi,Delhi,BSZ Marg,Residential and others,6,61,152,506
9/2/2005,Delhi,Delhi,BSZ Marg,Residential and others,7,76,159,450
9/3/2005,Delhi,Delhi,BSZ Marg,Residential and others,7,74,130,426
9/4/2005,Delhi,Delhi,BSZ Marg,Residential and others,11,75,156,428
9/5/2005,Delhi,Delhi,BSZ Marg,Residential and others,10,74,100,407
9/6/2005,Delhi,Delhi,BSZ Marg,Residential and others,11,67,152,511
9/7/2005,Delhi,Delhi,BSZ Marg,Residential and others,15,82,192,497
9/8/2005,Delhi,Delhi,BSZ Marg,Residential and others,14,69,146,424
6/11/2005,Delhi,Delhi,DCE,Residential and others,12.3,28.2,NA,NA
6/12/2005,Delhi,Delhi,DCE,Residential and others,4.8,16.8,NA,NA
13-06-05,Delhi,Delhi,DCE,Residential and others,8.5,15.9,NA,NA
14-06-05,Delhi,Delhi,DCE,Residential and others,NA,25.5,NA,NA
15-06-05,Delhi,Delhi,DCE,Residential and others,11.8,22.2,NA,NA
16-06-05,Delhi,Delhi,DCE,Residential and others,16.7,25,NA,NA
17-06-05,Delhi,Delhi,DCE,Residential and others,17.5,32.8,NA,NA
18-06-05,Delhi,Delhi,DCE,Residential and others,11.5,NA,NA,NA
19-06-05,Delhi,Delhi,DCE,Residential and others,7.9,30.1,NA,NA
20-06-05,Delhi,Delhi,DCE,Residential and others,6.3,17.7,NA,NA
21-06-05,Delhi,Delhi,DCE,Residential and others,NA,26.8,NA,NA
22-06-05,Delhi,Delhi,DCE,Residential and others,NA,22.3,NA,NA
23-06-05,Delhi,Delhi,DCE,Residential and others,NA,22.5,NA,NA
24-06-05,Delhi,Delhi,DCE,Residential and others,7.7,18.9,NA,NA
25-06-05,Delhi,Delhi,DCE,Residential and others,NA,18.8,NA,NA
26-06-05,Delhi,Delhi,DCE,Residential and others,NA,16.8,NA,NA
27-06-05,Delhi,Delhi,DCE,Residential and others,NA,15.3,NA,NA
28-06-05,Delhi,Delhi,DCE,Residential and others,NA,17.5,NA,NA
30-06-05,Delhi,Delhi,DCE,Residential and others,7.7,13.6,NA,NA
7/1/2005,Delhi,Delhi,DCE,Residential and others,5.4,13.1,NA,NA
7/2/2005,Delhi,Delhi,DCE,Residential and others,NA,36,NA,NA
7/3/2005,Delhi,Delhi,DCE,Residential and others,NA,29.9,NA,NA
7/4/2005,Delhi,Delhi,DCE,Residential and others,NA,23,NA,NA
7/5/2005,Delhi,Delhi,DCE,Residential and others,5.1,29.1,NA,NA
7/6/2005,Delhi,Delhi,DCE,Residential and others,NA,13,NA,NA
7/7/2005,Delhi,Delhi,DCE,Residential and others,NA,33.3,NA,NA
1/5/2005,Delhi,Delhi,Janakpuri,Residential and others,8,39,93,216
1/10/2005,Delhi,Delhi,Janakpuri,Residential and others,8,31,152,234
13-01-05,Delhi,Delhi,Janakpuri,Residential and others,10,40,119,234
18-01-05,Delhi,Delhi,Janakpuri,Residential and others,8,36,77,179
28-01-05,Delhi,Delhi,Janakpuri,Residential and others,8,50,128,240
2/3/2005,Delhi,Delhi,Janakpuri,Residential and others,9,53,82,207
2/8/2005,Delhi,Delhi,Janakpuri,Residential and others,9,54,57,174
2/11/2005,Delhi,Delhi,Janakpuri,Residential and others,9,50,78,332
16-02-05,Delhi,Delhi,Janakpuri,Residential and others,11,53,112,220
21-02-05,Delhi,Delhi,Janakpuri,Residential and others,11,47,45,135
24-02-05,Delhi,Delhi,Janakpuri,Residential and others,10,54,76,242
3/2/2005,Delhi,Delhi,Janakpuri,Residential and others,10,47,127,285
3/7/2005,Delhi,Delhi,Janakpuri,Residential and others,10,46,188,641
3/11/2005,Delhi,Delhi,Janakpuri,Residential and others,11,57,123,207
16-03-05,Delhi,Delhi,Janakpuri,Residential and others,9,47,227,278
21-03-05,Delhi,Delhi,Janakpuri,Residential and others,11,50,170,311
24-03-05,Delhi,Delhi,Janakpuri,Residential and others,11,58,83,175
30-03-05,Delhi,Delhi,Janakpuri,Residential and others,13,55,142,230
4/5/2005,Delhi,Delhi,Janakpuri,Residential and others,10,53,153,288
4/8/2005,Delhi,Delhi,Janakpuri,Residential and others,9,48,316,582
19-04-05,Delhi,Delhi,Janakpuri,Residential and others,12,49,197,NA
21-04-05,Delhi,Delhi,Janakpuri,Residential and others,9,55,NA,260
5/3/2005,Delhi,Delhi,Janakpuri,Residential and others,11,46,84,232
5/6/2005,Delhi,Delhi,Janakpuri,Residential and others,10,54,163,372
5/11/2005,Delhi,Delhi,Janakpuri,Residential and others,9,44,136,262
16-05-05,Delhi,Delhi,Janakpuri,Residential and others,12,51,66,196
19-05-05,Delhi,Delhi,Janakpuri,Residential and others,12,45,90,161
25-05-05,Delhi,Delhi,Janakpuri,Residential and others,8,46,79,298
30-05-05,Delhi,Delhi,Janakpuri,Residential and others,10,40,61,144
6/3/2005,Delhi,Delhi,Janakpuri,Residential and others,10,41,175,575
6/8/2005,Delhi,Delhi,Janakpuri,Residential and others,9,42,191,572
13-06-05,Delhi,Delhi,Janakpuri,Residential and others,11,36,140,345
16-06-05,Delhi,Delhi,Janakpuri,Residential and others,9,39,136,265
21-06-05,Delhi,Delhi,Janakpuri,Residential and others,7,40,146,256
24-06-05,Delhi,Delhi,Janakpuri,Residential and others,8,45,77,275
29-06-05,Delhi,Delhi,Janakpuri,Residential and others,8,39,117,177
7/5/2005,Delhi,Delhi,Janakpuri,Residential and others,11,35,202,328
7/8/2005,Delhi,Delhi,Janakpuri,Residential and others,9,47,108,173
8/4/2005,Delhi,Delhi,Janakpuri,Residential and others,12,56,83,232
8/9/2005,Delhi,Delhi,Janakpuri,Residential and others,9,46,112,306
8/12/2005,Delhi,Delhi,Janakpuri,Residential and others,10,40,148,427
18-08-05,Delhi,Delhi,Janakpuri,Residential and others,12,55,51,239
23-08-05,Delhi,Delhi,Janakpuri,Residential and others,12,52,87,368
26-08-05,Delhi,Delhi,Janakpuri,Residential and others,11,52,163,403
9/1/2005,Delhi,Delhi,Janakpuri,Residential and others,11,46,107,325
9/6/2005,Delhi,Delhi,Janakpuri,Residential and others,10,51,163,235
9/9/2005,Delhi,Delhi,Janakpuri,Residential and others,9,40,96,237
14-09-05,Delhi,Delhi,Janakpuri,Residential and others,11,44,86,198
19-09-05,Delhi,Delhi,Janakpuri,Residential and others,10,39,63,150
22-09-05,Delhi,Delhi,Janakpuri,Residential and others,9,41,71,118
27-09-05,Delhi,Delhi,Janakpuri,Residential and others,8,27,90,521
10/3/2005,Delhi,Delhi,Janakpuri,Residential and others,12,55,116,233
10/6/2005,Delhi,Delhi,Janakpuri,Residential and others,10,59,80,288
13-10-05,Delhi,Delhi,Janakpuri,Residential and others,13,60,109,236
18-10-05,Delhi,Delhi,Janakpuri,Residential and others,12,62,96,NA
21-10-05,Delhi,Delhi,Janakpuri,Residential and others,11,54,92,145
26-10-05,Delhi,Delhi,Janakpuri,Residential and others,13,56,117,355
1/7/2005,Delhi,Delhi,N.Y. School,Residential and others,NA,69,192,287
1/8/2005,Delhi,Delhi,N.Y. School,Residential and others,NA,85.3,250,376
1/11/2005,Delhi,Delhi,N.Y. School,Residential and others,NA,78.1,219,346
1/12/2005,Delhi,Delhi,N.Y. School,Residential and others,NA,82.7,223,356
21-01-05,Delhi,Delhi,N.Y. School,Residential and others,7.3,79.6,221,356
22-01-05,Delhi,Delhi,N.Y. School,Residential and others,5.3,40.8,130,178
28-01-05,Delhi,Delhi,N.Y. School,Residential and others,6.6,63.6,93,178
29-01-05,Delhi,Delhi,N.Y. School,Residential and others,3.1,70.7,113,190
2/1/2005,Delhi,Delhi,N.Y. School,Residential and others,2.4,76.6,138,240
2/2/2005,Delhi,Delhi,N.Y. School,Residential and others,5.5,94.8,174,262
2/11/2005,Delhi,Delhi,N.Y. School,Residential and others,2.4,83.8,169,264
2/12/2005,Delhi,Delhi,N.Y. School,Residential and others,2.8,77.8,104,212
15-02-05,Delhi,Delhi,N.Y. School,Residential and others,NA,77.3,99,263
16-02-05,Delhi,Delhi,N.Y. School,Residential and others,NA,64.2,113,232
25-02-05,Delhi,Delhi,N.Y. School,Residential and others,NA,84.6,109,235
26-02-05,Delhi,Delhi,N.Y. School,Residential and others,NA,76.2,103,222
3/11/2005,Delhi,Delhi,N.Y. School,Residential and others,NA,53.2,76,149
3/12/2005,Delhi,Delhi,N.Y. School,Residential and others,NA,53.3,116,198
15-03-05,Delhi,Delhi,N.Y. School,Residential and others,3.7,22.2,138,255
16-03-05,Delhi,Delhi,N.Y. School,Residential and others,7.3,26.5,166,286
21-03-05,Delhi,Delhi,N.Y. School,Residential and others,3.4,38.2,63,119
22-03-05,Delhi,Delhi,N.Y. School,Residential and others,9.3,60.8,81,167
29-03-05,Delhi,Delhi,N.Y. School,Residential and others,12.4,32.9,101,313
30-03-05,Delhi,Delhi,N.Y. School,Residential and others,NA,32.3,68,196
5/3/2005,Delhi,Delhi,N.Y. School,Residential and others,5.6,34.1,94,388
5/4/2005,Delhi,Delhi,N.Y. School,Residential and others,5.3,32.6,68,255
5/10/2005,Delhi,Delhi,N.Y. School,Residential and others,9.2,42.3,82,287
17-05-05,Delhi,Delhi,N.Y. School,Residential and others,2.6,61.5,187,580
18-05-05,Delhi,Delhi,N.Y. School,Residential and others,6.3,40.7,123,357
24-05-05,Delhi,Delhi,N.Y. School,Residential and others,6.2,81.1,130,402
25-05-05,Delhi,Delhi,N.Y. School,Residential and others,12.4,60.9,130,382
6/11/2005,Delhi,Delhi,N.Y. School,Residential and others,4.9,26.6,NA,NA
7/12/2005,Delhi,Delhi,N.Y. School,Residential and others,NA,50.3,96,143
13-07-05,Delhi,Delhi,N.Y. School,Residential and others,NA,43.9,36,82
15-07-05,Delhi,Delhi,N.Y. School,Residential and others,2.4,24.5,33,72
16-07-05,Delhi,Delhi,N.Y. School,Residential and others,2.6,19.9,42,73
22-07-05,Delhi,Delhi,N.Y. School,Residential and others,NA,24.9,117,258
23-07-05,Delhi,Delhi,N.Y. School,Residential and others,6.3,25.2,74,215
29-07-05,Delhi,Delhi,N.Y. School,Residential and others,8,29.8,55,103
30-07-05,Delhi,Delhi,N.Y. School,Residential and others,13.5,47.2,76,149
8/2/2005,Delhi,Delhi,N.Y. School,Residential and others,3,31.4,40,135
8/3/2005,Delhi,Delhi,N.Y. School,Residential and others,2.4,28.3,53,134
8/9/2005,Delhi,Delhi,N.Y. School,Residential and others,NA,24.8,64,229
8/10/2005,Delhi,Delhi,N.Y. School,Residential and others,NA,22.4,77,270
19-08-05,Delhi,Delhi,N.Y. School,Residential and others,NA,23,54,143
20-08-05,Delhi,Delhi,N.Y. School,Residential and others,NA,22.3,32,159
29-08-05,Delhi,Delhi,N.Y. School,Residential and others,NA,21.2,50,289
30-08-05,Delhi,Delhi,N.Y. School,Residential and others,NA,26.6,55,329
9/2/2005,Delhi,Delhi,N.Y. School,Residential and others,6.9,29.3,109,329
9/3/2005,Delhi,Delhi,N.Y. School,Residential and others,4.8,31.2,84,256
9/6/2005,Delhi,Delhi,N.Y. School,Residential and others,6.3,25.5,74,176
9/7/2005,Delhi,Delhi,N.Y. School,Residential and others,NA,23,33,137
13-09-05,Delhi,Delhi,N.Y. School,Residential and others,2.5,20.6,38,94
14-09-05,Delhi,Delhi,N.Y. School,Residential and others,8.7,19.3,26,62
27-09-05,Delhi,Delhi,N.Y. School,Residential and others,4.3,31.5,63,229
28-09-05,Delhi,Delhi,N.Y. School,Residential and others,NA,26.2,53,209
10/4/2005,Delhi,Delhi,N.Y. School,Residential and others,3.2,50.7,115,328
10/5/2005,Delhi,Delhi,N.Y. School,Residential and others,2.9,50.9,115,419
10/10/2005,Delhi,Delhi,N.Y. School,Residential and others,4.1,50.9,139,339
10/11/2005,Delhi,Delhi,N.Y. School,Residential and others,5.4,43,93,291
18-10-05,Delhi,Delhi,N.Y. School,Residential and others,3.5,82.1,170,401
19-10-05,Delhi,Delhi,N.Y. School,Residential and others,3.4,60.2,140,349
25-10-05,Delhi,Delhi,N.Y. School,Residential and others,6.4,79.2,216,536
26-10-05,Delhi,Delhi,N.Y. School,Residential and others,9,66.3,164,465
11/3/2005,Delhi,Delhi,N.Y. School,Residential and others,4.9,44,94,240
11/4/2005,Delhi,Delhi,N.Y. School,Residential and others,4.3,61,170,394
11/11/2005,Delhi,Delhi,N.Y. School,Residential and others,15.8,99.4,198,538
11/12/2005,Delhi,Delhi,N.Y. School,Residential and others,9.4,77.3,134,451
14-11-05,Delhi,Delhi,N.Y. School,Residential and others,5.6,52.4,173,398
15-11-05,Delhi,Delhi,N.Y. School,Residential and others,7.4,58.4,131,390
22-11-05,Delhi,Delhi,N.Y. School,Residential and others,9.2,96.6,245,543
23-11-05,Delhi,Delhi,N.Y. School,Residential and others,8,78.7,221,515
12/2/2005,Delhi,Delhi,N.Y. School,Residential and others,8.9,77.2,241,527
12/3/2005,Delhi,Delhi,N.Y. School,Residential and others,11,74.5,192,472
12/6/2005,Delhi,Delhi,N.Y. School,Residential and others,7.4,97.4,288,571
12/7/2005,Delhi,Delhi,N.Y. School,Residential and others,7.4,86.7,286,574
13-12-05,Delhi,Delhi,N.Y. School,Residential and others,NA,90.7,210,517
14-12-05,Delhi,Delhi,N.Y. School,Residential and others,3.7,95,319,599
20-12-05,Delhi,Delhi,N.Y. School,Residential and others,2.6,117.2,502,835
21-12-05,Delhi,Delhi,N.Y. School,Residential and others,4.4,98.8,353,630
1/4/2005,Delhi,Delhi,Nizamuddin,Residential and others,11,44,150,554
1/7/2005,Delhi,Delhi,Nizamuddin,Residential and others,7,36,104,297
1/12/2005,Delhi,Delhi,Nizamuddin,Residential and others,7,31,190,307
17-01-05,Delhi,Delhi,Nizamuddin,Residential and others,7,29,104,228
20-01-05,Delhi,Delhi,Nizamuddin,Residential and others,8,31,105,507
27-01-05,Delhi,Delhi,Nizamuddin,Residential and others,6,31,104,274
2/2/2005,Delhi,Delhi,Nizamuddin,Residential and others,7,48,90,295
2/7/2005,Delhi,Delhi,Nizamuddin,Residential and others,6,43,63,130
2/10/2005,Delhi,Delhi,Nizamuddin,Residential and others,6,42,62,238
15-02-05,Delhi,Delhi,Nizamuddin,Residential and others,7,51,66,214
18-02-05,Delhi,Delhi,Nizamuddin,Residential and others,9,52,119,292
23-02-05,Delhi,Delhi,Nizamuddin,Residential and others,7,59,112,235
3/1/2005,Delhi,Delhi,Nizamuddin,Residential and others,10,25,100,207
3/4/2005,Delhi,Delhi,Nizamuddin,Residential and others,8,36,126,266
3/10/2005,Delhi,Delhi,Nizamuddin,Residential and others,10,53,84,170
15-03-05,Delhi,Delhi,Nizamuddin,Residential and others,10,51,93,364
18-03-05,Delhi,Delhi,Nizamuddin,Residential and others,9,51,71,245
23-03-05,Delhi,Delhi,Nizamuddin,Residential and others,9,34,78,198
29-03-05,Delhi,Delhi,Nizamuddin,Residential and others,9,52,76,202
4/4/2005,Delhi,Delhi,Nizamuddin,Residential and others,10,51,97,190
4/7/2005,Delhi,Delhi,Nizamuddin,Residential and others,11,49,182,597
4/12/2005,Delhi,Delhi,Nizamuddin,Residential and others,9,45,146,367
15-04-05,Delhi,Delhi,Nizamuddin,Residential and others,10,46,111,432
26-04-05,Delhi,Delhi,Nizamuddin,Residential and others,8,42,100,228
5/2/2005,Delhi,Delhi,Nizamuddin,Residential and others,7,41,75,267
5/5/2005,Delhi,Delhi,Nizamuddin,Residential and others,8,31,65,221
5/10/2005,Delhi,Delhi,Nizamuddin,Residential and others,6,28,71,157
13-05-05,Delhi,Delhi,Nizamuddin,Residential and others,9,45,139,329
18-05-05,Delhi,Delhi,Nizamuddin,Residential and others,8,37,175,353
24-05-05,Delhi,Delhi,Nizamuddin,Residential and others,9,26,108,194
27-05-05,Delhi,Delhi,Nizamuddin,Residential and others,7,25,63,156
6/2/2005,Delhi,Delhi,Nizamuddin,Residential and others,8,48,103,221
6/7/2005,Delhi,Delhi,Nizamuddin,Residential and others,8,51,90,197
6/10/2005,Delhi,Delhi,Nizamuddin,Residential and others,9,44,53,254
15-06-05,Delhi,Delhi,Nizamuddin,Residential and others,8,41,96,318
20-06-05,Delhi,Delhi,Nizamuddin,Residential and others,9,41,91,235
23-06-05,Delhi,Delhi,Nizamuddin,Residential and others,9,47,86,216
28-06-05,Delhi,Delhi,Nizamuddin,Residential and others,8,39,53,223
7/4/2005,Delhi,Delhi,Nizamuddin,Residential and others,9,37,82,153
7/7/2005,Delhi,Delhi,Nizamuddin,Residential and others,9,47,53,111
7/12/2005,Delhi,Delhi,Nizamuddin,Residential and others,11,43,37,97
15-07-05,Delhi,Delhi,Nizamuddin,Residential and others,9,38,50,99
20-07-05,Delhi,Delhi,Nizamuddin,Residential and others,10,44,66,140
25-07-05,Delhi,Delhi,Nizamuddin,Residential and others,10,44,83,128
28-07-05,Delhi,Delhi,Nizamuddin,Residential and others,9,36,63,155
8/3/2005,Delhi,Delhi,Nizamuddin,Residential and others,10,54,60,106
8/8/2005,Delhi,Delhi,Nizamuddin,Residential and others,11,52,50,208
8/11/2005,Delhi,Delhi,Nizamuddin,Residential and others,11,48,70,222
17-08-05,Delhi,Delhi,Nizamuddin,Residential and others,9,54,82,257
22-08-05,Delhi,Delhi,Nizamuddin,Residential and others,11,58,73,149
25-08-05,Delhi,Delhi,Nizamuddin,Residential and others,12,57,106,260
30-08-05,Delhi,Delhi,Nizamuddin,Residential and others,11,46,90,215
9/5/2005,Delhi,Delhi,Nizamuddin,Residential and others,9,39,68,157
9/8/2005,Delhi,Delhi,Nizamuddin,Residential and others,9,37,52,162
13-09-05,Delhi,Delhi,Nizamuddin,Residential and others,10,40,50,151
21-09-05,Delhi,Delhi,Nizamuddin,Residential and others,11,50,63,151
26-09-05,Delhi,Delhi,Nizamuddin,Residential and others,11,51,104,246
29-09-05,Delhi,Delhi,Nizamuddin,Residential and others,9,48,85,240
10/5/2005,Delhi,Delhi,Nizamuddin,Residential and others,13,53,116,399
10/10/2005,Delhi,Delhi,Nizamuddin,Residential and others,11,44,69,221
17-10-05,Delhi,Delhi,Nizamuddin,Residential and others,9,43,164,462
20-10-05,Delhi,Delhi,Nizamuddin,Residential and others,13,49,138,305
25-10-05,Delhi,Delhi,Nizamuddin,Residential and others,12,57,142,354
28-10-05,Delhi,Delhi,Nizamuddin,Residential and others,13,50,224,368
1/6/2005,Delhi,Delhi,Siri Fort,Residential and others,8,35,134,309
1/11/2005,Delhi,Delhi,Siri Fort,Residential and others,7,38,114,306
14-01-05,Delhi,Delhi,Siri Fort,Residential and others,7,36,156,360
19-01-05,Delhi,Delhi,Siri Fort,Residential and others,6,28,104,481
25-01-05,Delhi,Delhi,Siri Fort,Residential and others,5,21,NA,209
2/1/2005,Delhi,Delhi,Siri Fort,Residential and others,10,26,NA,305
2/4/2005,Delhi,Delhi,Siri Fort,Residential and others,11,28,88,265
2/9/2005,Delhi,Delhi,Siri Fort,Residential and others,10,27,77,218
14-02-05,Delhi,Delhi,Siri Fort,Residential and others,9,27,80,215
17-02-05,Delhi,Delhi,Siri Fort,Residential and others,13,36,124,259
22-02-05,Delhi,Delhi,Siri Fort,Residential and others,13,42,66,307
25-02-05,Delhi,Delhi,Siri Fort,Residential and others,8,30,82,306
3/3/2005,Delhi,Delhi,Siri Fort,Residential and others,14,42,209,708
3/9/2005,Delhi,Delhi,Siri Fort,Residential and others,7,24,49,213
14-03-05,Delhi,Delhi,Siri Fort,Residential and others,9,31,58,226
17-03-05,Delhi,Delhi,Siri Fort,Residential and others,10,35,58,285
22-03-05,Delhi,Delhi,Siri Fort,Residential and others,6,21,46,194
28-03-05,Delhi,Delhi,Siri Fort,Residential and others,9,35,136,338
4/1/2005,Delhi,Delhi,Siri Fort,Residential and others,8,44,148,302
4/6/2005,Delhi,Delhi,Siri Fort,Residential and others,9,38,66,293
4/11/2005,Delhi,Delhi,Siri Fort,Residential and others,12,44,163,571
20-04-05,Delhi,Delhi,Siri Fort,Residential and others,9,32,121,343
25-04-05,Delhi,Delhi,Siri Fort,Residential and others,7,26,102,253
28-04-05,Delhi,Delhi,Siri Fort,Residential and others,9,32,98,281
5/4/2005,Delhi,Delhi,Siri Fort,Residential and others,9,33,96,290
5/9/2005,Delhi,Delhi,Siri Fort,Residential and others,9,32,57,244
5/12/2005,Delhi,Delhi,Siri Fort,Residential and others,8,27,64,239
17-05-05,Delhi,Delhi,Siri Fort,Residential and others,9,36,147,411
20-05-05,Delhi,Delhi,Siri Fort,Residential and others,7,30,79,280
26-05-05,Delhi,Delhi,Siri Fort,Residential and others,7,43,106,407
6/1/2005,Delhi,Delhi,Siri Fort,Residential and others,10,35,93,416
6/6/2005,Delhi,Delhi,Siri Fort,Residential and others,10,41,134,581
6/9/2005,Delhi,Delhi,Siri Fort,Residential and others,8,34,107,373
14-06-05,Delhi,Delhi,Siri Fort,Residential and others,9,31,179,366
17-06-05,Delhi,Delhi,Siri Fort,Residential and others,9,36,140,411
22-06-05,Delhi,Delhi,Siri Fort,Residential and others,10,36,85,317
27-06-05,Delhi,Delhi,Siri Fort,Residential and others,7,30,58,184
7/1/2005,Delhi,Delhi,Siri Fort,Residential and others,7,31,77,239
7/6/2005,Delhi,Delhi,Siri Fort,Residential and others,6,23,78,158
7/11/2005,Delhi,Delhi,Siri Fort,Residential and others,7,24,41,64
14-07-05,Delhi,Delhi,Siri Fort,Residential and others,5,17,31,87
19-07-05,Delhi,Delhi,Siri Fort,Residential and others,9,33,50,290
22-07-05,Delhi,Delhi,Siri Fort,Residential and others,13,42,109,515
27-07-05,Delhi,Delhi,Siri Fort,Residential and others,9,31,56,180
8/2/2005,Delhi,Delhi,Siri Fort,Residential and others,4,23,69,NA
8/5/2005,Delhi,Delhi,Siri Fort,Residential and others,6,26,41,139
8/10/2005,Delhi,Delhi,Siri Fort,Residential and others,7,32,61,201
16-08-05,Delhi,Delhi,Siri Fort,Residential and others,8,33,58,171
19-08-05,Delhi,Delhi,Siri Fort,Residential and others,9,37,45,227
24-08-05,Delhi,Delhi,Siri Fort,Residential and others,9,39,108,329
29-08-05,Delhi,Delhi,Siri Fort,Residential and others,8,34,75,324
9/2/2005,Delhi,Delhi,Siri Fort,Residential and others,6,29,89,274
9/7/2005,Delhi,Delhi,Siri Fort,Residential and others,5,27,45,151
20-09-05,Delhi,Delhi,Siri Fort,Residential and others,7,27,56,175
23-09-05,Delhi,Delhi,Siri Fort,Residential and others,4,18,56,122
28-09-05,Delhi,Delhi,Siri Fort,Residential and others,7,28,71,237
10/4/2005,Delhi,Delhi,Siri Fort,Residential and others,6,35,51,282
10/7/2005,Delhi,Delhi,Siri Fort,Residential and others,6,25,79,238
14-10-05,Delhi,Delhi,Siri Fort,Residential and others,12,42,145,400
24-10-05,Delhi,Delhi,Siri Fort,Residential and others,9,48,201,611
27-10-05,Delhi,Delhi,Siri Fort,Residential and others,8,38,148,419
1/5/2005,Delhi,Delhi,Town Hall,Residential and others,3.7,104.4,191,428
1/11/2005,Delhi,Delhi,Town Hall,Residential and others,4.7,120.3,244,536
1/12/2005,Delhi,Delhi,Town Hall,Residential and others,NA,51.2,281,471
18-01-05,Delhi,Delhi,Town Hall,Residential and others,NA,62.3,300,519
19-01-05,Delhi,Delhi,Town Hall,Residential and others,NA,128.5,242,489
28-01-05,Delhi,Delhi,Town Hall,Residential and others,NA,118.5,223,420
29-01-05,Delhi,Delhi,Town Hall,Residential and others,9.7,79.5,115,272
2/1/2005,Delhi,Delhi,Town Hall,Residential and others,12.2,75.4,126,266
2/2/2005,Delhi,Delhi,Town Hall,Residential and others,6.9,94.4,154,350
2/8/2005,Delhi,Delhi,Town Hall,Residential and others,7.4,101.8,185,387
2/9/2005,Delhi,Delhi,Town Hall,Residential and others,13.8,96.1,126,263
15-02-05,Delhi,Delhi,Town Hall,Residential and others,7,79.3,160,381
16-02-05,Delhi,Delhi,Town Hall,Residential and others,2.4,74.6,139,345
22-02-05,Delhi,Delhi,Town Hall,Residential and others,NA,63.8,136,311
23-02-05,Delhi,Delhi,Town Hall,Residential and others,2.4,63.3,57,289
3/1/2005,Delhi,Delhi,Town Hall,Residential and others,NA,52,125,300
3/2/2005,Delhi,Delhi,Town Hall,Residential and others,8.2,51.5,93,268
3/9/2005,Delhi,Delhi,Town Hall,Residential and others,7,58.1,97,269
3/10/2005,Delhi,Delhi,Town Hall,Residential and others,6.4,46.8,91,182
15-03-05,Delhi,Delhi,Town Hall,Residential and others,3,51.3,141,283
16-03-05,Delhi,Delhi,Town Hall,Residential and others,8,27.8,179,423
21-03-05,Delhi,Delhi,Town Hall,Residential and others,11.8,22.6,179,391
22-03-05,Delhi,Delhi,Town Hall,Residential and others,6.6,45.6,71,203
4/5/2005,Delhi,Delhi,Town Hall,Residential and others,12.3,55.4,131,328
4/6/2005,Delhi,Delhi,Town Hall,Residential and others,18.5,90,143,546
4/12/2005,Delhi,Delhi,Town Hall,Residential and others,16,61.7,125,524
13-04-05,Delhi,Delhi,Town Hall,Residential and others,15.2,57.8,141,524
19-04-05,Delhi,Delhi,Town Hall,Residential and others,16.7,62,173,754
20-04-05,Delhi,Delhi,Town Hall,Residential and others,19.2,96.5,274,909
26-04-05,Delhi,Delhi,Town Hall,Residential and others,18.5,100.5,389,619
27-04-05,Delhi,Delhi,Town Hall,Residential and others,16,70.5,112,467
5/3/2005,Delhi,Delhi,Town Hall,Residential and others,9.7,42.8,112,442
5/4/2005,Delhi,Delhi,Town Hall,Residential and others,10.4,44.7,91,332
18-05-05,Delhi,Delhi,Town Hall,Residential and others,10.4,61.2,110,564
19-05-05,Delhi,Delhi,Town Hall,Residential and others,12,66.2,127,659
24-05-05,Delhi,Delhi,Town Hall,Residential and others,5.7,81.7,130,597
25-05-05,Delhi,Delhi,Town Hall,Residential and others,10.3,79.3,134,599
28-05-05,Delhi,Delhi,Town Hall,Residential and others,NA,58.8,123,617
29-05-05,Delhi,Delhi,Town Hall,Residential and others,NA,52.6,125,685
6/1/2005,Delhi,Delhi,Town Hall,Residential and others,2.7,43.5,113,511
6/2/2005,Delhi,Delhi,Town Hall,Residential and others,4.2,37.7,139,816
6/7/2005,Delhi,Delhi,Town Hall,Residential and others,4.5,53.3,177,817
6/8/2005,Delhi,Delhi,Town Hall,Residential and others,2.3,45.3,191,834
14-06-05,Delhi,Delhi,Town Hall,Residential and others,3.2,47.2,179,710
15-06-05,Delhi,Delhi,Town Hall,Residential and others,4,40,154,700
21-06-05,Delhi,Delhi,Town Hall,Residential and others,3.3,42.8,139,722
22-06-05,Delhi,Delhi,Town Hall,Residential and others,4.7,30.3,106,647
7/5/2005,Delhi,Delhi,Town Hall,Residential and others,NA,6.3,43,136
7/6/2005,Delhi,Delhi,Town Hall,Residential and others,NA,8.7,35,73
7/12/2005,Delhi,Delhi,Town Hall,Residential and others,NA,39.8,62,150
13-07-05,Delhi,Delhi,Town Hall,Residential and others,NA,45.8,44,131
19-07-05,Delhi,Delhi,Town Hall,Residential and others,NA,43.2,59,493
20-07-05,Delhi,Delhi,Town Hall,Residential and others,NA,44,88,639
26-07-05,Delhi,Delhi,Town Hall,Residential and others,8.5,31.8,48,203
27-07-05,Delhi,Delhi,Town Hall,Residential and others,2.9,36.5,37,187
8/2/2005,Delhi,Delhi,Town Hall,Residential and others,NA,31,43,213
8/3/2005,Delhi,Delhi,Town Hall,Residential and others,3.4,30.9,35,225
8/9/2005,Delhi,Delhi,Town Hall,Residential and others,NA,27.5,51,403
8/10/2005,Delhi,Delhi,Town Hall,Residential and others,NA,26.7,49,432
16-08-05,Delhi,Delhi,Town Hall,Residential and others,5.1,35.7,68,317
17-08-05,Delhi,Delhi,Town Hall,Residential and others,3.6,32.2,66,312
23-08-05,Delhi,Delhi,Town Hall,Residential and others,3,36.2,79,488
24-08-05,Delhi,Delhi,Town Hall,Residential and others,NA,26,69,466
9/7/2005,Delhi,Delhi,Town Hall,Residential and others,12.1,37.7,45,228
9/8/2005,Delhi,Delhi,Town Hall,Residential and others,7.3,43.5,63,260
13-09-05,Delhi,Delhi,Town Hall,Residential and others,NA,23.4,46,164
14-09-05,Delhi,Delhi,Town Hall,Residential and others,NA,19.6,45,147
20-09-05,Delhi,Delhi,Town Hall,Residential and others,8.3,44,94,326
21-09-05,Delhi,Delhi,Town Hall,Residential and others,5.9,28.7,45,187
28-09-05,Delhi,Delhi,Town Hall,Residential and others,4.2,31.4,78,413
29-09-05,Delhi,Delhi,Town Hall,Residential and others,6.1,33.9,75,441
10/4/2005,Delhi,Delhi,Town Hall,Residential and others,5.7,56,152,769
10/5/2005,Delhi,Delhi,Town Hall,Residential and others,9.9,49.9,123,632
10/10/2005,Delhi,Delhi,Town Hall,Residential and others,9.6,78.7,158,676
10/11/2005,Delhi,Delhi,Town Hall,Residential and others,9,57.4,149,539
18-10-05,Delhi,Delhi,Town Hall,Residential and others,16.8,109.4,264,835
19-10-05,Delhi,Delhi,Town Hall,Residential and others,12.6,81.9,185,637
25-10-05,Delhi,Delhi,Town Hall,Residential and others,13.5,117,383,939
26-10-05,Delhi,Delhi,Town Hall,Residential and others,11,85.7,289,892
11/8/2005,Delhi,Delhi,Town Hall,Residential and others,16.4,76.7,308,856
11/9/2005,Delhi,Delhi,Town Hall,Residential and others,12.2,70.8,266,737
14-11-05,Delhi,Delhi,Town Hall,Residential and others,6.4,53.9,136,584
15-11-05,Delhi,Delhi,Town Hall,Residential and others,8,48.4,151,622
22-11-05,Delhi,Delhi,Town Hall,Residential and others,15.4,110.6,277,777
23-11-05,Delhi,Delhi,Town Hall,Residential and others,21.2,96.2,268,730
28-11-05,Delhi,Delhi,Town Hall,Residential and others,29.7,119.1,359,825
29-11-05,Delhi,Delhi,Town Hall,Residential and others,22,84.2,212,588
12/6/2005,Delhi,Delhi,Town Hall,Residential and others,22.9,116.4,405,923
12/7/2005,Delhi,Delhi,Town Hall,Residential and others,22.1,114.2,440,965
13-12-05,Delhi,Delhi,Town Hall,Residential and others,9,89.3,220,642
14-12-05,Delhi,Delhi,Town Hall,Residential and others,9.3,110.2,205,736
20-12-05,Delhi,Delhi,Town Hall,Residential and others,8.4,146,625,1100
21-12-05,Delhi,Delhi,Town Hall,Residential and others,9.5,108.1,508,872
27-12-05,Delhi,Delhi,Town Hall,Residential and others,21,157.5,485,1054
28-12-05,Delhi,Delhi,Town Hall,Residential and others,17,152.5,578,1136
