Sampling Date,State,City/Town/Village/Area,Location of Monitoring Station,Type of Location,SO2,NO2,RSPM/PM10,SPM
13/1/2009,Delhi,Delhi,Mayapuri Indl. Area,Industrial Areas,13.2,70,468,828
14/1/2009,Delhi,Delhi,Mayapuri Indl. Area,Industrial Areas,18.8,89.5,344,628
15/1/2009,Delhi,Delhi,Mayapuri Indl. Area,Industrial Areas,16.7,89.3,426,796
20/1/2009,Delhi,Delhi,Mayapuri Indl. Area,Industrial Areas,9.7,49,194,390
21/1/2009,Delhi,Delhi,Mayapuri Indl. Area,Industrial Areas,16.7,62.3,206,437
27/1/2009,Delhi,Delhi,Mayapuri Indl. Area,Industrial Areas,23.5,60.7,279,453
28/1/2009,Delhi,Delhi,Mayapuri Indl. Area,Industrial Areas,16.8,69.8,304,513
29/1/2009,Delhi,Delhi,Mayapuri Indl. Area,Industrial Areas,19.3,85,304,575
2/3/2009,Delhi,Delhi,Mayapuri Indl. Area,Industrial Areas,11.3,106.7,371,744
2/4/2009,Delhi,Delhi,Mayapuri Indl. Area,Industrial Areas,15.3,96.8,439,748
2/5/2009,Delhi,Delhi,Mayapuri Indl. Area,Industrial Areas,10.5,103,312,552
2/10/2009,Delhi,Delhi,Mayapuri Indl. Area,Industrial Areas,17,44.8,192,391
2/11/2009,Delhi,Delhi,Mayapuri Indl. Area,Industrial Areas,16.8,46.2,171,317
21/2/2009,Delhi,Delhi,Mayapuri Indl. Area,Industrial Areas,10.3,48.2,229,437
22/2/2009,Delhi,Delhi,Mayapuri Indl. Area,Industrial Areas,4.7,49.2,239,540
23/2/2009,Delhi,Delhi,Mayapuri Indl. Area,Industrial Areas,12.2,89.8,354,673
3/12/2009,Delhi,Delhi,Mayapuri Indl. Area,Industrial Areas,3.5,53.3,276,427
13/3/2009,Delhi,Delhi,Mayapuri Indl. Area,Industrial Areas,16.3,84.2,294,456
14/3/2009,Delhi,Delhi,Mayapuri Indl. Area,Industrial Areas,12,88.2,365,667
25/3/2009,Delhi,Delhi,Mayapuri Indl. Area,Industrial Areas,16.7,55,267,437
26/3/2009,Delhi,Delhi,Mayapuri Indl. Area,Industrial Areas,15.7,62.7,167,352
27/3/2009,Delhi,Delhi,Mayapuri Indl. Area,Industrial Areas,14.5,67.5,243,411
28/3/2009,Delhi,Delhi,Mayapuri Indl. Area,Industrial Areas,6,70.3,255,402
29/3/2009,Delhi,Delhi,Mayapuri Indl. Area,Industrial Areas,5.3,41.7,186,371
4/1/2009,Delhi,Delhi,Mayapuri Indl. Area,Industrial Areas,11.2,51.8,352,627
4/2/2009,Delhi,Delhi,Mayapuri Indl. Area,Industrial Areas,19.2,60.5,261,654
4/3/2009,Delhi,Delhi,Mayapuri Indl. Area,Industrial Areas,14.2,47.5,341,579
4/7/2009,Delhi,Delhi,Mayapuri Indl. Area,Industrial Areas,4,39.3,352,546
4/8/2009,Delhi,Delhi,Mayapuri Indl. Area,Industrial Areas,3.3,31.2,217,371
4/9/2009,Delhi,Delhi,Mayapuri Indl. Area,Industrial Areas,17,28.2,199,342
21/4/2009,Delhi,Delhi,Mayapuri Indl. Area,Industrial Areas,17.2,74.5,351,736
22/4/2009,Delhi,Delhi,Mayapuri Indl. Area,Industrial Areas,14.3,62.3,357,776
5/8/2009,Delhi,Delhi,Mayapuri Indl. Area,Industrial Areas,11,60.8,286,544
5/9/2009,Delhi,Delhi,Mayapuri Indl. Area,Industrial Areas,6.3,49.5,209,548
5/10/2009,Delhi,Delhi,Mayapuri Indl. Area,Industrial Areas,NA,48.3,244,370
19/5/2009,Delhi,Delhi,Mayapuri Indl. Area,Industrial Areas,3.2,51.3,445,694
20/5/2009,Delhi,Delhi,Mayapuri Indl. Area,Industrial Areas,3.8,49,326,757
21/5/2009,Delhi,Delhi,Mayapuri Indl. Area,Industrial Areas,2.8,47,167,529
29/5/2009,Delhi,Delhi,Mayapuri Indl. Area,Industrial Areas,12.5,34.7,361,626
30/5/2009,Delhi,Delhi,Mayapuri Indl. Area,Industrial Areas,NA,40.5,164,238
6/5/2009,Delhi,Delhi,Mayapuri Indl. Area,Industrial Areas,NA,31.2,373,651
6/6/2009,Delhi,Delhi,Mayapuri Indl. Area,Industrial Areas,4.7,45.3,428,708
6/7/2009,Delhi,Delhi,Mayapuri Indl. Area,Industrial Areas,NA,44,324,492
16/6/2009,Delhi,Delhi,Mayapuri Indl. Area,Industrial Areas,2.3,16.6,190,372
17/6/2009,Delhi,Delhi,Mayapuri Indl. Area,Industrial Areas,5.7,20.2,236,422
18/6/2009,Delhi,Delhi,Mayapuri Indl. Area,Industrial Areas,5.8,25.1,277,665
23/6/2009,Delhi,Delhi,Mayapuri Indl. Area,Industrial Areas,NA,33.2,288,550
24/6/2009,Delhi,Delhi,Mayapuri Indl. Area,Industrial Areas,5,36.3,237,483
7/7/2009,Delhi,Delhi,Mayapuri Indl. Area,Industrial Areas,3.5,41.3,172,432
7/8/2009,Delhi,Delhi,Mayapuri Indl. Area,Industrial Areas,NA,17.8,110,303
7/9/2009,Delhi,Delhi,Mayapuri Indl. Area,Industrial Areas,NA,33.5,86,225
14/7/2009,Delhi,Delhi,Mayapuri Indl. Area,Industrial Areas,11,49.5,180,353
15/7/2009,Delhi,Delhi,Mayapuri Indl. Area,Industrial Areas,5,36.2,108,208
16/7/2009,Delhi,Delhi,Mayapuri Indl. Area,Industrial Areas,2.7,31.2,100,253
21/7/2009,Delhi,Delhi,Mayapuri Indl. Area,Industrial Areas,10.3,48,114,269
22/7/2009,Delhi,Delhi,Mayapuri Indl. Area,Industrial Areas,9.3,34.8,164,322
8/4/2009,Delhi,Delhi,Mayapuri Indl. Area,Industrial Areas,NA,17.5,73,332
8/5/2009,Delhi,Delhi,Mayapuri Indl. Area,Industrial Areas,NA,18.8,126,357
8/6/2009,Delhi,Delhi,Mayapuri Indl. Area,Industrial Areas,NA,28.8,78,396
8/11/2009,Delhi,Delhi,Mayapuri Indl. Area,Industrial Areas,5.5,65.5,137,338
8/12/2009,Delhi,Delhi,Mayapuri Indl. Area,Industrial Areas,4.2,35.2,188,349
28/8/2009,Delhi,Delhi,Mayapuri Indl. Area,Industrial Areas,10.8,44.2,179,278
29/8/2009,Delhi,Delhi,Mayapuri Indl. Area,Industrial Areas,13,38.2,145,188
30/8/2009,Delhi,Delhi,Mayapuri Indl. Area,Industrial Areas,11.8,32.3,62,168
9/1/2009,Delhi,Delhi,Mayapuri Indl. Area,Industrial Areas,4,66.8,218,385
9/2/2009,Delhi,Delhi,Mayapuri Indl. Area,Industrial Areas,3.8,36.2,135,256
9/3/2009,Delhi,Delhi,Mayapuri Indl. Area,Industrial Areas,4.8,39.2,108,248
14/9/2009,Delhi,Delhi,Mayapuri Indl. Area,Industrial Areas,5.5,44.8,251,685
15/9/2009,Delhi,Delhi,Mayapuri Indl. Area,Industrial Areas,3.7,43.2,227,635
16/9/2009,Delhi,Delhi,Mayapuri Indl. Area,Industrial Areas,5.3,37.3,161,527
23/9/2009,Delhi,Delhi,Mayapuri Indl. Area,Industrial Areas,12.7,57.5,294,624
24/9/2009,Delhi,Delhi,Mayapuri Indl. Area,Industrial Areas,12.3,44.2,234,556
10/3/2009,Delhi,Delhi,Mayapuri Indl. Area,Industrial Areas,NA,30.7,189,287
10/4/2009,Delhi,Delhi,Mayapuri Indl. Area,Industrial Areas,9.8,32.8,92,162
10/5/2009,Delhi,Delhi,Mayapuri Indl. Area,Industrial Areas,6.5,30.7,64,221
10/9/2009,Delhi,Delhi,Mayapuri Indl. Area,Industrial Areas,16.2,63.5,261,559
10/10/2009,Delhi,Delhi,Mayapuri Indl. Area,Industrial Areas,12.2,56.2,229,424
13/10/2009,Delhi,Delhi,Mayapuri Indl. Area,Industrial Areas,20.2,88,327,676
14/10/2009,Delhi,Delhi,Mayapuri Indl. Area,Industrial Areas,27.7,104.2,376,777
15/10/2009,Delhi,Delhi,Mayapuri Indl. Area,Industrial Areas,27.8,109.7,366,691
17/11/2009,Delhi,Delhi,Mayapuri Indl. Area,Industrial Areas,19.3,72,390,668
18/11/2009,Delhi,Delhi,Mayapuri Indl. Area,Industrial Areas,14.8,50.2,316,528
19/11/2009,Delhi,Delhi,Mayapuri Indl. Area,Industrial Areas,11.8,51.2,285,547
24/11/2009,Delhi,Delhi,Mayapuri Indl. Area,Industrial Areas,12.3,90.7,496,846
25/11/2009,Delhi,Delhi,Mayapuri Indl. Area,Industrial Areas,16.2,87.8,461,797
26/11/2009,Delhi,Delhi,Mayapuri Indl. Area,Industrial Areas,14.5,67.7,445,725
27/11/2009,Delhi,Delhi,Mayapuri Indl. Area,Industrial Areas,5.2,72,389,691
28/11/2009,Delhi,Delhi,Mayapuri Indl. Area,Industrial Areas,4.3,65.3,442,728
16/12/2009,Delhi,Delhi,Mayapuri Indl. Area,Industrial Areas,5.8,66.2,451,745
17/12/2009,Delhi,Delhi,Mayapuri Indl. Area,Industrial Areas,10,62.5,491,767
18/12/2009,Delhi,Delhi,Mayapuri Indl. Area,Industrial Areas,6.2,54.8,384,680
19/12/2009,Delhi,Delhi,Mayapuri Indl. Area,Industrial Areas,3.8,79,344,601
20/12/2009,Delhi,Delhi,Mayapuri Indl. Area,Industrial Areas,5.8,66.8,425,687
28/12/2009,Delhi,Delhi,Mayapuri Indl. Area,Industrial Areas,17.8,76.3,421,695
29/12/2009,Delhi,Delhi,Mayapuri Indl. Area,Industrial Areas,17.5,77.5,664,1009
30/12/2009,Delhi,Delhi,Mayapuri Indl. Area,Industrial Areas,15.8,71,493,809
1/1/2009,Delhi,Delhi,Shahdara,Industrial Areas,6.7,72.7,322,543
1/6/2009,Delhi,Delhi,Shahdara,Industrial Areas,4.5,54.8,270,539
1/12/2009,Delhi,Delhi,Shahdara,Industrial Areas,5.5,44.8,225,378
15/1/2009,Delhi,Delhi,Shahdara,Industrial Areas,5.7,51.3,245,610
20/1/2009,Delhi,Delhi,Shahdara,Industrial Areas,4.2,32.8,151,326
23/1/2009,Delhi,Delhi,Shahdara,Industrial Areas,4,51.2,195,435
29/1/2009,Delhi,Delhi,Shahdara,Industrial Areas,5.5,60.8,171,299
2/4/2009,Delhi,Delhi,Shahdara,Industrial Areas,4.5,66.5,330,638
2/9/2009,Delhi,Delhi,Shahdara,Industrial Areas,4.2,59.8,192,537
2/12/2009,Delhi,Delhi,Shahdara,Industrial Areas,4.2,36.7,75,339
17/2/2009,Delhi,Delhi,Shahdara,Industrial Areas,4.7,38.2,193,406
20/2/2009,Delhi,Delhi,Shahdara,Industrial Areas,4,36.8,255,461
25/2/2009,Delhi,Delhi,Shahdara,Industrial Areas,5,39.7,217,471
3/3/2009,Delhi,Delhi,Shahdara,Industrial Areas,5.7,45.3,NA,644
3/6/2009,Delhi,Delhi,Shahdara,Industrial Areas,NA,NA,NA,686
13/3/2009,Delhi,Delhi,Shahdara,Industrial Areas,NA,NA,NA,663
18/3/2009,Delhi,Delhi,Shahdara,Industrial Areas,NA,NA,NA,675
23/3/2009,Delhi,Delhi,Shahdara,Industrial Areas,7.2,68.7,226,529
26/3/2009,Delhi,Delhi,Shahdara,Industrial Areas,4.2,52.7,150,367
4/1/2009,Delhi,Delhi,Shahdara,Industrial Areas,5.5,62.8,244,468
4/8/2009,Delhi,Delhi,Shahdara,Industrial Areas,4.8,58.3,268,539
17/4/2009,Delhi,Delhi,Shahdara,Industrial Areas,4.3,36.3,217,659
22/4/2009,Delhi,Delhi,Shahdara,Industrial Areas,4.2,38.7,250,614
27/4/2009,Delhi,Delhi,Shahdara,Industrial Areas,4.7,39,278,716
5/1/2009,Delhi,Delhi,Shahdara,Industrial Areas,5.5,51.3,245,663
5/6/2009,Delhi,Delhi,Shahdara,Industrial Areas,4,26.7,164,355
5/11/2009,Delhi,Delhi,Shahdara,Industrial Areas,4.2,40,243,556
14/5/2009,Delhi,Delhi,Shahdara,Industrial Areas,4.2,41.7,170,531
19/5/2009,Delhi,Delhi,Shahdara,Industrial Areas,4.3,35,221,546
22/5/2009,Delhi,Delhi,Shahdara,Industrial Areas,4.3,30.3,141,444
27/5/2009,Delhi,Delhi,Shahdara,Industrial Areas,5.3,39.7,230,561
6/2/2009,Delhi,Delhi,Shahdara,Industrial Areas,4,27.7,193,454
6/5/2009,Delhi,Delhi,Shahdara,Industrial Areas,4,30.5,207,484
6/10/2009,Delhi,Delhi,Shahdara,Industrial Areas,4,28.3,172,389
15/6/2009,Delhi,Delhi,Shahdara,Industrial Areas,4,29.3,210,477
18/6/2009,Delhi,Delhi,Shahdara,Industrial Areas,4,26.5,172,443
23/6/2009,Delhi,Delhi,Shahdara,Industrial Areas,4.5,29.7,194,500
26/6/2009,Delhi,Delhi,Shahdara,Industrial Areas,4,33,187,474
7/2/2009,Delhi,Delhi,Shahdara,Industrial Areas,4,26.8,133,355
7/7/2009,Delhi,Delhi,Shahdara,Industrial Areas,4.2,34.5,162,401
7/10/2009,Delhi,Delhi,Shahdara,Industrial Areas,4,26.3,105,316
15/7/2009,Delhi,Delhi,Shahdara,Industrial Areas,4,26.8,172,365
20/7/2009,Delhi,Delhi,Shahdara,Industrial Areas,4,27.5,190,316
23/7/2009,Delhi,Delhi,Shahdara,Industrial Areas,4,28.5,NA,324
28/7/2009,Delhi,Delhi,Shahdara,Industrial Areas,4,32.8,NA,314
8/3/2009,Delhi,Delhi,Shahdara,Industrial Areas,4,33.5,NA,444
8/6/2009,Delhi,Delhi,Shahdara,Industrial Areas,4,33.3,NA,353
8/11/2009,Delhi,Delhi,Shahdara,Industrial Areas,4,37.3,NA,405
17/8/2009,Delhi,Delhi,Shahdara,Industrial Areas,5.2,51,NA,293
20/8/2009,Delhi,Delhi,Shahdara,Industrial Areas,4.2,41.8,NA,326
25/8/2009,Delhi,Delhi,Shahdara,Industrial Areas,4.3,34.8,NA,290
28/8/2009,Delhi,Delhi,Shahdara,Industrial Areas,4,35.2,130,298
9/1/2009,Delhi,Delhi,Shahdara,Industrial Areas,4,33.8,145,350
9/4/2009,Delhi,Delhi,Shahdara,Industrial Areas,4,28.8,86,199
9/9/2009,Delhi,Delhi,Shahdara,Industrial Areas,4,29.7,67,152
14/9/2009,Delhi,Delhi,Shahdara,Industrial Areas,4,35.8,193,389
17/9/2009,Delhi,Delhi,Shahdara,Industrial Areas,4,42.8,170,336
23/9/2009,Delhi,Delhi,Shahdara,Industrial Areas,4,43.7,183,549
29/9/2009,Delhi,Delhi,Shahdara,Industrial Areas,4.2,47.3,145,273
10/6/2009,Delhi,Delhi,Shahdara,Industrial Areas,4,49.2,97,354
10/9/2009,Delhi,Delhi,Shahdara,Industrial Areas,5,54.5,237,629
19/10/2009,Delhi,Delhi,Shahdara,Industrial Areas,4.5,51.5,182,330
22/10/2009,Delhi,Delhi,Shahdara,Industrial Areas,4.7,55.7,303,566
27/10/2009,Delhi,Delhi,Shahdara,Industrial Areas,5,53.7,149,382
11/3/2009,Delhi,Delhi,Shahdara,Industrial Areas,5.3,61.3,224,428
11/6/2009,Delhi,Delhi,Shahdara,Industrial Areas,4.2,58,NA,807
11/11/2009,Delhi,Delhi,Shahdara,Industrial Areas,4.2,46.7,NA,526
16/11/2009,Delhi,Delhi,Shahdara,Industrial Areas,4.7,51.8,NA,449
19/11/2009,Delhi,Delhi,Shahdara,Industrial Areas,4.8,54.2,NA,424
24/11/2009,Delhi,Delhi,Shahdara,Industrial Areas,4.5,57.5,230,477
27/11/2009,Delhi,Delhi,Shahdara,Industrial Areas,4.8,51.3,295,588
1/5/2009,Delhi,Delhi,Shahzada Bagh,Industrial Areas,6.8,69.3,435,753
1/9/2009,Delhi,Delhi,Shahzada Bagh,Industrial Areas,5.3,72.5,309,645
14/1/2009,Delhi,Delhi,Shahzada Bagh,Industrial Areas,6.3,59.7,263,550
19/1/2009,Delhi,Delhi,Shahzada Bagh,Industrial Areas,5,36.3,188,424
22/1/2009,Delhi,Delhi,Shahzada Bagh,Industrial Areas,5.3,33.5,193,447
28/1/2009,Delhi,Delhi,Shahzada Bagh,Industrial Areas,5.7,74.5,NA,443
2/3/2009,Delhi,Delhi,Shahzada Bagh,Industrial Areas,5.2,63.7,291,718
2/6/2009,Delhi,Delhi,Shahzada Bagh,Industrial Areas,4.5,60.5,243,573
2/11/2009,Delhi,Delhi,Shahzada Bagh,Industrial Areas,4.3,41.3,163,355
16/2/2009,Delhi,Delhi,Shahzada Bagh,Industrial Areas,4.7,37.7,216,496
19/2/2009,Delhi,Delhi,Shahzada Bagh,Industrial Areas,4.7,37,211,682
24/2/2009,Delhi,Delhi,Shahzada Bagh,Industrial Areas,4,37.7,252,636
3/2/2009,Delhi,Delhi,Shahzada Bagh,Industrial Areas,4.8,37.5,231,534
3/5/2009,Delhi,Delhi,Shahzada Bagh,Industrial Areas,5.7,42.3,249,664
3/12/2009,Delhi,Delhi,Shahzada Bagh,Industrial Areas,4.5,37.8,214,644
17/3/2009,Delhi,Delhi,Shahzada Bagh,Industrial Areas,6.2,38.5,309,773
20/3/2009,Delhi,Delhi,Shahzada Bagh,Industrial Areas,7.5,76.5,274,750
25/3/2009,Delhi,Delhi,Shahzada Bagh,Industrial Areas,5.3,54.3,240,683
30/3/2009,Delhi,Delhi,Shahzada Bagh,Industrial Areas,7,89,227,465
4/6/2009,Delhi,Delhi,Shahzada Bagh,Industrial Areas,5.2,61.2,219,725
13/4/2009,Delhi,Delhi,Shahzada Bagh,Industrial Areas,4.5,38.2,237,624
16/4/2009,Delhi,Delhi,Shahzada Bagh,Industrial Areas,4.2,38.3,261,772
21/4/2009,Delhi,Delhi,Shahzada Bagh,Industrial Areas,4.2,36.8,215,747
24/4/2009,Delhi,Delhi,Shahzada Bagh,Industrial Areas,4.5,38.2,248,684
29/4/2009,Delhi,Delhi,Shahzada Bagh,Industrial Areas,4.2,41.3,235,560
5/5/2009,Delhi,Delhi,Shahzada Bagh,Industrial Areas,4,26.7,194,417
5/8/2009,Delhi,Delhi,Shahzada Bagh,Industrial Areas,4.2,34.8,221,548
13/5/2009,Delhi,Delhi,Shahzada Bagh,Industrial Areas,4.5,34.5,214,507
18/5/2009,Delhi,Delhi,Shahzada Bagh,Industrial Areas,4.3,38.5,219,711
21/5/2009,Delhi,Delhi,Shahzada Bagh,Industrial Areas,4.8,37.3,181,547
26/5/2009,Delhi,Delhi,Shahzada Bagh,Industrial Areas,5.2,38.5,195,556
6/1/2009,Delhi,Delhi,Shahzada Bagh,Industrial Areas,4.2,28.8,209,507
6/4/2009,Delhi,Delhi,Shahzada Bagh,Industrial Areas,4,28.8,221,516
6/9/2009,Delhi,Delhi,Shahzada Bagh,Industrial Areas,4.2,32.7,247,589
6/12/2009,Delhi,Delhi,Shahzada Bagh,Industrial Areas,4,27,209,457
17/6/2009,Delhi,Delhi,Shahzada Bagh,Industrial Areas,4.2,25.7,181,436
22/6/2009,Delhi,Delhi,Shahzada Bagh,Industrial Areas,4.5,24.5,216,491
25/6/2009,Delhi,Delhi,Shahzada Bagh,Industrial Areas,4.2,34.2,231,508
7/1/2009,Delhi,Delhi,Shahzada Bagh,Industrial Areas,4,27,144,351
7/6/2009,Delhi,Delhi,Shahzada Bagh,Industrial Areas,4.5,32.2,193,483
7/9/2009,Delhi,Delhi,Shahzada Bagh,Industrial Areas,4.2,30.5,186,498
14/7/2009,Delhi,Delhi,Shahzada Bagh,Industrial Areas,4,31,121,446
17/7/2009,Delhi,Delhi,Shahzada Bagh,Industrial Areas,4,32.2,188,358
22/7/2009,Delhi,Delhi,Shahzada Bagh,Industrial Areas,4,26,179,347
27/7/2009,Delhi,Delhi,Shahzada Bagh,Industrial Areas,4,27.7,145,261
30/7/2009,Delhi,Delhi,Shahzada Bagh,Industrial Areas,4,25.3,117,413
8/5/2009,Delhi,Delhi,Shahzada Bagh,Industrial Areas,4,33.3,140,362
8/10/2009,Delhi,Delhi,Shahzada Bagh,Industrial Areas,4,28.8,129,460
13/8/2009,Delhi,Delhi,Shahzada Bagh,Industrial Areas,4,32.2,159,321
19/8/2009,Delhi,Delhi,Shahzada Bagh,Industrial Areas,4,36.2,147,432
24/8/2009,Delhi,Delhi,Shahzada Bagh,Industrial Areas,4,32.5,148,425
27/8/2009,Delhi,Delhi,Shahzada Bagh,Industrial Areas,4,27,160,289
9/3/2009,Delhi,Delhi,Shahzada Bagh,Industrial Areas,4,36.8,89,233
9/8/2009,Delhi,Delhi,Shahzada Bagh,Industrial Areas,4,28.7,85,221
16/9/2009,Delhi,Delhi,Shahzada Bagh,Industrial Areas,4,44.5,124,508
22/9/2009,Delhi,Delhi,Shahzada Bagh,Industrial Areas,4.3,45.2,124,508
25/9/2009,Delhi,Delhi,Shahzada Bagh,Industrial Areas,4.2,50.2,143,442
10/5/2009,Delhi,Delhi,Shahzada Bagh,Industrial Areas,4,55.5,68,263
10/8/2009,Delhi,Delhi,Shahzada Bagh,Industrial Areas,5,48.2,280,622
13/10/2009,Delhi,Delhi,Shahzada Bagh,Industrial Areas,5.2,54,311,684
15/10/2009,Delhi,Delhi,Shahzada Bagh,Industrial Areas,4.3,56,417,879
21/10/2009,Delhi,Delhi,Shahzada Bagh,Industrial Areas,5.2,56.3,223,394
26/10/2009,Delhi,Delhi,Shahzada Bagh,Industrial Areas,4.5,53.5,289,658
29/10/2009,Delhi,Delhi,Shahzada Bagh,Industrial Areas,5,56.7,226,521
11/5/2009,Delhi,Delhi,Shahzada Bagh,Industrial Areas,5,59.8,354,805
11/10/2009,Delhi,Delhi,Shahzada Bagh,Industrial Areas,4,49.2,258,500
13/11/2009,Delhi,Delhi,Shahzada Bagh,Industrial Areas,4.2,43.7,152,458
18/11/2009,Delhi,Delhi,Shahzada Bagh,Industrial Areas,4.2,52.8,289,598
23/11/2009,Delhi,Delhi,Shahzada Bagh,Industrial Areas,4.8,57.5,332,825
26/11/2009,Delhi,Delhi,Shahzada Bagh,Industrial Areas,4.5,54.7,320,512
1/1/2009,Delhi,Delhi,Janakpuri,Residential and others,6,48.5,206,401
1/6/2009,Delhi,Delhi,Janakpuri,Residential and others,5.8,60.5,450,520
1/12/2009,Delhi,Delhi,Janakpuri,Residential and others,5.5,62.3,250,387
15/1/2009,Delhi,Delhi,Janakpuri,Residential and others,6.5,51.2,174,391
20/1/2009,Delhi,Delhi,Janakpuri,Residential and others,6.5,49.2,456,485
23/1/2009,Delhi,Delhi,Janakpuri,Residential and others,7.3,53.2,551,718
29/1/2009,Delhi,Delhi,Janakpuri,Residential and others,5.7,55.5,400,627
2/4/2009,Delhi,Delhi,Janakpuri,Residential and others,5.3,52.7,164,303
2/9/2009,Delhi,Delhi,Janakpuri,Residential and others,6.7,50.3,215,432
2/12/2009,Delhi,Delhi,Janakpuri,Residential and others,5.2,56.8,525,870
17/2/2009,Delhi,Delhi,Janakpuri,Residential and others,4.8,47,328,658
20/2/2009,Delhi,Delhi,Janakpuri,Residential and others,6.2,56.5,478,626
25/2/2009,Delhi,Delhi,Janakpuri,Residential and others,5.7,51.2,443,603
3/3/2009,Delhi,Delhi,Janakpuri,Residential and others,6.8,54.5,286,531
3/6/2009,Delhi,Delhi,Janakpuri,Residential and others,6.8,55.3,241,552
13/3/2009,Delhi,Delhi,Janakpuri,Residential and others,6.7,53.5,222,512
18/3/2009,Delhi,Delhi,Janakpuri,Residential and others,7,53.5,270,481
23/3/2009,Delhi,Delhi,Janakpuri,Residential and others,6.8,53,353,529
26/3/2009,Delhi,Delhi,Janakpuri,Residential and others,6.8,53.7,361,883
4/1/2009,Delhi,Delhi,Janakpuri,Residential and others,6.2,54,321,565
4/8/2009,Delhi,Delhi,Janakpuri,Residential and others,5.5,55,121,486
17/4/2009,Delhi,Delhi,Janakpuri,Residential and others,6,60.7,173,458
22/4/2009,Delhi,Delhi,Janakpuri,Residential and others,6.3,56,NA,606
27/4/2009,Delhi,Delhi,Janakpuri,Residential and others,5.5,58.5,637,897
5/1/2009,Delhi,Delhi,Janakpuri,Residential and others,5.8,49,541,568
5/6/2009,Delhi,Delhi,Janakpuri,Residential and others,5.2,52.7,189,522
5/11/2009,Delhi,Delhi,Janakpuri,Residential and others,5.2,59,298,489
14/5/2009,Delhi,Delhi,Janakpuri,Residential and others,4.8,49.8,589,695
19/5/2009,Delhi,Delhi,Janakpuri,Residential and others,5.5,53,229,592
22/5/2009,Delhi,Delhi,Janakpuri,Residential and others,5.3,53.3,430,675
27/5/2009,Delhi,Delhi,Janakpuri,Residential and others,4.7,51.7,363,526
6/2/2009,Delhi,Delhi,Janakpuri,Residential and others,5.5,56.3,567,NA
6/5/2009,Delhi,Delhi,Janakpuri,Residential and others,5.5,63.3,432,941
6/10/2009,Delhi,Delhi,Janakpuri,Residential and others,4.7,57.8,297,638
15/6/2009,Delhi,Delhi,Janakpuri,Residential and others,5.3,57.5,351,1098
18/6/2009,Delhi,Delhi,Janakpuri,Residential and others,6.2,62.7,366,606
23/6/2009,Delhi,Delhi,Janakpuri,Residential and others,6,62.5,219,428
26/6/2009,Delhi,Delhi,Janakpuri,Residential and others,4.8,54.7,335,485
7/2/2009,Delhi,Delhi,Janakpuri,Residential and others,5.5,70.5,NA,452
7/7/2009,Delhi,Delhi,Janakpuri,Residential and others,5.7,72.5,NA,468
7/10/2009,Delhi,Delhi,Janakpuri,Residential and others,5.3,59.5,245,374
15/7/2009,Delhi,Delhi,Janakpuri,Residential and others,5,64,340,445
20/7/2009,Delhi,Delhi,Janakpuri,Residential and others,5.2,69.5,232,311
23/7/2009,Delhi,Delhi,Janakpuri,Residential and others,6,74.2,124,393
28/7/2009,Delhi,Delhi,Janakpuri,Residential and others,5.5,61,249,496
8/3/2009,Delhi,Delhi,Janakpuri,Residential and others,6.8,54.5,226,324
8/6/2009,Delhi,Delhi,Janakpuri,Residential and others,7.2,57.7,160,348
8/11/2009,Delhi,Delhi,Janakpuri,Residential and others,5.8,48.7,213,404
17/8/2009,Delhi,Delhi,Janakpuri,Residential and others,6.2,54.2,200,367
20/8/2009,Delhi,Delhi,Janakpuri,Residential and others,5.7,53.8,274,407
25/8/2009,Delhi,Delhi,Janakpuri,Residential and others,5.8,52.3,355,490
28/8/2009,Delhi,Delhi,Janakpuri,Residential and others,6.5,52.2,154,377
9/1/2009,Delhi,Delhi,Janakpuri,Residential and others,5.5,55.3,158,391
9/4/2009,Delhi,Delhi,Janakpuri,Residential and others,4.7,49.8,236,315
14/9/2009,Delhi,Delhi,Janakpuri,Residential and others,5.3,54.2,116,356
17/9/2009,Delhi,Delhi,Janakpuri,Residential and others,5,54.7,205,325
23/9/2009,Delhi,Delhi,Janakpuri,Residential and others,4.5,57,244,328
29/9/2009,Delhi,Delhi,Janakpuri,Residential and others,5.3,55.3,306,411
10/6/2009,Delhi,Delhi,Janakpuri,Residential and others,5.3,58.8,137,346
10/9/2009,Delhi,Delhi,Janakpuri,Residential and others,5.3,63.8,144,386
14/10/2009,Delhi,Delhi,Janakpuri,Residential and others,4.7,57.7,368,527
19/10/2009,Delhi,Delhi,Janakpuri,Residential and others,4,60,470,776
22/10/2009,Delhi,Delhi,Janakpuri,Residential and others,5,51.8,365,504
27/10/2009,Delhi,Delhi,Janakpuri,Residential and others,4.3,49.8,275,476
11/3/2009,Delhi,Delhi,Janakpuri,Residential and others,5.3,57,371,521
11/6/2009,Delhi,Delhi,Janakpuri,Residential and others,5.2,59.2,324,452
11/11/2009,Delhi,Delhi,Janakpuri,Residential and others,5.3,60.7,285,420
16/11/2009,Delhi,Delhi,Janakpuri,Residential and others,4.7,57,238,398
19/11/2009,Delhi,Delhi,Janakpuri,Residential and others,5.5,60,212,367
24/11/2009,Delhi,Delhi,Janakpuri,Residential and others,5,61.3,321,470
27/11/2009,Delhi,Delhi,Janakpuri,Residential and others,4.5,53.5,431,NA
1/6/2009,Delhi,Delhi,N.Y. School,Residential and others,6,44.7,183,380
1/7/2009,Delhi,Delhi,N.Y. School,Residential and others,5.8,44.7,144,268
1/8/2009,Delhi,Delhi,N.Y. School,Residential and others,10,57,197,374
20/1/2009,Delhi,Delhi,N.Y. School,Residential and others,NA,50.3,113,229
21/1/2009,Delhi,Delhi,N.Y. School,Residential and others,6,64,145,286
27/1/2009,Delhi,Delhi,N.Y. School,Residential and others,2.3,58.5,196,375
28/1/2009,Delhi,Delhi,N.Y. School,Residential and others,2.5,69.3,190,404
29/1/2009,Delhi,Delhi,N.Y. School,Residential and others,4.7,83.5,210,382
2/10/2009,Delhi,Delhi,N.Y. School,Residential and others,17,44.8,214,314
2/11/2009,Delhi,Delhi,N.Y. School,Residential and others,15.5,49.8,147,216
17/2/2009,Delhi,Delhi,N.Y. School,Residential and others,6.5,60.7,142,364
18/2/2009,Delhi,Delhi,N.Y. School,Residential and others,4.2,45.7,115,312
19/2/2009,Delhi,Delhi,N.Y. School,Residential and others,4.8,55.3,143,394
21/2/2009,Delhi,Delhi,N.Y. School,Residential and others,3.2,44.2,128,283
22/2/2009,Delhi,Delhi,N.Y. School,Residential and others,NA,67.7,151,355
23/2/2009,Delhi,Delhi,N.Y. School,Residential and others,7,79.2,196,522
17/3/2009,Delhi,Delhi,N.Y. School,Residential and others,13.7,70.7,190,433
18/3/2009,Delhi,Delhi,N.Y. School,Residential and others,11.8,70,221,462
19/3/2009,Delhi,Delhi,N.Y. School,Residential and others,17.7,78,198,517
20/3/2009,Delhi,Delhi,N.Y. School,Residential and others,4.7,49.7,194,635
23/3/2009,Delhi,Delhi,N.Y. School,Residential and others,13.5,53.5,166,373
24/3/2009,Delhi,Delhi,N.Y. School,Residential and others,11.2,44.8,228,476
25/3/2009,Delhi,Delhi,N.Y. School,Residential and others,8.3,55.2,232,404
26/3/2009,Delhi,Delhi,N.Y. School,Residential and others,3.5,48.7,159,327
4/7/2009,Delhi,Delhi,N.Y. School,Residential and others,2.8,33.8,337,635
4/8/2009,Delhi,Delhi,N.Y. School,Residential and others,2.7,29.3,153,391
4/9/2009,Delhi,Delhi,N.Y. School,Residential and others,3.5,29.8,74,192
14/4/2009,Delhi,Delhi,N.Y. School,Residential and others,2.3,47.3,277,477
15/4/2009,Delhi,Delhi,N.Y. School,Residential and others,NA,37.7,462,821
16/4/2009,Delhi,Delhi,N.Y. School,Residential and others,3.8,34.2,309,543
24/4/2009,Delhi,Delhi,N.Y. School,Residential and others,7.7,41.8,351,501
25/4/2009,Delhi,Delhi,N.Y. School,Residential and others,5,42.3,296,517
5/8/2009,Delhi,Delhi,N.Y. School,Residential and others,NA,48.2,175,394
5/9/2009,Delhi,Delhi,N.Y. School,Residential and others,NA,50.5,197,468
5/10/2009,Delhi,Delhi,N.Y. School,Residential and others,NA,37.3,159,412
5/12/2009,Delhi,Delhi,N.Y. School,Residential and others,5.3,48,181,432
13/5/2009,Delhi,Delhi,N.Y. School,Residential and others,5.3,27.8,159,449
14/5/2009,Delhi,Delhi,N.Y. School,Residential and others,5.3,36.5,188,458
26/5/2009,Delhi,Delhi,N.Y. School,Residential and others,NA,55.8,151,395
27/5/2009,Delhi,Delhi,N.Y. School,Residential and others,3.8,49.5,199,586
16/6/2009,Delhi,Delhi,N.Y. School,Residential and others,NA,18.3,186,306
17/6/2009,Delhi,Delhi,N.Y. School,Residential and others,NA,23.4,158,344
18/6/2009,Delhi,Delhi,N.Y. School,Residential and others,NA,23.6,248,641
19/6/2009,Delhi,Delhi,N.Y. School,Residential and others,2.7,31.7,248,535
23/6/2009,Delhi,Delhi,N.Y. School,Residential and others,3.7,32.3,263,549
24/6/2009,Delhi,Delhi,N.Y. School,Residential and others,3.3,33,238,440
25/6/2009,Delhi,Delhi,N.Y. School,Residential and others,NA,27.5,230,511
26/6/2009,Delhi,Delhi,N.Y. School,Residential and others,NA,33.5,208,389
14/7/2009,Delhi,Delhi,N.Y. School,Residential and others,4.2,40.3,133,260
15/7/2009,Delhi,Delhi,N.Y. School,Residential and others,NA,36.8,80,153
16/7/2009,Delhi,Delhi,N.Y. School,Residential and others,NA,23.7,75,188
25/7/2009,Delhi,Delhi,N.Y. School,Residential and others,NA,25.5,60,115
26/7/2009,Delhi,Delhi,N.Y. School,Residential and others,NA,19.8,108,199
28/7/2009,Delhi,Delhi,N.Y. School,Residential and others,NA,25.3,87,231
29/7/2009,Delhi,Delhi,N.Y. School,Residential and others,NA,31,83,216
8/11/2009,Delhi,Delhi,N.Y. School,Residential and others,3.2,34.7,134,292
8/12/2009,Delhi,Delhi,N.Y. School,Residential and others,NA,29.2,116,229
13/8/2009,Delhi,Delhi,N.Y. School,Residential and others,NA,16.3,66,162
18/8/2009,Delhi,Delhi,N.Y. School,Residential and others,2.3,21,80,226
19/8/2009,Delhi,Delhi,N.Y. School,Residential and others,NA,36.2,85,260
20/8/2009,Delhi,Delhi,N.Y. School,Residential and others,NA,23,52,207
25/8/2009,Delhi,Delhi,N.Y. School,Residential and others,4.8,33.3,63,160
26/8/2009,Delhi,Delhi,N.Y. School,Residential and others,6.2,36.2,68,156
9/8/2009,Delhi,Delhi,N.Y. School,Residential and others,7.2,24.8,42,111
9/9/2009,Delhi,Delhi,N.Y. School,Residential and others,NA,26.2,28,72
14/9/2009,Delhi,Delhi,N.Y. School,Residential and others,4.3,36,154,323
15/9/2009,Delhi,Delhi,N.Y. School,Residential and others,3.2,30,127,352
16/9/2009,Delhi,Delhi,N.Y. School,Residential and others,NA,29.2,102,314
23/9/2009,Delhi,Delhi,N.Y. School,Residential and others,2.5,54.2,155,411
24/9/2009,Delhi,Delhi,N.Y. School,Residential and others,NA,37.3,147,406
25/9/2009,Delhi,Delhi,N.Y. School,Residential and others,2.8,36.8,121,385
10/9/2009,Delhi,Delhi,N.Y. School,Residential and others,3.7,61.8,195,423
10/10/2009,Delhi,Delhi,N.Y. School,Residential and others,2.8,54.5,119,279
13/10/2009,Delhi,Delhi,N.Y. School,Residential and others,2.7,80.3,273,470
14/10/2009,Delhi,Delhi,N.Y. School,Residential and others,10.3,78.8,298,546
15/10/2009,Delhi,Delhi,N.Y. School,Residential and others,7.8,76,298,539
20/10/2009,Delhi,Delhi,N.Y. School,Residential and others,NA,92,227,440
21/10/2009,Delhi,Delhi,N.Y. School,Residential and others,4,74.7,256,484
22/10/2009,Delhi,Delhi,N.Y. School,Residential and others,3.3,85.3,266,503
11/3/2009,Delhi,Delhi,N.Y. School,Residential and others,3.5,84.7,309,539
11/4/2009,Delhi,Delhi,N.Y. School,Residential and others,8,76,317,523
11/10/2009,Delhi,Delhi,N.Y. School,Residential and others,2.3,46.8,390,592
11/11/2009,Delhi,Delhi,N.Y. School,Residential and others,6.7,75.2,413,665
11/12/2009,Delhi,Delhi,N.Y. School,Residential and others,4.7,58.2,212,301
24/11/2009,Delhi,Delhi,N.Y. School,Residential and others,6.5,89.8,NA,474
25/11/2009,Delhi,Delhi,N.Y. School,Residential and others,12.2,91.2,215,462
26/11/2009,Delhi,Delhi,N.Y. School,Residential and others,7.3,89,255,485
12/8/2009,Delhi,Delhi,N.Y. School,Residential and others,NA,84.7,249,541
12/9/2009,Delhi,Delhi,N.Y. School,Residential and others,7.2,86.7,483,831
12/10/2009,Delhi,Delhi,N.Y. School,Residential and others,NA,86.3,438,757
16/12/2009,Delhi,Delhi,N.Y. School,Residential and others,3.2,89,275,461
17/12/2009,Delhi,Delhi,N.Y. School,Residential and others,3.8,83.2,236,484
18/12/2009,Delhi,Delhi,N.Y. School,Residential and others,2.7,80.3,180,389
19/12/2009,Delhi,Delhi,N.Y. School,Residential and others,3.2,93.7,207,373
20/12/2009,Delhi,Delhi,N.Y. School,Residential and others,4.3,83.8,267,497
1/2/2009,Delhi,Delhi,Nizamuddin,Residential and others,7.3,52,NA,665
1/7/2009,Delhi,Delhi,Nizamuddin,Residential and others,5,48.5,306,543
13/1/2009,Delhi,Delhi,Nizamuddin,Residential and others,6.2,50.5,221,492
16/1/2009,Delhi,Delhi,Nizamuddin,Residential and others,6.3,52.2,373,536
21/1/2009,Delhi,Delhi,Nizamuddin,Residential and others,6.8,51.8,236,372
27/1/2009,Delhi,Delhi,Nizamuddin,Residential and others,7.7,48,191,431
2/2/2009,Delhi,Delhi,Nizamuddin,Residential and others,5.8,59.8,784,NA
2/5/2009,Delhi,Delhi,Nizamuddin,Residential and others,4.5,55.3,256,413
2/10/2009,Delhi,Delhi,Nizamuddin,Residential and others,5.2,54.8,281,617
13/2/2009,Delhi,Delhi,Nizamuddin,Residential and others,6.5,52.8,467,630
18/2/2009,Delhi,Delhi,Nizamuddin,Residential and others,5.3,54.2,279,497
23/2/2009,Delhi,Delhi,Nizamuddin,Residential and others,5.5,55.3,499,844
26/2/2009,Delhi,Delhi,Nizamuddin,Residential and others,5.7,51.7,357,550
3/4/2009,Delhi,Delhi,Nizamuddin,Residential and others,6.8,53,266,630
3/9/2009,Delhi,Delhi,Nizamuddin,Residential and others,6.8,48.5,361,632
16/3/2009,Delhi,Delhi,Nizamuddin,Residential and others,6.7,52.2,390,650
19/3/2009,Delhi,Delhi,Nizamuddin,Residential and others,7,50,405,1184
24/3/2009,Delhi,Delhi,Nizamuddin,Residential and others,6.5,53.2,301,759
27/3/2009,Delhi,Delhi,Nizamuddin,Residential and others,5,51.2,367,799
4/2/2009,Delhi,Delhi,Nizamuddin,Residential and others,5.8,53.3,353,550
4/9/2009,Delhi,Delhi,Nizamuddin,Residential and others,6.5,47.2,366,523
15/4/2009,Delhi,Delhi,Nizamuddin,Residential and others,6.2,46.5,327,486
20/4/2009,Delhi,Delhi,Nizamuddin,Residential and others,6.2,57.3,315,450
23/4/2009,Delhi,Delhi,Nizamuddin,Residential and others,5.5,57,260,540
28/4/2009,Delhi,Delhi,Nizamuddin,Residential and others,5.5,58.8,NA,847
5/4/2009,Delhi,Delhi,Nizamuddin,Residential and others,4.2,43,297,817
5/12/2009,Delhi,Delhi,Nizamuddin,Residential and others,4.7,56.7,134,375
15/5/2009,Delhi,Delhi,Nizamuddin,Residential and others,4.5,49.5,256,474
20/5/2009,Delhi,Delhi,Nizamuddin,Residential and others,4.8,46.5,396,732
25/5/2009,Delhi,Delhi,Nizamuddin,Residential and others,5.2,51.2,281,507
28/5/2009,Delhi,Delhi,Nizamuddin,Residential and others,4.2,42.3,185,595
6/3/2009,Delhi,Delhi,Nizamuddin,Residential and others,5.8,54.8,265,844
6/8/2009,Delhi,Delhi,Nizamuddin,Residential and others,5.3,50.5,221,489
6/11/2009,Delhi,Delhi,Nizamuddin,Residential and others,5.7,54.3,178,521
16/6/2009,Delhi,Delhi,Nizamuddin,Residential and others,6.3,56,283,595
19/6/2009,Delhi,Delhi,Nizamuddin,Residential and others,6,65,404,774
24/6/2009,Delhi,Delhi,Nizamuddin,Residential and others,5.5,58,506,863
29/6/2009,Delhi,Delhi,Nizamuddin,Residential and others,4.7,54.2,445,634
7/3/2009,Delhi,Delhi,Nizamuddin,Residential and others,5.8,57.8,362,542
7/8/2009,Delhi,Delhi,Nizamuddin,Residential and others,5.7,57.5,127,333
13/7/2009,Delhi,Delhi,Nizamuddin,Residential and others,6,61.5,251,496
16/7/2009,Delhi,Delhi,Nizamuddin,Residential and others,5.5,61,200,331
21/7/2009,Delhi,Delhi,Nizamuddin,Residential and others,6.2,61.5,369,476
24/7/2009,Delhi,Delhi,Nizamuddin,Residential and others,5.8,57.5,359,439
29/7/2009,Delhi,Delhi,Nizamuddin,Residential and others,6.2,62.7,190,411
8/4/2009,Delhi,Delhi,Nizamuddin,Residential and others,6.2,53.2,158,357
8/7/2009,Delhi,Delhi,Nizamuddin,Residential and others,5.2,54.3,94,311
8/12/2009,Delhi,Delhi,Nizamuddin,Residential and others,6.8,54.2,169,341
18/8/2009,Delhi,Delhi,Nizamuddin,Residential and others,5.7,50.2,192,316
21/8/2009,Delhi,Delhi,Nizamuddin,Residential and others,5,47.2,197,330
26/8/2009,Delhi,Delhi,Nizamuddin,Residential and others,6,49.5,51,174
9/2/2009,Delhi,Delhi,Nizamuddin,Residential and others,4.7,46.2,71,264
9/7/2009,Delhi,Delhi,Nizamuddin,Residential and others,5.3,48.8,110,283
15/9/2009,Delhi,Delhi,Nizamuddin,Residential and others,4.5,48.2,129,308
18/9/2009,Delhi,Delhi,Nizamuddin,Residential and others,4.8,52.3,219,392
24/9/2009,Delhi,Delhi,Nizamuddin,Residential and others,4.3,50.8,430,629
10/1/2009,Delhi,Delhi,Nizamuddin,Residential and others,4.5,53.8,141,407
10/7/2009,Delhi,Delhi,Nizamuddin,Residential and others,5.5,54.3,266,463
10/12/2009,Delhi,Delhi,Nizamuddin,Residential and others,NA,NA,365,NA
15/10/2009,Delhi,Delhi,Nizamuddin,Residential and others,4.8,54.8,274,704
20/10/2009,Delhi,Delhi,Nizamuddin,Residential and others,4.2,51.3,241,443
23/10/2009,Delhi,Delhi,Nizamuddin,Residential and others,5.3,60.8,330,483
28/10/2009,Delhi,Delhi,Nizamuddin,Residential and others,4.2,50,336,501
11/4/2009,Delhi,Delhi,Nizamuddin,Residential and others,5.8,68.3,273,505
11/9/2009,Delhi,Delhi,Nizamuddin,Residential and others,5,49.2,220,434
11/12/2009,Delhi,Delhi,Nizamuddin,Residential and others,5.5,57.8,300,663
17/11/2009,Delhi,Delhi,Nizamuddin,Residential and others,4.3,51.8,334,460
20/11/2009,Delhi,Delhi,Nizamuddin,Residential and others,5.3,53.8,205,330
25/11/2009,Delhi,Delhi,Nizamuddin,Residential and others,4.7,54.5,417,562
1/2/2009,Delhi,Delhi,Pritampura,Residential and others,4.5,56.2,315,618
1/7/2009,Delhi,Delhi,Pritampura,Residential and others,4,33.8,143,312
13/1/2009,Delhi,Delhi,Pritampura,Residential and others,4.5,36,192,375
16/1/2009,Delhi,Delhi,Pritampura,Residential and others,4.5,45.8,235,531
21/1/2009,Delhi,Delhi,Pritampura,Residential and others,4.2,40.7,141,258
27/1/2009,Delhi,Delhi,Pritampura,Residential and others,4.8,38,141,302
2/2/2009,Delhi,Delhi,Pritampura,Residential and others,4.3,39.3,159,340
2/5/2009,Delhi,Delhi,Pritampura,Residential and others,4.3,42.3,237,519
2/10/2009,Delhi,Delhi,Pritampura,Residential and others,4.3,34.8,260,681
13/2/2009,Delhi,Delhi,Pritampura,Residential and others,4,30.7,226,388
18/2/2009,Delhi,Delhi,Pritampura,Residential and others,4,30.2,180,388
23/2/2009,Delhi,Delhi,Pritampura,Residential and others,4,26.7,156,403
26/2/2009,Delhi,Delhi,Pritampura,Residential and others,4,26.2,160,336
3/4/2009,Delhi,Delhi,Pritampura,Residential and others,4.2,29.7,222,462
3/9/2009,Delhi,Delhi,Pritampura,Residential and others,4.5,35,210,432
16/3/2009,Delhi,Delhi,Pritampura,Residential and others,4.5,36.7,236,560
19/3/2009,Delhi,Delhi,Pritampura,Residential and others,4.5,42.5,213,528
24/3/2009,Delhi,Delhi,Pritampura,Residential and others,4,34.2,208,442
27/3/2009,Delhi,Delhi,Pritampura,Residential and others,4.2,35,194,407
4/2/2009,Delhi,Delhi,Pritampura,Residential and others,4.5,32.5,221,495
4/9/2009,Delhi,Delhi,Pritampura,Residential and others,4.2,29.5,181,334
15/4/2009,Delhi,Delhi,Pritampura,Residential and others,4,28.5,200,418
20/4/2009,Delhi,Delhi,Pritampura,Residential and others,4,23.7,203,445
23/4/2009,Delhi,Delhi,Pritampura,Residential and others,4,25.5,215,432
28/4/2009,Delhi,Delhi,Pritampura,Residential and others,4,28.3,220,604
5/4/2009,Delhi,Delhi,Pritampura,Residential and others,4,17.2,161,318
5/12/2009,Delhi,Delhi,Pritampura,Residential and others,4,26.8,188,567
20/5/2009,Delhi,Delhi,Pritampura,Residential and others,4,27.5,233,572
25/5/2009,Delhi,Delhi,Pritampura,Residential and others,4.2,24,142,385
28/5/2009,Delhi,Delhi,Pritampura,Residential and others,4,21.3,128,341
6/3/2009,Delhi,Delhi,Pritampura,Residential and others,4,22.8,121,347
6/8/2009,Delhi,Delhi,Pritampura,Residential and others,4.2,27.5,167,432
6/11/2009,Delhi,Delhi,Pritampura,Residential and others,4,28,146,349
16/6/2009,Delhi,Delhi,Pritampura,Residential and others,4,26.7,199,339
19/6/2009,Delhi,Delhi,Pritampura,Residential and others,4.3,34.3,204,473
24/6/2009,Delhi,Delhi,Pritampura,Residential and others,4.2,31,213,498
29/6/2009,Delhi,Delhi,Pritampura,Residential and others,4,26,155,419
7/3/2009,Delhi,Delhi,Pritampura,Residential and others,4,32,166,416
7/8/2009,Delhi,Delhi,Pritampura,Residential and others,4,22,122,319
13/7/2009,Delhi,Delhi,Pritampura,Residential and others,4,23,128,340
16/7/2009,Delhi,Delhi,Pritampura,Residential and others,4,28.2,131,297
21/7/2009,Delhi,Delhi,Pritampura,Residential and others,4,25,152,312
24/7/2009,Delhi,Delhi,Pritampura,Residential and others,4,29.5,139,330
29/7/2009,Delhi,Delhi,Pritampura,Residential and others,4,25.7,112,292
8/4/2009,Delhi,Delhi,Pritampura,Residential and others,4,24.8,171,402
8/7/2009,Delhi,Delhi,Pritampura,Residential and others,4,29.2,119,368
8/12/2009,Delhi,Delhi,Pritampura,Residential and others,4,26.7,129,331
18/8/2009,Delhi,Delhi,Pritampura,Residential and others,4,31.8,141,359
21/8/2009,Delhi,Delhi,Pritampura,Residential and others,4,24.7,111,232
26/8/2009,Delhi,Delhi,Pritampura,Residential and others,4,31.8,82,252
9/2/2009,Delhi,Delhi,Pritampura,Residential and others,4.2,28.7,111,315
9/7/2009,Delhi,Delhi,Pritampura,Residential and others,4,29.2,94,300
15/9/2009,Delhi,Delhi,Pritampura,Residential and others,4,33.5,168,528
18/9/2009,Delhi,Delhi,Pritampura,Residential and others,4,25.2,132,361
24/9/2009,Delhi,Delhi,Pritampura,Residential and others,4,30.2,168,423
10/1/2009,Delhi,Delhi,Pritampura,Residential and others,5.2,41.8,166,382
10/7/2009,Delhi,Delhi,Pritampura,Residential and others,4,39,157,334
10/12/2009,Delhi,Delhi,Pritampura,Residential and others,4,32.5,NA,490
20/10/2009,Delhi,Delhi,Pritampura,Residential and others,4.5,36.2,223,571
23/10/2009,Delhi,Delhi,Pritampura,Residential and others,4.7,35,165,372
28/10/2009,Delhi,Delhi,Pritampura,Residential and others,4.3,41.2,222,472
11/4/2009,Delhi,Delhi,Pritampura,Residential and others,4,30.8,111,358
11/9/2009,Delhi,Delhi,Pritampura,Residential and others,4.2,40.8,137,358
11/12/2009,Delhi,Delhi,Pritampura,Residential and others,4,36.7,313,642
17/11/2009,Delhi,Delhi,Pritampura,Residential and others,4.5,43.2,258,600
20/11/2009,Delhi,Delhi,Pritampura,Residential and others,4.2,36.8,323,544
25/11/2009,Delhi,Delhi,Pritampura,Residential and others,4.3,42.3,132,371
1/5/2009,Delhi,Delhi,Siri Fort,Residential and others,7.8,57.5,411,542
1/9/2009,Delhi,Delhi,Siri Fort,Residential and others,5.3,47.7,341,461
14/1/2009,Delhi,Delhi,Siri Fort,Residential and others,6.2,51,408,547
19/1/2009,Delhi,Delhi,Siri Fort,Residential and others,6.5,48.8,176,327
22/1/2009,Delhi,Delhi,Siri Fort,Residential and others,7.2,49.5,223,326
28/1/2009,Delhi,Delhi,Siri Fort,Residential and others,6.3,51.8,254,400
2/3/2009,Delhi,Delhi,Siri Fort,Residential and others,5.5,54.5,279,396
2/6/2009,Delhi,Delhi,Siri Fort,Residential and others,5.5,54,210,712
2/11/2009,Delhi,Delhi,Siri Fort,Residential and others,5.8,49.2,325,506
16/2/2009,Delhi,Delhi,Siri Fort,Residential and others,5,55.8,514,712
19/2/2009,Delhi,Delhi,Siri Fort,Residential and others,5.8,53,231,356
24/2/2009,Delhi,Delhi,Siri Fort,Residential and others,6.2,54.8,394,802
3/2/2009,Delhi,Delhi,Siri Fort,Residential and others,7.2,51,399,465
3/5/2009,Delhi,Delhi,Siri Fort,Residential and others,7.2,50.5,219,661
3/12/2009,Delhi,Delhi,Siri Fort,Residential and others,7.8,51.5,470,641
17/3/2009,Delhi,Delhi,Siri Fort,Residential and others,6.7,53.3,374,589
20/3/2009,Delhi,Delhi,Siri Fort,Residential and others,6.8,53.7,392,758
25/3/2009,Delhi,Delhi,Siri Fort,Residential and others,6.5,53.3,250,677
30/3/2009,Delhi,Delhi,Siri Fort,Residential and others,6.7,51.2,270,578
4/6/2009,Delhi,Delhi,Siri Fort,Residential and others,6.2,48.5,274,447
13/4/2009,Delhi,Delhi,Siri Fort,Residential and others,6.5,49.2,314,512
16/4/2009,Delhi,Delhi,Siri Fort,Residential and others,5.7,51.8,343,546
21/4/2009,Delhi,Delhi,Siri Fort,Residential and others,6.5,57.2,253,492
24/4/2009,Delhi,Delhi,Siri Fort,Residential and others,6,61.7,392,723
29/4/2009,Delhi,Delhi,Siri Fort,Residential and others,5.8,60.8,321,537
5/5/2009,Delhi,Delhi,Siri Fort,Residential and others,6,53.7,306,523
5/8/2009,Delhi,Delhi,Siri Fort,Residential and others,NA,NA,295,NA
13/5/2009,Delhi,Delhi,Siri Fort,Residential and others,5.7,55.7,287,593
18/5/2009,Delhi,Delhi,Siri Fort,Residential and others,5.8,53.8,367,672
21/5/2009,Delhi,Delhi,Siri Fort,Residential and others,5.7,53.2,304,520
26/5/2009,Delhi,Delhi,Siri Fort,Residential and others,5.5,53.3,238,507
6/1/2009,Delhi,Delhi,Siri Fort,Residential and others,5.8,60.3,396,709
6/4/2009,Delhi,Delhi,Siri Fort,Residential and others,5.5,62.8,400,825
6/9/2009,Delhi,Delhi,Siri Fort,Residential and others,5,56.8,285,563
6/12/2009,Delhi,Delhi,Siri Fort,Residential and others,5.2,55.7,426,960
17/6/2009,Delhi,Delhi,Siri Fort,Residential and others,5.7,60.5,NA,532
22/6/2009,Delhi,Delhi,Siri Fort,Residential and others,5.8,49.7,351,549
25/6/2009,Delhi,Delhi,Siri Fort,Residential and others,5.8,50.2,472,675
7/1/2009,Delhi,Delhi,Siri Fort,Residential and others,6.2,59.7,162,350
7/6/2009,Delhi,Delhi,Siri Fort,Residential and others,6.3,62.8,331,571
7/9/2009,Delhi,Delhi,Siri Fort,Residential and others,5.2,54.7,141,314
14/7/2009,Delhi,Delhi,Siri Fort,Residential and others,5.8,55.8,258,352
17/7/2009,Delhi,Delhi,Siri Fort,Residential and others,5.7,55.8,302,474
22/7/2009,Delhi,Delhi,Siri Fort,Residential and others,5.5,58.5,202,354
27/7/2009,Delhi,Delhi,Siri Fort,Residential and others,6.8,77.7,165,356
30/7/2009,Delhi,Delhi,Siri Fort,Residential and others,5.3,54,201,338
8/5/2009,Delhi,Delhi,Siri Fort,Residential and others,5.3,55,190,396
8/10/2009,Delhi,Delhi,Siri Fort,Residential and others,4.3,53.3,190,314
13/8/2009,Delhi,Delhi,Siri Fort,Residential and others,4.3,46,149,351
19/8/2009,Delhi,Delhi,Siri Fort,Residential and others,5.2,53.8,225,408
24/8/2009,Delhi,Delhi,Siri Fort,Residential and others,5,53.3,262,424
27/8/2009,Delhi,Delhi,Siri Fort,Residential and others,4.8,52.3,104,330
9/3/2009,Delhi,Delhi,Siri Fort,Residential and others,5.3,47.3,82,308
9/8/2009,Delhi,Delhi,Siri Fort,Residential and others,4.8,56.2,99,310
16/9/2009,Delhi,Delhi,Siri Fort,Residential and others,4.5,52.2,146,345
22/9/2009,Delhi,Delhi,Siri Fort,Residential and others,5,57.2,223,374
25/9/2009,Delhi,Delhi,Siri Fort,Residential and others,5,48.5,250,502
10/5/2009,Delhi,Delhi,Siri Fort,Residential and others,4.2,43.3,174,346
10/8/2009,Delhi,Delhi,Siri Fort,Residential and others,4.8,49.3,262,507
13/10/2009,Delhi,Delhi,Siri Fort,Residential and others,4.5,56.8,228,341
21/10/2009,Delhi,Delhi,Siri Fort,Residential and others,4.7,53,251,413
26/10/2009,Delhi,Delhi,Siri Fort,Residential and others,4.5,52.3,290,429
29/10/2009,Delhi,Delhi,Siri Fort,Residential and others,4.3,53.3,273,446
11/5/2009,Delhi,Delhi,Siri Fort,Residential and others,5.5,61,231,531
11/10/2009,Delhi,Delhi,Siri Fort,Residential and others,NA,NA,NA,NA
13/11/2009,Delhi,Delhi,Siri Fort,Residential and others,4.5,53,95,192
18/11/2009,Delhi,Delhi,Siri Fort,Residential and others,4,55.3,170,406
23/11/2009,Delhi,Delhi,Siri Fort,Residential and others,4.5,53.8,204,418
26/11/2009,Delhi,Delhi,Siri Fort,Residential and others,4.5,55,209,346
1/6/2009,Delhi,Delhi,Town Hall,Residential and others,16.8,73,259,481
1/7/2009,Delhi,Delhi,Town Hall,Residential and others,18.8,59.7,230,444
1/8/2009,Delhi,Delhi,Town Hall,Residential and others,18.5,64.2,247,458
13/1/2009,Delhi,Delhi,Town Hall,Residential and others,8.2,94.5,452,637
14/1/2009,Delhi,Delhi,Town Hall,Residential and others,11.3,74.2,326,490
15/1/2009,Delhi,Delhi,Town Hall,Residential and others,12.2,83.3,516,608
20/1/2009,Delhi,Delhi,Town Hall,Residential and others,7.5,62.5,223,344
21/1/2009,Delhi,Delhi,Town Hall,Residential and others,12.5,74.5,278,376
2/3/2009,Delhi,Delhi,Town Hall,Residential and others,10,107.3,466,686
2/4/2009,Delhi,Delhi,Town Hall,Residential and others,15,95.8,393,626
2/5/2009,Delhi,Delhi,Town Hall,Residential and others,25,94.7,397,544
2/10/2009,Delhi,Delhi,Town Hall,Residential and others,11.5,55.3,249,410
2/11/2009,Delhi,Delhi,Town Hall,Residential and others,11.5,41.8,176,297
17/2/2009,Delhi,Delhi,Town Hall,Residential and others,15.7,70.8,289,423
18/2/2009,Delhi,Delhi,Town Hall,Residential and others,7,42.7,236,322
19/2/2009,Delhi,Delhi,Town Hall,Residential and others,14,61.8,283,403
17/3/2009,Delhi,Delhi,Town Hall,Residential and others,24.5,70,359,564
18/3/2009,Delhi,Delhi,Town Hall,Residential and others,20.7,67.7,407,591
19/3/2009,Delhi,Delhi,Town Hall,Residential and others,21.5,70.3,377,580
20/3/2009,Delhi,Delhi,Town Hall,Residential and others,12,51.7,400,663
23/3/2009,Delhi,Delhi,Town Hall,Residential and others,20.2,58,347,475
24/3/2009,Delhi,Delhi,Town Hall,Residential and others,12.7,58.5,294,531
25/3/2009,Delhi,Delhi,Town Hall,Residential and others,6.5,57.7,269,414
26/3/2009,Delhi,Delhi,Town Hall,Residential and others,5.7,57.2,236,365
4/1/2009,Delhi,Delhi,Town Hall,Residential and others,5,49.3,298,506
4/2/2009,Delhi,Delhi,Town Hall,Residential and others,4.5,48.5,463,665
4/3/2009,Delhi,Delhi,Town Hall,Residential and others,7.7,44.2,333,488
14/4/2009,Delhi,Delhi,Town Hall,Residential and others,4,62.8,318,645
15/4/2009,Delhi,Delhi,Town Hall,Residential and others,4.5,50,493,870
16/4/2009,Delhi,Delhi,Town Hall,Residential and others,8.5,49.8,351,488
21/4/2009,Delhi,Delhi,Town Hall,Residential and others,4.7,48,354,626
22/4/2009,Delhi,Delhi,Town Hall,Residential and others,4.8,44.5,429,675
5/12/2009,Delhi,Delhi,Town Hall,Residential and others,5.2,56,255,537
13/5/2009,Delhi,Delhi,Town Hall,Residential and others,7.3,39.2,145,484
14/5/2009,Delhi,Delhi,Town Hall,Residential and others,7.2,36.8,228,592
19/5/2009,Delhi,Delhi,Town Hall,Residential and others,4.7,49.8,463,726
20/5/2009,Delhi,Delhi,Town Hall,Residential and others,5.2,47.7,382,811
21/5/2009,Delhi,Delhi,Town Hall,Residential and others,6.8,47,193,599
26/5/2009,Delhi,Delhi,Town Hall,Residential and others,4.5,64.7,311,552
27/5/2009,Delhi,Delhi,Town Hall,Residential and others,6.8,61.7,NA,783
6/2/2009,Delhi,Delhi,Town Hall,Residential and others,NA,23.2,603,1045
6/3/2009,Delhi,Delhi,Town Hall,Residential and others,NA,22.7,538,1031
6/4/2009,Delhi,Delhi,Town Hall,Residential and others,NA,22.5,586,1042
6/9/2009,Delhi,Delhi,Town Hall,Residential and others,NA,64.2,352,600
6/10/2009,Delhi,Delhi,Town Hall,Residential and others,NA,32.5,424,600
6/11/2009,Delhi,Delhi,Town Hall,Residential and others,NA,34.5,432,801
6/12/2009,Delhi,Delhi,Town Hall,Residential and others,NA,41.2,510,886
13/6/2009,Delhi,Delhi,Town Hall,Residential and others,2.7,34,446,783
7/7/2009,Delhi,Delhi,Town Hall,Residential and others,NA,40.8,188,407
7/8/2009,Delhi,Delhi,Town Hall,Residential and others,NA,25.5,156,312
7/9/2009,Delhi,Delhi,Town Hall,Residential and others,NA,30.2,65,192
21/7/2009,Delhi,Delhi,Town Hall,Residential and others,2.7,28.7,154,369
22/7/2009,Delhi,Delhi,Town Hall,Residential and others,NA,30.7,164,288
23/7/2009,Delhi,Delhi,Town Hall,Residential and others,NA,28.7,152,215
28/7/2009,Delhi,Delhi,Town Hall,Residential and others,2.5,43.2,113,256
29/7/2009,Delhi,Delhi,Town Hall,Residential and others,NA,47.7,94,271
8/4/2009,Delhi,Delhi,Town Hall,Residential and others,NA,28.5,167,324
8/5/2009,Delhi,Delhi,Town Hall,Residential and others,NA,20.7,164,339
8/6/2009,Delhi,Delhi,Town Hall,Residential and others,4,28.1,113,384
18/8/2009,Delhi,Delhi,Town Hall,Residential and others,NA,25.8,110,246
19/8/2009,Delhi,Delhi,Town Hall,Residential and others,NA,25.8,178,385
20/8/2009,Delhi,Delhi,Town Hall,Residential and others,NA,14.6,159,285
25/8/2009,Delhi,Delhi,Town Hall,Residential and others,3.3,45.5,91,164
26/8/2009,Delhi,Delhi,Town Hall,Residential and others,8.7,45.7,127,254
9/1/2009,Delhi,Delhi,Town Hall,Residential and others,5.5,76.3,271,477
9/2/2009,Delhi,Delhi,Town Hall,Residential and others,5.8,49,115,208
9/3/2009,Delhi,Delhi,Town Hall,Residential and others,3,43.8,77,135
9/8/2009,Delhi,Delhi,Town Hall,Residential and others,NA,37.5,141,198
9/9/2009,Delhi,Delhi,Town Hall,Residential and others,2.7,32,51,92
9/10/2009,Delhi,Delhi,Town Hall,Residential and others,NA,31.5,48,60
15/9/2009,Delhi,Delhi,Town Hall,Residential and others,3.2,44.3,249,517
16/9/2009,Delhi,Delhi,Town Hall,Residential and others,2.3,39.2,191,405
10/3/2009,Delhi,Delhi,Town Hall,Residential and others,3.5,32.2,160,292
10/4/2009,Delhi,Delhi,Town Hall,Residential and others,2.3,28.2,95,177
10/5/2009,Delhi,Delhi,Town Hall,Residential and others,3.8,27.2,83,173
10/8/2009,Delhi,Delhi,Town Hall,Residential and others,6,75.2,352,661
10/9/2009,Delhi,Delhi,Town Hall,Residential and others,8.8,78.3,334,637
20/10/2009,Delhi,Delhi,Town Hall,Residential and others,5.7,87.7,343,616
21/10/2009,Delhi,Delhi,Town Hall,Residential and others,10.5,94.5,348,696
22/10/2009,Delhi,Delhi,Town Hall,Residential and others,8.3,90.7,402,687
11/3/2009,Delhi,Delhi,Town Hall,Residential and others,12.7,93.8,438,684
11/4/2009,Delhi,Delhi,Town Hall,Residential and others,22,99.3,486,775
11/5/2009,Delhi,Delhi,Town Hall,Residential and others,23.3,96.2,571,866
11/10/2009,Delhi,Delhi,Town Hall,Residential and others,5.5,64.2,612,835
11/11/2009,Delhi,Delhi,Town Hall,Residential and others,12.8,86,573,789
11/12/2009,Delhi,Delhi,Town Hall,Residential and others,9.2,64.3,294,412
17/11/2009,Delhi,Delhi,Town Hall,Residential and others,15.8,83.8,441,733
18/11/2009,Delhi,Delhi,Town Hall,Residential and others,16.5,75.8,293,529
12/8/2009,Delhi,Delhi,Town Hall,Residential and others,12.3,96.2,466,817
12/9/2009,Delhi,Delhi,Town Hall,Residential and others,19,94.7,619,950
12/10/2009,Delhi,Delhi,Town Hall,Residential and others,10.5,102.5,513,812
23/12/2009,Delhi,Delhi,Town Hall,Residential and others,13.7,94,587,976
24/12/2009,Delhi,Delhi,Town Hall,Residential and others,15.7,80.7,474,659
25/12/2009,Delhi,Delhi,Town Hall,Residential and others,9.2,98.5,537,869
26/12/2009,Delhi,Delhi,Town Hall,Residential and others,16.8,97.3,586,821
27/12/2009,Delhi,Delhi,Town Hall,Residential and others,28.5,87.7,468,647
